timestamp,device_name,device_type,rated_power,power,hour,dow,is_legal_spike,is_anomaly,anomaly_type
2026-01-01T00:00:00,Кондиционер,Климат,3.5,0.8164281115524472,0,0,0,0,normal
2026-01-01T01:00:00,Кондиционер,Климат,3.5,0.5302452004383174,1,0,0,0,normal
2026-01-01T02:00:00,Кондиционер,Климат,3.5,0.9124517092778923,2,0,0,0,normal
2026-01-01T03:00:00,Кондиционер,Климат,3.5,0.9489658862621885,3,0,0,0,normal
2026-01-01T04:00:00,Кондиционер,Климат,3.5,0.5169879131653963,4,0,0,0,normal
2026-01-01T05:00:00,Кондиционер,Климат,3.5,0.823656129490874,5,0,0,0,normal
2026-01-01T06:00:00,Кондиционер,Климат,3.5,1.4654204161618534,6,0,0,0,normal
2026-01-01T07:00:00,Кондиционер,Климат,3.5,1.7216536090583088,7,0,0,0,normal
2026-01-01T08:00:00,Кондиционер,Климат,3.5,1.9826098303030915,8,0,0,0,normal
2026-01-01T09:00:00,Кондиционер,Климат,3.5,1.6223319191768961,9,0,0,0,normal
2026-01-01T10:00:00,Кондиционер,Климат,3.5,1.8089613684049846,10,0,0,0,normal
2026-01-01T11:00:00,Кондиционер,Климат,3.5,1.969705383291722,11,0,0,0,normal
2026-01-01T12:00:00,Кондиционер,Климат,3.5,2.3550086222868414,12,0,0,0,normal
2026-01-01T13:00:00,Кондиционер,Климат,3.5,3.1002033538388116,13,0,0,0,normal
2026-01-01T14:00:00,Кондиционер,Климат,3.5,3.305018872166813,14,0,0,0,normal
2026-01-01T15:00:00,Кондиционер,Климат,3.5,3.220799032810506,15,0,0,0,normal
2026-01-01T16:00:00,Кондиционер,Климат,3.5,3.484362987469072,16,0,0,0,normal
2026-01-01T17:00:00,Кондиционер,Климат,3.5,2.8425579388379654,17,0,0,0,normal
2026-01-01T18:00:00,Кондиционер,Климат,3.5,2.708305288525188,18,0,0,0,normal
2026-01-01T19:00:00,Кондиционер,Климат,3.5,1.9878492615739303,19,0,0,0,normal
2026-01-01T20:00:00,Кондиционер,Климат,3.5,1.6067612566592362,20,0,0,0,normal
2026-01-01T21:00:00,Кондиционер,Климат,3.5,1.1450874368641641,21,0,0,0,normal
2026-01-01T22:00:00,Кондиционер,Климат,3.5,1.3714221408256677,22,0,0,0,normal
2026-01-01T23:00:00,Кондиционер,Климат,3.5,0.9037393255125621,23,0,0,0,normal
2026-01-02T00:00:00,Кондиционер,Климат,3.5,0.6535986477120422,0,1,0,0,normal
2026-01-02T01:00:00,Кондиционер,Климат,3.5,0.6880135928635752,1,1,0,0,normal
2026-01-02T02:00:00,Кондиционер,Климат,3.5,0.8546234497210791,2,1,0,0,normal
2026-01-02T03:00:00,Кондиционер,Климат,3.5,0.8252075510594035,3,1,0,0,normal
2026-01-02T04:00:00,Кондиционер,Климат,3.5,1.033026394591929,4,1,0,0,normal
2026-01-02T05:00:00,Кондиционер,Климат,3.5,1.2089493570036114,5,1,0,0,normal
2026-01-02T06:00:00,Кондиционер,Климат,3.5,1.9312587420300997,6,1,0,0,normal
2026-01-02T07:00:00,Кондиционер,Климат,3.5,1.7273040691123391,7,1,0,0,normal
2026-01-02T08:00:00,Кондиционер,Климат,3.5,1.873098216183533,8,1,0,0,normal
2026-01-02T09:00:00,Кондиционер,Климат,3.5,1.642237042556537,9,1,0,0,normal
2026-01-02T10:00:00,Кондиционер,Климат,3.5,1.7726397945101022,10,1,0,0,normal
2026-01-02T11:00:00,Кондиционер,Климат,3.5,2.058497597064586,11,1,0,0,normal
2026-01-02T12:00:00,Кондиционер,Климат,3.5,2.3364686215034114,12,1,0,0,normal
2026-01-02T13:00:00,Кондиционер,Климат,3.5,2.698495402252448,13,1,0,0,normal
2026-01-02T14:00:00,Кондиционер,Климат,3.5,3.0636344477816086,14,1,0,0,normal
2026-01-02T15:00:00,Кондиционер,Климат,3.5,3.5411600720001366,15,1,0,0,normal
2026-01-02T16:00:00,Кондиционер,Климат,3.5,3.5763917650375148,16,1,0,0,normal
2026-01-02T17:00:00,Кондиционер,Климат,3.5,3.1762113287569225,17,1,0,0,normal
2026-01-02T18:00:00,Кондиционер,Климат,3.5,2.381229700145188,18,1,0,0,normal
2026-01-02T19:00:00,Кондиционер,Климат,3.5,2.046439396535568,19,1,0,0,normal
2026-01-02T20:00:00,Кондиционер,Климат,3.5,1.6685401757327223,20,1,0,0,normal
2026-01-02T21:00:00,Кондиционер,Климат,3.5,1.3352975623245795,21,1,0,0,normal
2026-01-02T22:00:00,Кондиционер,Климат,3.5,1.3179266650815904,22,1,0,0,normal
2026-01-02T23:00:00,Кондиционер,Климат,3.5,0.9840925117414012,23,1,0,0,normal
2026-01-03T00:00:00,Кондиционер,Климат,3.5,0.9024116529152366,0,2,0,0,normal
2026-01-03T01:00:00,Кондиционер,Климат,3.5,0.7536770796370045,1,2,0,0,normal
2026-01-03T02:00:00,Кондиционер,Климат,3.5,0.8132809076972796,2,2,0,0,normal
2026-01-03T03:00:00,Кондиционер,Климат,3.5,0.8928148373182704,3,2,0,0,normal
2026-01-03T04:00:00,Кондиционер,Климат,3.5,0.6212656759105114,4,2,0,0,normal
2026-01-03T05:00:00,Кондиционер,Климат,3.5,1.062582720898332,5,2,0,0,normal
2026-01-03T06:00:00,Кондиционер,Климат,3.5,1.3704430890912114,6,2,0,0,normal
2026-01-03T07:00:00,Кондиционер,Климат,3.5,1.7051453511157435,7,2,0,0,normal
2026-01-03T08:00:00,Кондиционер,Климат,3.5,1.9485559306195546,8,2,0,0,normal
2026-01-03T09:00:00,Кондиционер,Климат,3.5,2.1487582713671096,9,2,0,0,normal
2026-01-03T10:00:00,Кондиционер,Климат,3.5,1.4661832117777294,10,2,0,0,normal
2026-01-03T11:00:00,Кондиционер,Климат,3.5,2.0371179856798696,11,2,0,0,normal
2026-01-03T12:00:00,Кондиционер,Климат,3.5,2.022825757251936,12,2,0,0,normal
2026-01-03T13:00:00,Кондиционер,Климат,3.5,2.8044117590664706,13,2,0,0,normal
2026-01-03T14:00:00,Кондиционер,Климат,3.5,3.2709317620114864,14,2,0,0,normal
2026-01-03T15:00:00,Кондиционер,Климат,3.5,3.5553134965148008,15,2,0,0,normal
2026-01-03T16:00:00,Кондиционер,Климат,3.5,3.588669010596021,16,2,0,0,normal
2026-01-03T17:00:00,Кондиционер,Климат,3.5,3.257601414937375,17,2,0,0,normal
2026-01-03T18:00:00,Кондиционер,Климат,3.5,2.477081487732601,18,2,0,0,normal
2026-01-03T19:00:00,Кондиционер,Климат,3.5,1.9097016545119603,19,2,0,0,normal
2026-01-03T20:00:00,Кондиционер,Климат,3.5,1.8503753798361133,20,2,0,0,normal
2026-01-03T21:00:00,Кондиционер,Климат,3.5,1.26947487877203,21,2,0,0,normal
2026-01-03T22:00:00,Кондиционер,Климат,3.5,0.8504763655803065,22,2,0,0,normal
2026-01-03T23:00:00,Кондиционер,Климат,3.5,0.7106304847166154,23,2,0,0,normal
2026-01-04T00:00:00,Кондиционер,Климат,3.5,0.5710327301923007,0,3,0,0,normal
2026-01-04T01:00:00,Кондиционер,Климат,3.5,0.8662910863025793,1,3,0,0,normal
2026-01-04T02:00:00,Кондиционер,Климат,3.5,0.8033217595664381,2,3,0,0,normal
2026-01-04T03:00:00,Кондиционер,Климат,3.5,0.9150600565621714,3,3,0,0,normal
2026-01-04T04:00:00,Кондиционер,Климат,3.5,0.8531761684301881,4,3,0,0,normal
2026-01-04T05:00:00,Кондиционер,Климат,3.5,1.1729067804782485,5,3,0,0,normal
2026-01-04T06:00:00,Кондиционер,Климат,3.5,1.5910189235266747,6,3,0,0,normal
2026-01-04T07:00:00,Кондиционер,Климат,3.5,1.7590612812113695,7,3,0,0,normal
2026-01-04T08:00:00,Кондиционер,Климат,3.5,2.105296820458513,8,3,0,0,normal
2026-01-04T09:00:00,Кондиционер,Климат,3.5,1.6950165408313662,9,3,0,0,normal
2026-01-04T10:00:00,Кондиционер,Климат,3.5,1.581741419988617,10,3,0,0,normal
2026-01-04T11:00:00,Кондиционер,Климат,3.5,1.7443739010160155,11,3,0,0,normal
2026-01-04T12:00:00,Кондиционер,Климат,3.5,2.1125133429217042,12,3,0,0,normal
2026-01-04T13:00:00,Кондиционер,Климат,3.5,3.013568176998766,13,3,0,0,normal
2026-01-04T14:00:00,Кондиционер,Климат,3.5,3.2010424869750045,14,3,0,0,normal
2026-01-04T15:00:00,Кондиционер,Климат,3.5,3.478022808040653,15,3,0,0,normal
2026-01-04T16:00:00,Кондиционер,Климат,3.5,3.5569520187701307,16,3,0,0,normal
2026-01-04T17:00:00,Кондиционер,Климат,3.5,3.192292976012544,17,3,0,0,normal
2026-01-04T18:00:00,Кондиционер,Климат,3.5,2.6940000218763847,18,3,0,0,normal
2026-01-04T19:00:00,Кондиционер,Климат,3.5,1.9841453307468437,19,3,0,0,normal
2026-01-04T20:00:00,Кондиционер,Климат,3.5,1.5741154954390855,20,3,0,0,normal
2026-01-04T21:00:00,Кондиционер,Климат,3.5,1.280453081721328,21,3,0,0,normal
2026-01-04T22:00:00,Кондиционер,Климат,3.5,0.7641930764282165,22,3,0,0,normal
2026-01-04T23:00:00,Кондиционер,Климат,3.5,0.6210007901959484,23,3,0,0,normal
2026-01-05T00:00:00,Кондиционер,Климат,3.5,0.47693391042025984,0,4,0,0,normal
2026-01-05T01:00:00,Кондиционер,Климат,3.5,0.5565724083943768,1,4,0,0,normal
2026-01-05T02:00:00,Кондиционер,Климат,3.5,0.8602384635740992,2,4,0,0,normal
2026-01-05T03:00:00,Кондиционер,Климат,3.5,0.5793962182686091,3,4,0,0,normal
2026-01-05T04:00:00,Кондиционер,Климат,3.5,0.8552697599167463,4,4,0,0,normal
2026-01-05T05:00:00,Кондиционер,Климат,3.5,1.4197053449237902,5,4,0,0,normal
2026-01-05T06:00:00,Кондиционер,Климат,3.5,1.405439547249006,6,4,0,0,normal
2026-01-05T07:00:00,Кондиционер,Климат,3.5,2.016558486379342,7,4,0,0,normal
2026-01-05T08:00:00,Кондиционер,Климат,3.5,1.829465048542927,8,4,0,0,normal
2026-01-05T09:00:00,Кондиционер,Климат,3.5,1.7931245373247169,9,4,0,0,normal
2026-01-05T10:00:00,Кондиционер,Климат,3.5,1.463495612967574,10,4,0,0,normal
2026-01-05T11:00:00,Кондиционер,Климат,3.5,1.7830043439412364,11,4,0,0,normal
2026-01-05T12:00:00,Кондиционер,Климат,3.5,2.581349766216379,12,4,0,0,normal
2026-01-05T13:00:00,Кондиционер,Климат,3.5,2.5595528119806175,13,4,0,0,normal
2026-01-05T14:00:00,Кондиционер,Климат,3.5,3.405352029436945,14,4,0,0,normal
2026-01-05T15:00:00,Кондиционер,Климат,3.5,3.538443375798479,15,4,0,0,normal
2026-01-05T16:00:00,Кондиционер,Климат,3.5,3.3462173262953634,16,4,0,0,normal
2026-01-05T17:00:00,Кондиционер,Климат,3.5,2.812269675437073,17,4,0,0,normal
2026-01-05T18:00:00,Кондиционер,Климат,3.5,2.6125657401316373,18,4,0,0,normal
2026-01-05T19:00:00,Кондиционер,Климат,3.5,1.9418650979141223,19,4,0,0,normal
2026-01-05T20:00:00,Кондиционер,Климат,3.5,1.7135294345606806,20,4,0,0,normal
2026-01-05T21:00:00,Кондиционер,Климат,3.5,1.3103267785438317,21,4,0,0,normal
2026-01-05T22:00:00,Кондиционер,Климат,3.5,1.4972499498380587,22,4,0,0,normal
2026-01-05T23:00:00,Кондиционер,Климат,3.5,0.891754137860039,23,4,0,0,normal
2026-01-06T00:00:00,Кондиционер,Климат,3.5,0.6470018984423525,0,5,0,0,normal
2026-01-06T01:00:00,Кондиционер,Климат,3.5,0.9165382463439838,1,5,0,0,normal
2026-01-06T02:00:00,Кондиционер,Климат,3.5,0.9349247258213759,2,5,0,0,normal
2026-01-06T03:00:00,Кондиционер,Климат,3.5,1.1768097909513515,3,5,0,1,contextual
2026-01-06T04:00:00,Кондиционер,Климат,3.5,1.2656042217320846,4,5,0,1,contextual
2026-01-06T05:00:00,Кондиционер,Климат,3.5,1.3698001812744929,5,5,0,1,contextual
2026-01-06T06:00:00,Кондиционер,Климат,3.5,2.025800197775861,6,5,0,0,normal
2026-01-06T07:00:00,Кондиционер,Климат,3.5,1.8648570178952275,7,5,0,0,normal
2026-01-06T08:00:00,Кондиционер,Климат,3.5,2.2252044669241022,8,5,0,0,normal
2026-01-06T09:00:00,Кондиционер,Климат,3.5,1.9347390702410925,9,5,0,0,normal
2026-01-06T10:00:00,Кондиционер,Климат,3.5,1.8496619421216824,10,5,0,0,normal
2026-01-06T11:00:00,Кондиционер,Климат,3.5,1.829604550773616,11,5,0,0,normal
2026-01-06T12:00:00,Кондиционер,Климат,3.5,2.8950185174192082,12,5,0,0,normal
2026-01-06T13:00:00,Кондиционер,Климат,3.5,3.328659170071784,13,5,0,0,normal
2026-01-06T14:00:00,Кондиционер,Климат,3.5,3.4544956851725592,14,5,0,0,normal
2026-01-06T15:00:00,Кондиционер,Климат,3.5,3.7757223684870684,15,5,0,0,normal
2026-01-06T16:00:00,Кондиционер,Климат,3.5,4.061032327939534,16,5,0,0,normal
2026-01-06T17:00:00,Кондиционер,Климат,3.5,3.7544892750317307,17,5,0,0,normal
2026-01-06T18:00:00,Кондиционер,Климат,3.5,3.3927313527026177,18,5,0,0,normal
2026-01-06T19:00:00,Кондиционер,Климат,3.5,2.993472808094244,19,5,0,0,normal
2026-01-06T20:00:00,Кондиционер,Климат,3.5,2.018722118030809,20,5,0,0,normal
2026-01-06T21:00:00,Кондиционер,Климат,3.5,1.3101015486090717,21,5,0,0,normal
2026-01-06T22:00:00,Кондиционер,Климат,3.5,0.8438238827338462,22,5,0,0,normal
2026-01-06T23:00:00,Кондиционер,Климат,3.5,1.1617323798749628,23,5,0,0,normal
2026-01-07T00:00:00,Кондиционер,Климат,3.5,0.7366836424780199,0,6,0,0,normal
2026-01-07T01:00:00,Кондиционер,Климат,3.5,0.8382158276922824,1,6,0,0,normal
2026-01-07T02:00:00,Кондиционер,Климат,3.5,0.7976286208474436,2,6,0,0,normal
2026-01-07T03:00:00,Кондиционер,Климат,3.5,0.8869409369988001,3,6,0,0,normal
2026-01-07T04:00:00,Кондиционер,Климат,3.5,1.379906144481184,4,6,0,0,normal
2026-01-07T05:00:00,Кондиционер,Климат,3.5,1.4000800705879242,5,6,0,0,normal
2026-01-07T06:00:00,Кондиционер,Климат,3.5,1.7560114761050842,6,6,0,0,normal
2026-01-07T07:00:00,Кондиционер,Климат,3.5,1.9952824065228145,7,6,0,0,normal
2026-01-07T08:00:00,Кондиционер,Климат,3.5,2.073737973203427,8,6,0,0,normal
2026-01-07T09:00:00,Кондиционер,Климат,3.5,2.1284020643994985,9,6,0,1,point_outlier
2026-01-07T10:00:00,Кондиционер,Климат,3.5,2.0074496079012345,10,6,0,0,normal
2026-01-07T11:00:00,Кондиционер,Климат,3.5,2.6119802928735694,11,6,0,0,normal
2026-01-07T12:00:00,Кондиционер,Климат,3.5,2.9183180353350036,12,6,0,0,normal
2026-01-07T13:00:00,Кондиционер,Климат,3.5,3.7655324778112824,13,6,0,0,normal
2026-01-07T14:00:00,Кондиционер,Климат,3.5,3.8797690625931724,14,6,0,0,normal
2026-01-07T15:00:00,Кондиционер,Климат,3.5,3.9587862698686465,15,6,0,0,normal
2026-01-07T16:00:00,Кондиционер,Климат,3.5,4.004606938289761,16,6,0,0,normal
2026-01-07T17:00:00,Кондиционер,Климат,3.5,3.5970514021939994,17,6,0,0,normal
2026-01-07T18:00:00,Кондиционер,Климат,3.5,3.593612846105164,18,6,0,0,normal
2026-01-07T19:00:00,Кондиционер,Климат,3.5,2.2708983313680626,19,6,0,0,normal
2026-01-07T20:00:00,Кондиционер,Климат,3.5,2.213327154924394,20,6,0,0,normal
2026-01-07T21:00:00,Кондиционер,Климат,3.5,1.3856163354847848,21,6,0,0,normal
2026-01-07T22:00:00,Кондиционер,Климат,3.5,1.5632947163653752,22,6,0,0,normal
2026-01-07T23:00:00,Кондиционер,Климат,3.5,1.210800987352676,23,6,0,0,normal
2026-01-08T00:00:00,Кондиционер,Климат,3.5,0.7450627784566075,0,0,0,0,normal
2026-01-08T01:00:00,Кондиционер,Климат,3.5,0.7560695973934799,1,0,0,0,normal
2026-01-08T02:00:00,Кондиционер,Климат,3.5,0.6481739055321387,2,0,0,0,normal
2026-01-08T03:00:00,Кондиционер,Климат,3.5,0.8948789583329926,3,0,0,0,normal
2026-01-08T04:00:00,Кондиционер,Климат,3.5,0.8560822054946624,4,0,0,0,normal
2026-01-08T05:00:00,Кондиционер,Климат,3.5,0.8813898916898841,5,0,0,0,normal
2026-01-08T06:00:00,Кондиционер,Климат,3.5,1.2242048667892185,6,0,0,0,normal
2026-01-08T07:00:00,Кондиционер,Климат,3.5,1.9078793186692962,7,0,0,0,normal
2026-01-08T08:00:00,Кондиционер,Климат,3.5,2.4132521936299156,8,0,0,0,normal
2026-01-08T09:00:00,Кондиционер,Климат,3.5,1.911826379894618,9,0,0,0,normal
2026-01-08T10:00:00,Кондиционер,Климат,3.5,1.6870857953203824,10,0,0,0,normal
2026-01-08T11:00:00,Кондиционер,Климат,3.5,1.9353077213388872,11,0,0,0,normal
2026-01-08T12:00:00,Кондиционер,Климат,3.5,2.722300985291971,12,0,0,0,normal
2026-01-08T13:00:00,Кондиционер,Климат,3.5,3.022979305580421,13,0,0,0,normal
2026-01-08T14:00:00,Кондиционер,Климат,3.5,3.25780889059049,14,0,0,0,normal
2026-01-08T15:00:00,Кондиционер,Климат,3.5,3.7604912883547743,15,0,0,0,normal
2026-01-08T16:00:00,Кондиционер,Климат,3.5,3.616619543777529,16,0,0,0,normal
2026-01-08T17:00:00,Кондиционер,Климат,3.5,3.4937061677395027,17,0,0,0,normal
2026-01-08T18:00:00,Кондиционер,Климат,3.5,2.6418762753392584,18,0,0,0,normal
2026-01-08T19:00:00,Кондиционер,Климат,3.5,1.8008882347387092,19,0,0,0,normal
2026-01-08T20:00:00,Кондиционер,Климат,3.5,1.4039258437769702,20,0,0,0,normal
2026-01-08T21:00:00,Кондиционер,Климат,3.5,1.7001794912473696,21,0,0,0,normal
2026-01-08T22:00:00,Кондиционер,Климат,3.5,1.5433833230747032,22,0,0,0,normal
2026-01-08T23:00:00,Кондиционер,Климат,3.5,0.9422256832008014,23,0,0,0,normal
2026-01-09T00:00:00,Кондиционер,Климат,3.5,0.6957163163072007,0,1,0,0,normal
2026-01-09T01:00:00,Кондиционер,Климат,3.5,1.1084567113505572,1,1,0,0,normal
2026-01-09T02:00:00,Кондиционер,Климат,3.5,0.5344016343791601,2,1,0,0,normal
2026-01-09T03:00:00,Кондиционер,Климат,3.5,0.5878360545702663,3,1,0,0,normal
2026-01-09T04:00:00,Кондиционер,Климат,3.5,1.10202013045,4,1,0,0,normal
2026-01-09T05:00:00,Кондиционер,Климат,3.5,1.0804330188291085,5,1,0,0,normal
2026-01-09T06:00:00,Кондиционер,Климат,3.5,1.5189419314448385,6,1,0,0,normal
2026-01-09T07:00:00,Кондиционер,Климат,3.5,1.8442936345539866,7,1,0,0,normal
2026-01-09T08:00:00,Кондиционер,Климат,3.5,2.1523472202416287,8,1,0,0,normal
2026-01-09T09:00:00,Кондиционер,Климат,3.5,2.169359031877913,9,1,0,0,normal
2026-01-09T10:00:00,Кондиционер,Климат,3.5,1.6988386962732793,10,1,0,0,normal
2026-01-09T11:00:00,Кондиционер,Климат,3.5,2.0330971326366427,11,1,0,0,normal
2026-01-09T12:00:00,Кондиционер,Климат,3.5,1.9829613802233668,12,1,0,0,normal
2026-01-09T13:00:00,Кондиционер,Климат,3.5,2.974404509879895,13,1,0,0,normal
2026-01-09T14:00:00,Кондиционер,Климат,3.5,3.149890158932822,14,1,0,0,normal
2026-01-09T15:00:00,Кондиционер,Климат,3.5,3.2644625236708724,15,1,0,0,normal
2026-01-09T16:00:00,Кондиционер,Климат,3.5,3.360887439803858,16,1,0,0,normal
2026-01-09T17:00:00,Кондиционер,Климат,3.5,3.10205588477221,17,1,0,0,normal
2026-01-09T18:00:00,Кондиционер,Климат,3.5,2.8206669988130626,18,1,0,0,normal
2026-01-09T19:00:00,Кондиционер,Климат,3.5,1.7717674715798506,19,1,0,0,normal
2026-01-09T20:00:00,Кондиционер,Климат,3.5,1.7043031524098693,20,1,0,0,normal
2026-01-09T21:00:00,Кондиционер,Климат,3.5,1.2065173450590791,21,1,0,0,normal
2026-01-09T22:00:00,Кондиционер,Климат,3.5,1.082753387481901,22,1,0,0,normal
2026-01-09T23:00:00,Кондиционер,Климат,3.5,1.1983530872280315,23,1,0,0,normal
2026-01-10T00:00:00,Кондиционер,Климат,3.5,0.8875523058847641,0,2,0,0,normal
2026-01-10T01:00:00,Кондиционер,Климат,3.5,1.0730543073158048,1,2,0,0,normal
2026-01-10T02:00:00,Кондиционер,Климат,3.5,0.7396874479435996,2,2,0,0,normal
2026-01-10T03:00:00,Кондиционер,Климат,3.5,0.6226205211519379,3,2,0,0,normal
2026-01-10T04:00:00,Кондиционер,Климат,3.5,0.9206202402352285,4,2,0,0,normal
2026-01-10T05:00:00,Кондиционер,Климат,3.5,1.1843228182822332,5,2,0,0,normal
2026-01-10T06:00:00,Кондиционер,Климат,3.5,1.5650166003560353,6,2,0,0,normal
2026-01-10T07:00:00,Кондиционер,Климат,3.5,1.6558989126312904,7,2,0,0,normal
2026-01-10T08:00:00,Кондиционер,Климат,3.5,2.087553668179531,8,2,0,0,normal
2026-01-10T09:00:00,Кондиционер,Климат,3.5,1.9111993977166044,9,2,0,0,normal
2026-01-10T10:00:00,Кондиционер,Климат,3.5,2.2474310142292975,10,2,0,0,normal
2026-01-10T11:00:00,Кондиционер,Климат,3.5,2.31338889652025,11,2,0,0,normal
2026-01-10T12:00:00,Кондиционер,Климат,3.5,2.220826578668388,12,2,0,0,normal
2026-01-10T13:00:00,Кондиционер,Климат,3.5,2.921579227086997,13,2,0,0,normal
2026-01-10T14:00:00,Кондиционер,Климат,3.5,3.0210793969674037,14,2,0,0,normal
2026-01-10T15:00:00,Кондиционер,Климат,3.5,3.4178162290650227,15,2,0,0,normal
2026-01-10T16:00:00,Кондиционер,Климат,3.5,3.6021197530100966,16,2,0,0,normal
2026-01-10T17:00:00,Кондиционер,Климат,3.5,3.4426386562416122,17,2,0,0,normal
2026-01-10T18:00:00,Кондиционер,Климат,3.5,2.467634672645886,18,2,0,0,normal
2026-01-10T19:00:00,Кондиционер,Климат,3.5,1.946897604361655,19,2,0,0,normal
2026-01-10T20:00:00,Кондиционер,Климат,3.5,1.2295137762491681,20,2,0,0,normal
2026-01-10T21:00:00,Кондиционер,Климат,3.5,1.3057024129599715,21,2,0,0,normal
2026-01-10T22:00:00,Кондиционер,Климат,3.5,0.9044099657563079,22,2,0,0,normal
2026-01-10T23:00:00,Кондиционер,Климат,3.5,0.8663478328321097,23,2,0,0,normal
2026-01-11T00:00:00,Кондиционер,Климат,3.5,0.5857490479214009,0,3,0,0,normal
2026-01-11T01:00:00,Кондиционер,Климат,3.5,0.760320646982661,1,3,0,0,normal
2026-01-11T02:00:00,Кондиционер,Климат,3.5,0.39943933528018527,2,3,0,0,normal
2026-01-11T03:00:00,Кондиционер,Климат,3.5,0.4473481704910236,3,3,0,0,normal
2026-01-11T04:00:00,Кондиционер,Климат,3.5,1.4423799570893854,4,3,0,0,normal
2026-01-11T05:00:00,Кондиционер,Климат,3.5,0.8808466249443281,5,3,0,0,normal
2026-01-11T06:00:00,Кондиционер,Климат,3.5,1.2831509012280196,6,3,0,0,normal
2026-01-11T07:00:00,Кондиционер,Климат,3.5,2.2774053672378503,7,3,0,0,normal
2026-01-11T08:00:00,Кондиционер,Климат,3.5,2.7119825094177994,8,3,0,0,normal
2026-01-11T09:00:00,Кондиционер,Климат,3.5,1.638891646798874,9,3,0,0,normal
2026-01-11T10:00:00,Кондиционер,Климат,3.5,1.6048272269863324,10,3,0,0,normal
2026-01-11T11:00:00,Кондиционер,Климат,3.5,1.9534738797734947,11,3,0,0,normal
2026-01-11T12:00:00,Кондиционер,Климат,3.5,2.830911900034204,12,3,0,0,normal
2026-01-11T13:00:00,Кондиционер,Климат,3.5,2.7771053162086545,13,3,0,0,normal
2026-01-11T14:00:00,Кондиционер,Климат,3.5,3.3095794395108387,14,3,0,0,normal
2026-01-11T15:00:00,Кондиционер,Климат,3.5,3.7340220328717137,15,3,0,0,normal
2026-01-11T16:00:00,Кондиционер,Климат,3.5,3.643979712915783,16,3,0,0,normal
2026-01-11T17:00:00,Кондиционер,Климат,3.5,3.099808704675096,17,3,0,0,normal
2026-01-11T18:00:00,Кондиционер,Климат,3.5,2.623662496107619,18,3,0,0,normal
2026-01-11T19:00:00,Кондиционер,Климат,3.5,1.768175593013705,19,3,0,0,normal
2026-01-11T20:00:00,Кондиционер,Климат,3.5,1.6452286738277997,20,3,0,0,normal
2026-01-11T21:00:00,Кондиционер,Климат,3.5,1.2844240380988772,21,3,0,0,normal
2026-01-11T22:00:00,Кондиционер,Климат,3.5,1.210744162066028,22,3,0,0,normal
2026-01-11T23:00:00,Кондиционер,Климат,3.5,0.843238820637464,23,3,0,0,normal
2026-01-12T00:00:00,Кондиционер,Климат,3.5,0.8806105706294326,0,4,0,0,normal
2026-01-12T01:00:00,Кондиционер,Климат,3.5,1.0350383507849101,1,4,0,0,normal
2026-01-12T02:00:00,Кондиционер,Климат,3.5,0.8251946546013067,2,4,0,0,normal
2026-01-12T03:00:00,Кондиционер,Климат,3.5,0.8573680568254028,3,4,0,0,normal
2026-01-12T04:00:00,Кондиционер,Климат,3.5,0.9925855681206511,4,4,0,0,normal
2026-01-12T05:00:00,Кондиционер,Климат,3.5,1.1538720605660042,5,4,0,0,normal
2026-01-12T06:00:00,Кондиционер,Климат,3.5,1.3607411297544245,6,4,0,0,normal
2026-01-12T07:00:00,Кондиционер,Климат,3.5,1.9656883701441348,7,4,0,0,normal
2026-01-12T08:00:00,Кондиционер,Климат,3.5,2.038725208512248,8,4,0,0,normal
2026-01-12T09:00:00,Кондиционер,Климат,3.5,2.355226113417412,9,4,0,0,normal
2026-01-12T10:00:00,Кондиционер,Климат,3.5,2.0732305487596863,10,4,0,0,normal
2026-01-12T11:00:00,Кондиционер,Климат,3.5,1.9799299736051112,11,4,0,0,normal
2026-01-12T12:00:00,Кондиционер,Климат,3.5,2.2689741059896162,12,4,0,0,normal
2026-01-12T13:00:00,Кондиционер,Климат,3.5,2.7417723250312496,13,4,0,0,normal
2026-01-12T14:00:00,Кондиционер,Климат,3.5,3.618139658424568,14,4,0,0,normal
2026-01-12T15:00:00,Кондиционер,Климат,3.5,3.598771036604894,15,4,0,0,normal
2026-01-12T16:00:00,Кондиционер,Климат,3.5,3.645345507103601,16,4,0,0,normal
2026-01-12T17:00:00,Кондиционер,Климат,3.5,2.800903932336486,17,4,0,0,normal
2026-01-12T18:00:00,Кондиционер,Климат,3.5,2.810961032033367,18,4,0,0,normal
2026-01-12T19:00:00,Кондиционер,Климат,3.5,2.1826914151569343,19,4,0,0,normal
2026-01-12T20:00:00,Кондиционер,Климат,3.5,1.45717452750587,20,4,0,0,normal
2026-01-12T21:00:00,Кондиционер,Климат,3.5,1.238504297074773,21,4,0,0,normal
2026-01-12T22:00:00,Кондиционер,Климат,3.5,1.2010603485385096,22,4,0,0,normal
2026-01-12T23:00:00,Кондиционер,Климат,3.5,0.9965302923643319,23,4,0,0,normal
2026-01-13T00:00:00,Кондиционер,Климат,3.5,0.8461780350144653,0,5,0,0,normal
2026-01-13T01:00:00,Кондиционер,Климат,3.5,0.8847420404445954,1,5,0,0,normal
2026-01-13T02:00:00,Кондиционер,Климат,3.5,0.8260108233248309,2,5,0,0,normal
2026-01-13T03:00:00,Кондиционер,Климат,3.5,0.9397535079964217,3,5,0,0,normal
2026-01-13T04:00:00,Кондиционер,Климат,3.5,1.4372035909704446,4,5,0,0,normal
2026-01-13T05:00:00,Кондиционер,Климат,3.5,0.7372500595970559,5,5,0,0,normal
2026-01-13T06:00:00,Кондиционер,Климат,3.5,1.6897181047371082,6,5,0,0,normal
2026-01-13T07:00:00,Кондиционер,Климат,3.5,2.207238903012267,7,5,0,0,normal
2026-01-13T08:00:00,Кондиционер,Климат,3.5,2.446683714865128,8,5,0,0,normal
2026-01-13T09:00:00,Кондиционер,Климат,3.5,2.0842314229571786,9,5,0,0,normal
2026-01-13T10:00:00,Кондиционер,Климат,3.5,1.569003958481784,10,5,0,0,normal
2026-01-13T11:00:00,Кондиционер,Климат,3.5,2.251868138484518,11,5,0,0,normal
2026-01-13T12:00:00,Кондиционер,Климат,3.5,3.1909634964838642,12,5,0,0,normal
2026-01-13T13:00:00,Кондиционер,Климат,3.5,3.0627694405456896,13,5,0,0,normal
2026-01-13T14:00:00,Кондиционер,Климат,3.5,4.0398807860687045,14,5,0,0,normal
2026-01-13T15:00:00,Кондиционер,Климат,3.5,3.989715631495452,15,5,0,0,normal
2026-01-13T16:00:00,Кондиционер,Климат,3.5,4.031709122225787,16,5,0,0,normal
2026-01-13T17:00:00,Кондиционер,Климат,3.5,3.410224760502609,17,5,0,0,normal
2026-01-13T18:00:00,Кондиционер,Климат,3.5,2.9471210009239246,18,5,0,0,normal
2026-01-13T19:00:00,Кондиционер,Климат,3.5,2.649228852680085,19,5,0,0,normal
2026-01-13T20:00:00,Кондиционер,Климат,3.5,2.0838659612549297,20,5,0,0,normal
2026-01-13T21:00:00,Кондиционер,Климат,3.5,1.9016881216237596,21,5,0,0,normal
2026-01-13T22:00:00,Кондиционер,Климат,3.5,1.5708912818180363,22,5,0,0,normal
2026-01-13T23:00:00,Кондиционер,Климат,3.5,1.2197238785246751,23,5,0,0,normal
2026-01-14T00:00:00,Кондиционер,Климат,3.5,1.3114574617425196,0,6,0,0,normal
2026-01-14T01:00:00,Кондиционер,Климат,3.5,1.0345946616851518,1,6,0,0,normal
2026-01-14T02:00:00,Кондиционер,Климат,3.5,1.0956983047884032,2,6,0,0,normal
2026-01-14T03:00:00,Кондиционер,Климат,3.5,0.8871998558750215,3,6,0,0,normal
2026-01-14T04:00:00,Кондиционер,Климат,3.5,1.1739825015006353,4,6,0,0,normal
2026-01-14T05:00:00,Кондиционер,Климат,3.5,1.2176169623688202,5,6,0,0,normal
2026-01-14T06:00:00,Кондиционер,Климат,3.5,2.0369359048964797,6,6,0,0,normal
2026-01-14T07:00:00,Кондиционер,Климат,3.5,1.9790244061962334,7,6,0,0,normal
2026-01-14T08:00:00,Кондиционер,Климат,3.5,2.657534713742764,8,6,0,0,normal
2026-01-14T09:00:00,Кондиционер,Климат,3.5,2.2074034579943778,9,6,0,0,normal
2026-01-14T10:00:00,Кондиционер,Климат,3.5,2.288101763238078,10,6,0,0,normal
2026-01-14T11:00:00,Кондиционер,Климат,3.5,2.4124130788535325,11,6,0,0,normal
2026-01-14T12:00:00,Кондиционер,Климат,3.5,3.3065456318680444,12,6,0,0,normal
2026-01-14T13:00:00,Кондиционер,Климат,3.5,3.7397699750822833,13,6,0,0,normal
2026-01-14T14:00:00,Кондиционер,Климат,3.5,3.6682413885155682,14,6,0,0,normal
2026-01-14T15:00:00,Кондиционер,Климат,3.5,4.222979448852072,15,6,0,0,normal
2026-01-14T16:00:00,Кондиционер,Климат,3.5,3.972671852803592,16,6,0,0,normal
2026-01-14T17:00:00,Кондиционер,Климат,3.5,3.6817467857295156,17,6,0,0,normal
2026-01-14T18:00:00,Кондиционер,Климат,3.5,3.4582669292545822,18,6,0,0,normal
2026-01-14T19:00:00,Кондиционер,Климат,3.5,2.6340706395215507,19,6,0,0,normal
2026-01-14T20:00:00,Кондиционер,Климат,3.5,1.8606469924873659,20,6,0,0,normal
2026-01-14T21:00:00,Кондиционер,Климат,3.5,1.3812898140532757,21,6,0,0,normal
2026-01-14T22:00:00,Кондиционер,Климат,3.5,1.392489266542285,22,6,0,0,normal
2026-01-14T23:00:00,Кондиционер,Климат,3.5,0.8748196043438804,23,6,0,0,normal
2026-01-15T00:00:00,Кондиционер,Климат,3.5,0.6606008345519179,0,0,0,0,normal
2026-01-15T01:00:00,Кондиционер,Климат,3.5,0.8636261748101874,1,0,0,0,normal
2026-01-15T02:00:00,Кондиционер,Климат,3.5,1.0485371255244327,2,0,0,0,normal
2026-01-15T03:00:00,Кондиционер,Климат,3.5,0.9185043985376897,3,0,0,0,normal
2026-01-15T04:00:00,Кондиционер,Климат,3.5,0.4619176990763559,4,0,0,0,normal
2026-01-15T05:00:00,Кондиционер,Климат,3.5,1.214985425925556,5,0,0,0,normal
2026-01-15T06:00:00,Кондиционер,Климат,3.5,1.536078543764649,6,0,0,0,normal
2026-01-15T07:00:00,Кондиционер,Климат,3.5,1.9874591144515843,7,0,0,0,normal
2026-01-15T08:00:00,Кондиционер,Климат,3.5,2.4213705970228565,8,0,0,0,normal
2026-01-15T09:00:00,Кондиционер,Климат,3.5,1.4190724785510578,9,0,0,0,normal
2026-01-15T10:00:00,Кондиционер,Климат,3.5,1.5772515448891606,10,0,0,0,normal
2026-01-15T11:00:00,Кондиционер,Климат,3.5,2.020350413716925,11,0,0,0,normal
2026-01-15T12:00:00,Кондиционер,Климат,3.5,2.0891823534973244,12,0,0,0,normal
2026-01-15T13:00:00,Кондиционер,Климат,3.5,3.3092077434293965,13,0,0,0,normal
2026-01-15T14:00:00,Кондиционер,Климат,3.5,3.4208231848276243,14,0,0,0,normal
2026-01-15T15:00:00,Кондиционер,Климат,3.5,3.701203994022643,15,0,0,0,normal
2026-01-15T16:00:00,Кондиционер,Климат,3.5,3.3904760773636946,16,0,0,0,normal
2026-01-15T17:00:00,Кондиционер,Климат,3.5,3.3201949933983594,17,0,0,0,normal
2026-01-15T18:00:00,Кондиционер,Климат,3.5,2.8470049260943533,18,0,0,0,normal
2026-01-15T19:00:00,Кондиционер,Климат,3.5,2.1120132894238846,19,0,0,0,normal
2026-01-15T20:00:00,Кондиционер,Климат,3.5,1.74300460963886,20,0,0,0,normal
2026-01-15T21:00:00,Кондиционер,Климат,3.5,1.359102209342021,21,0,0,0,normal
2026-01-15T22:00:00,Кондиционер,Климат,3.5,0.9456830108759434,22,0,0,0,normal
2026-01-15T23:00:00,Кондиционер,Климат,3.5,0.9445124382694321,23,0,0,0,normal
2026-01-16T00:00:00,Кондиционер,Климат,3.5,0.7420906653297743,0,1,0,0,normal
2026-01-16T01:00:00,Кондиционер,Климат,3.5,0.870074030592426,1,1,0,0,normal
2026-01-16T02:00:00,Кондиционер,Климат,3.5,0.9866965425462828,2,1,0,0,normal
2026-01-16T03:00:00,Кондиционер,Климат,3.5,0.5653003933040869,3,1,0,0,normal
2026-01-16T04:00:00,Кондиционер,Климат,3.5,0.9355840269490434,4,1,0,0,normal
2026-01-16T05:00:00,Кондиционер,Климат,3.5,1.4741071147974412,5,1,0,0,normal
2026-01-16T06:00:00,Кондиционер,Климат,3.5,1.372883681885211,6,1,0,0,normal
2026-01-16T07:00:00,Кондиционер,Климат,3.5,1.7117960887976356,7,1,0,0,normal
2026-01-16T08:00:00,Кондиционер,Климат,3.5,2.099100001112454,8,1,0,0,normal
2026-01-16T09:00:00,Кондиционер,Климат,3.5,2.053948998107969,9,1,0,0,normal
2026-01-16T10:00:00,Кондиционер,Климат,3.5,1.6919024895796577,10,1,0,0,normal
2026-01-16T11:00:00,Кондиционер,Климат,3.5,2.1707957334374877,11,1,0,0,normal
2026-01-16T12:00:00,Кондиционер,Климат,3.5,2.6075241702910588,12,1,0,0,normal
2026-01-16T13:00:00,Кондиционер,Климат,3.5,3.1474662343256656,13,1,0,0,normal
2026-01-16T14:00:00,Кондиционер,Климат,3.5,3.46782968201243,14,1,0,0,normal
2026-01-16T15:00:00,Кондиционер,Климат,3.5,4.020646245008492,15,1,0,0,normal
2026-01-16T16:00:00,Кондиционер,Климат,3.5,3.49156204988259,16,1,0,0,normal
2026-01-16T17:00:00,Кондиционер,Климат,3.5,2.7108380361705935,17,1,0,0,normal
2026-01-16T18:00:00,Кондиционер,Климат,3.5,2.970052291108783,18,1,0,0,normal
2026-01-16T19:00:00,Кондиционер,Климат,3.5,1.95816600634412,19,1,0,0,normal
2026-01-16T20:00:00,Кондиционер,Климат,3.5,1.7236502909788871,20,1,0,0,normal
2026-01-16T21:00:00,Кондиционер,Климат,3.5,1.6042691653049448,21,1,0,0,normal
2026-01-16T22:00:00,Кондиционер,Климат,3.5,0.7849560173030813,22,1,0,0,normal
2026-01-16T23:00:00,Кондиционер,Климат,3.5,0.6930983358870262,23,1,0,0,normal
2026-01-17T00:00:00,Кондиционер,Климат,3.5,0.44028087473767397,0,2,0,0,normal
2026-01-17T01:00:00,Кондиционер,Климат,3.5,0.606486903391253,1,2,0,0,normal
2026-01-17T02:00:00,Кондиционер,Климат,3.5,0.8617876161335543,2,2,0,0,normal
2026-01-17T03:00:00,Кондиционер,Климат,3.5,0.879313017601071,3,2,0,0,normal
2026-01-17T04:00:00,Кондиционер,Климат,3.5,1.0061467882109536,4,2,0,0,normal
2026-01-17T05:00:00,Кондиционер,Климат,3.5,0.8158285444507493,5,2,0,0,normal
2026-01-17T06:00:00,Кондиционер,Климат,3.5,1.0029066843852499,6,2,0,0,normal
2026-01-17T07:00:00,Кондиционер,Климат,3.5,1.8920103147119847,7,2,0,0,normal
2026-01-17T08:00:00,Кондиционер,Климат,3.5,1.9468042551564884,8,2,0,0,normal
2026-01-17T09:00:00,Кондиционер,Климат,3.5,1.9444477192276917,9,2,0,0,normal
2026-01-17T10:00:00,Кондиционер,Климат,3.5,1.8368500592881751,10,2,0,0,normal
2026-01-17T11:00:00,Кондиционер,Климат,3.5,1.8955289708239633,11,2,0,0,normal
2026-01-17T12:00:00,Кондиционер,Климат,3.5,2.5985094722462714,12,2,0,0,normal
2026-01-17T13:00:00,Кондиционер,Климат,3.5,2.989937100607589,13,2,0,0,normal
2026-01-17T14:00:00,Кондиционер,Климат,3.5,3.428764323347163,14,2,0,0,normal
2026-01-17T15:00:00,Кондиционер,Климат,3.5,3.362467272196381,15,2,0,0,normal
2026-01-17T16:00:00,Кондиционер,Климат,3.5,3.4630699913403995,16,2,0,0,normal
2026-01-17T17:00:00,Кондиционер,Климат,3.5,3.182834436995678,17,2,0,0,normal
2026-01-17T18:00:00,Кондиционер,Климат,3.5,2.7694115251922,18,2,0,0,normal
2026-01-17T19:00:00,Кондиционер,Климат,3.5,1.9632650334937767,19,2,0,0,normal
2026-01-17T20:00:00,Кондиционер,Климат,3.5,1.8040418124168889,20,2,0,1,stuck
2026-01-17T21:00:00,Кондиционер,Климат,3.5,1.2538034956353248,21,2,0,1,stuck
2026-01-17T22:00:00,Кондиционер,Климат,3.5,1.1221172217999882,22,2,0,1,stuck
2026-01-17T23:00:00,Кондиционер,Климат,3.5,1.1233116834437096,23,2,0,1,stuck
2026-01-18T00:00:00,Кондиционер,Климат,3.5,0.34634102015843476,0,3,0,1,stuck
2026-01-18T01:00:00,Кондиционер,Климат,3.5,0.4960447263642827,1,3,0,1,stuck
2026-01-18T02:00:00,Кондиционер,Климат,3.5,0.44738597734728036,2,3,0,1,stuck
2026-01-18T03:00:00,Кондиционер,Климат,3.5,0.26854891237263934,3,3,0,1,stuck
2026-01-18T04:00:00,Кондиционер,Климат,3.5,0.8025830875873324,4,3,0,1,stuck
2026-01-18T05:00:00,Кондиционер,Климат,3.5,1.2885392338081196,5,3,0,1,stuck
2026-01-18T06:00:00,Кондиционер,Климат,3.5,1.432915174495256,6,3,0,1,stuck
2026-01-18T07:00:00,Кондиционер,Климат,3.5,1.8911882005480312,7,3,0,1,stuck
2026-01-18T08:00:00,Кондиционер,Климат,3.5,2.27965581705449,8,3,0,1,stuck
2026-01-18T09:00:00,Кондиционер,Климат,3.5,2.134951638278482,9,3,0,1,stuck
2026-01-18T10:00:00,Кондиционер,Климат,3.5,1.6701684669691281,10,3,0,1,stuck
2026-01-18T11:00:00,Кондиционер,Климат,3.5,2.139327182818718,11,3,0,1,stuck
2026-01-18T12:00:00,Кондиционер,Климат,3.5,2.4136444481376462,12,3,0,1,stuck
2026-01-18T13:00:00,Кондиционер,Климат,3.5,2.7528157521471512,13,3,0,1,stuck
2026-01-18T14:00:00,Кондиционер,Климат,3.5,3.1860324179640926,14,3,0,1,stuck
2026-01-18T15:00:00,Кондиционер,Климат,3.5,3.163636699962217,15,3,0,1,stuck
2026-01-18T16:00:00,Кондиционер,Климат,3.5,3.285630420863603,16,3,0,1,stuck
2026-01-18T17:00:00,Кондиционер,Климат,3.5,3.0461715919042667,17,3,0,1,stuck
2026-01-18T18:00:00,Кондиционер,Климат,3.5,2.7289448592736756,18,3,0,0,normal
2026-01-18T19:00:00,Кондиционер,Климат,3.5,2.4070877359478877,19,3,0,0,normal
2026-01-18T20:00:00,Кондиционер,Климат,3.5,1.3956711064755363,20,3,0,0,normal
2026-01-18T21:00:00,Кондиционер,Климат,3.5,1.3995794473037828,21,3,0,0,normal
2026-01-18T22:00:00,Кондиционер,Климат,3.5,0.9084224229995767,22,3,0,0,normal
2026-01-18T23:00:00,Кондиционер,Климат,3.5,1.0605889501357646,23,3,0,0,normal
2026-01-19T00:00:00,Кондиционер,Климат,3.5,0.7528550072723562,0,4,0,0,normal
2026-01-19T01:00:00,Кондиционер,Климат,3.5,0.35557584763510974,1,4,0,0,normal
2026-01-19T02:00:00,Кондиционер,Климат,3.5,0.9548685049292924,2,4,0,0,normal
2026-01-19T03:00:00,Кондиционер,Климат,3.5,0.6429184460314512,3,4,0,0,normal
2026-01-19T04:00:00,Кондиционер,Климат,3.5,0.8285692955317664,4,4,0,0,normal
2026-01-19T05:00:00,Кондиционер,Климат,3.5,0.9134409505365507,5,4,0,0,normal
2026-01-19T06:00:00,Кондиционер,Климат,3.5,1.3459322026770697,6,4,0,0,normal
2026-01-19T07:00:00,Кондиционер,Климат,3.5,1.9221741674372774,7,4,0,0,normal
2026-01-19T08:00:00,Кондиционер,Климат,3.5,1.9752115714718534,8,4,0,0,normal
2026-01-19T09:00:00,Кондиционер,Климат,3.5,1.8914867475585926,9,4,0,0,normal
2026-01-19T10:00:00,Кондиционер,Климат,3.5,1.7443345149662348,10,4,0,0,normal
2026-01-19T11:00:00,Кондиционер,Климат,3.5,2.130747748199374,11,4,0,0,normal
2026-01-19T12:00:00,Кондиционер,Климат,3.5,2.308125173041061,12,4,0,0,normal
2026-01-19T13:00:00,Кондиционер,Климат,3.5,2.617339558610022,13,4,0,0,normal
2026-01-19T14:00:00,Кондиционер,Климат,3.5,3.525090175321672,14,4,0,0,normal
2026-01-19T15:00:00,Кондиционер,Климат,3.5,3.3884182421141005,15,4,0,0,normal
2026-01-19T16:00:00,Кондиционер,Климат,3.5,3.6788389326567996,16,4,0,0,normal
2026-01-19T17:00:00,Кондиционер,Климат,3.5,3.1899312997494174,17,4,0,0,normal
2026-01-19T18:00:00,Кондиционер,Климат,3.5,2.539704560396529,18,4,0,0,normal
2026-01-19T19:00:00,Кондиционер,Климат,3.5,2.1018857747806314,19,4,0,0,normal
2026-01-19T20:00:00,Кондиционер,Климат,3.5,2.0943897424049864,20,4,0,0,normal
2026-01-19T21:00:00,Кондиционер,Климат,3.5,1.7405331025254758,21,4,0,0,normal
2026-01-19T22:00:00,Кондиционер,Климат,3.5,1.1617511643139955,22,4,0,0,normal
2026-01-19T23:00:00,Кондиционер,Климат,3.5,0.9714640852257139,23,4,0,0,normal
2026-01-20T00:00:00,Кондиционер,Климат,3.5,1.1139354874721534,0,5,0,0,normal
2026-01-20T01:00:00,Кондиционер,Климат,3.5,0.6758008543787792,1,5,0,0,normal
2026-01-20T02:00:00,Кондиционер,Климат,3.5,0.9365632410258711,2,5,0,0,normal
2026-01-20T03:00:00,Кондиционер,Климат,3.5,0.8842661040402171,3,5,0,0,normal
2026-01-20T04:00:00,Кондиционер,Климат,3.5,1.1445604974788268,4,5,0,0,normal
2026-01-20T05:00:00,Кондиционер,Климат,3.5,1.114965773685184,5,5,0,0,normal
2026-01-20T06:00:00,Кондиционер,Климат,3.5,1.3575316905502552,6,5,0,0,normal
2026-01-20T07:00:00,Кондиционер,Климат,3.5,1.6611573827140305,7,5,0,0,normal
2026-01-20T08:00:00,Кондиционер,Климат,3.5,2.086209467743792,8,5,0,0,normal
2026-01-20T09:00:00,Кондиционер,Климат,3.5,2.005085486748615,9,5,0,0,normal
2026-01-20T10:00:00,Кондиционер,Климат,3.5,1.8188510332868713,10,5,0,0,normal
2026-01-20T11:00:00,Кондиционер,Климат,3.5,2.5117116113589377,11,5,0,0,normal
2026-01-20T12:00:00,Кондиционер,Климат,3.5,2.9627441962826446,12,5,0,0,normal
2026-01-20T13:00:00,Кондиционер,Климат,3.5,3.1332156763605914,13,5,0,0,normal
2026-01-20T14:00:00,Кондиционер,Климат,3.5,3.8032798768677165,14,5,0,0,normal
2026-01-20T15:00:00,Кондиционер,Климат,3.5,3.854446083562159,15,5,0,0,normal
2026-01-20T16:00:00,Кондиционер,Климат,3.5,3.881147465860461,16,5,0,0,normal
2026-01-20T17:00:00,Кондиционер,Климат,3.5,3.572722648160456,17,5,0,0,normal
2026-01-20T18:00:00,Кондиционер,Климат,3.5,3.0393000325382658,18,5,0,0,normal
2026-01-20T19:00:00,Кондиционер,Климат,3.5,2.2263200273796135,19,5,0,0,normal
2026-01-20T20:00:00,Кондиционер,Климат,3.5,2.1149109837727424,20,5,0,0,normal
2026-01-20T21:00:00,Кондиционер,Климат,3.5,1.2484907190453414,21,5,0,0,normal
2026-01-20T22:00:00,Кондиционер,Климат,3.5,1.289126369189911,22,5,0,0,normal
2026-01-20T23:00:00,Кондиционер,Климат,3.5,1.6279132789860895,23,5,0,0,normal
2026-01-21T00:00:00,Кондиционер,Климат,3.5,0.9487668314901708,0,6,0,0,normal
2026-01-21T01:00:00,Кондиционер,Климат,3.5,1.2122931507132255,1,6,0,0,normal
2026-01-21T02:00:00,Кондиционер,Климат,3.5,0.9158582457793452,2,6,0,0,normal
2026-01-21T03:00:00,Кондиционер,Климат,3.5,1.0166580984970033,3,6,0,0,normal
2026-01-21T04:00:00,Кондиционер,Климат,3.5,1.0958020250164826,4,6,0,0,normal
2026-01-21T05:00:00,Кондиционер,Климат,3.5,1.2876488817542122,5,6,0,0,normal
2026-01-21T06:00:00,Кондиционер,Климат,3.5,1.5785011847262271,6,6,0,0,normal
2026-01-21T07:00:00,Кондиционер,Климат,3.5,2.275723020668676,7,6,0,0,normal
2026-01-21T08:00:00,Кондиционер,Климат,3.5,2.2208000321869648,8,6,0,0,normal
2026-01-21T09:00:00,Кондиционер,Климат,3.5,2.3068563608394497,9,6,0,0,normal
2026-01-21T10:00:00,Кондиционер,Климат,3.5,2.1989788566082185,10,6,0,0,normal
2026-01-21T11:00:00,Кондиционер,Климат,3.5,2.255772607158355,11,6,0,0,normal
2026-01-21T12:00:00,Кондиционер,Климат,3.5,2.7604876989319926,12,6,0,0,normal
2026-01-21T13:00:00,Кондиционер,Климат,3.5,3.5520819684837464,13,6,0,0,normal
2026-01-21T14:00:00,Кондиционер,Климат,3.5,3.7997506710300666,14,6,0,0,normal
2026-01-21T15:00:00,Кондиционер,Климат,3.5,4.277956880059071,15,6,0,0,normal
2026-01-21T16:00:00,Кондиционер,Климат,3.5,3.7015061583369318,16,6,0,0,normal
2026-01-21T17:00:00,Кондиционер,Климат,3.5,3.6034118005778,17,6,0,0,normal
2026-01-21T18:00:00,Кондиционер,Климат,3.5,2.580297813065351,18,6,0,0,normal
2026-01-21T19:00:00,Кондиционер,Климат,3.5,2.0734384991952686,19,6,0,0,normal
2026-01-21T20:00:00,Кондиционер,Климат,3.5,2.2638230735611637,20,6,0,0,normal
2026-01-21T21:00:00,Кондиционер,Климат,3.5,1.7254274252701256,21,6,0,0,normal
2026-01-21T22:00:00,Кондиционер,Климат,3.5,1.177023903728676,22,6,0,0,normal
2026-01-21T23:00:00,Кондиционер,Климат,3.5,0.7856436113031501,23,6,0,0,normal
2026-01-22T00:00:00,Кондиционер,Климат,3.5,0.12755099480143126,0,0,0,0,normal
2026-01-22T01:00:00,Кондиционер,Климат,3.5,0.6258394405876252,1,0,0,0,normal
2026-01-22T02:00:00,Кондиционер,Климат,3.5,1.246811875736457,2,0,0,0,normal
2026-01-22T03:00:00,Кондиционер,Климат,3.5,0.8587557479107547,3,0,0,0,normal
2026-01-22T04:00:00,Кондиционер,Климат,3.5,0.8049144468108973,4,0,0,0,normal
2026-01-22T05:00:00,Кондиционер,Климат,3.5,1.2036511548426532,5,0,0,0,normal
2026-01-22T06:00:00,Кондиционер,Климат,3.5,1.11780722781145,6,0,0,0,normal
2026-01-22T07:00:00,Кондиционер,Климат,3.5,1.7376981240804523,7,0,0,0,normal
2026-01-22T08:00:00,Кондиционер,Климат,3.5,2.010050592096403,8,0,0,0,normal
2026-01-22T09:00:00,Кондиционер,Климат,3.5,1.7882612404438005,9,0,0,0,normal
2026-01-22T10:00:00,Кондиционер,Климат,3.5,1.8081259773288423,10,0,0,0,normal
2026-01-22T11:00:00,Кондиционер,Климат,3.5,1.890244130399385,11,0,0,0,normal
2026-01-22T12:00:00,Кондиционер,Климат,3.5,2.4853946746844247,12,0,0,0,normal
2026-01-22T13:00:00,Кондиционер,Климат,3.5,2.7255162358828136,13,0,0,0,normal
2026-01-22T14:00:00,Кондиционер,Климат,3.5,3.425573960154717,14,0,0,0,normal
2026-01-22T15:00:00,Кондиционер,Климат,3.5,3.728470840442997,15,0,0,0,normal
2026-01-22T16:00:00,Кондиционер,Климат,3.5,3.1886825939508583,16,0,0,0,normal
2026-01-22T17:00:00,Кондиционер,Климат,3.5,2.8652319502114736,17,0,0,0,normal
2026-01-22T18:00:00,Кондиционер,Климат,3.5,2.807367370389198,18,0,0,0,normal
2026-01-22T19:00:00,Кондиционер,Климат,3.5,1.9298126984505775,19,0,0,0,normal
2026-01-22T20:00:00,Кондиционер,Климат,3.5,1.9253170664247699,20,0,0,0,normal
2026-01-22T21:00:00,Кондиционер,Климат,3.5,1.2006904911540488,21,0,0,0,normal
2026-01-22T22:00:00,Кондиционер,Климат,3.5,1.416179358574855,22,0,0,0,normal
2026-01-22T23:00:00,Кондиционер,Климат,3.5,0.9580356966303747,23,0,0,0,normal
2026-01-23T00:00:00,Кондиционер,Климат,3.5,0.804734719053974,0,1,0,0,normal
2026-01-23T01:00:00,Кондиционер,Климат,3.5,1.0780364162820382,1,1,0,0,normal
2026-01-23T02:00:00,Кондиционер,Климат,3.5,0.6787817690554316,2,1,0,0,normal
2026-01-23T03:00:00,Кондиционер,Климат,3.5,0.5512008313091981,3,1,0,0,normal
2026-01-23T04:00:00,Кондиционер,Климат,3.5,0.8321884314965329,4,1,0,0,normal
2026-01-23T05:00:00,Кондиционер,Климат,3.5,1.1980386134001848,5,1,0,0,normal
2026-01-23T06:00:00,Кондиционер,Климат,3.5,1.1161941546872427,6,1,0,0,normal
2026-01-23T07:00:00,Кондиционер,Климат,3.5,1.9417306390911162,7,1,0,0,normal
2026-01-23T08:00:00,Кондиционер,Климат,3.5,1.892927364749642,8,1,0,0,normal
2026-01-23T09:00:00,Кондиционер,Климат,3.5,2.02474346801944,9,1,0,0,normal
2026-01-23T10:00:00,Кондиционер,Климат,3.5,1.1259369782980928,10,1,0,0,normal
2026-01-23T11:00:00,Кондиционер,Климат,3.5,1.62745617480037,11,1,0,0,normal
2026-01-23T12:00:00,Кондиционер,Климат,3.5,1.9763279608819933,12,1,0,0,normal
2026-01-23T13:00:00,Кондиционер,Климат,3.5,2.6757882761312892,13,1,0,0,normal
2026-01-23T14:00:00,Кондиционер,Климат,3.5,3.2572558052112006,14,1,0,0,normal
2026-01-23T15:00:00,Кондиционер,Климат,3.5,3.3457047848404473,15,1,0,0,normal
2026-01-23T16:00:00,Кондиционер,Климат,3.5,3.319360655207165,16,1,0,0,normal
2026-01-23T17:00:00,Кондиционер,Климат,3.5,2.9980837875841915,17,1,0,0,normal
2026-01-23T18:00:00,Кондиционер,Климат,3.5,2.514501909480269,18,1,0,0,normal
2026-01-23T19:00:00,Кондиционер,Климат,3.5,1.7752281716849496,19,1,0,0,normal
2026-01-23T20:00:00,Кондиционер,Климат,3.5,1.772792580959729,20,1,0,0,normal
2026-01-23T21:00:00,Кондиционер,Климат,3.5,1.4209989193211487,21,1,0,0,normal
2026-01-23T22:00:00,Кондиционер,Климат,3.5,1.1650886606132418,22,1,0,0,normal
2026-01-23T23:00:00,Кондиционер,Климат,3.5,1.0301062115459636,23,1,0,0,normal
2026-01-24T00:00:00,Кондиционер,Климат,3.5,0.8107483127067978,0,2,0,0,normal
2026-01-24T01:00:00,Кондиционер,Климат,3.5,1.1725726607134388,1,2,0,0,normal
2026-01-24T02:00:00,Кондиционер,Климат,3.5,0.7314435173822947,2,2,0,0,normal
2026-01-24T03:00:00,Кондиционер,Климат,3.5,0.6932193165005897,3,2,0,0,normal
2026-01-24T04:00:00,Кондиционер,Климат,3.5,0.7455137518856297,4,2,0,0,normal
2026-01-24T05:00:00,Кондиционер,Климат,3.5,0.8884210205113746,5,2,0,0,normal
2026-01-24T06:00:00,Кондиционер,Климат,3.5,1.182353049333138,6,2,0,0,normal
2026-01-24T07:00:00,Кондиционер,Климат,3.5,1.6021860290247727,7,2,0,0,normal
2026-01-24T08:00:00,Кондиционер,Климат,3.5,1.9338616754172422,8,2,0,0,normal
2026-01-24T09:00:00,Кондиционер,Климат,3.5,1.8635243521859908,9,2,0,0,normal
2026-01-24T10:00:00,Кондиционер,Климат,3.5,1.6010712694433507,10,2,0,0,normal
2026-01-24T11:00:00,Кондиционер,Климат,3.5,1.6344962736905055,11,2,0,0,normal
2026-01-24T12:00:00,Кондиционер,Климат,3.5,2.4813509925728034,12,2,0,0,normal
2026-01-24T13:00:00,Кондиционер,Климат,3.5,2.983576444394506,13,2,0,0,normal
2026-01-24T14:00:00,Кондиционер,Климат,3.5,3.140956668947895,14,2,0,0,normal
2026-01-24T15:00:00,Кондиционер,Климат,3.5,3.223675163042542,15,2,0,0,normal
2026-01-24T16:00:00,Кондиционер,Климат,3.5,3.4595694115040665,16,2,0,0,normal
2026-01-24T17:00:00,Кондиционер,Климат,3.5,3.0314004126005423,17,2,0,0,normal
2026-01-24T18:00:00,Кондиционер,Климат,3.5,2.1714741385198524,18,2,0,0,normal
2026-01-24T19:00:00,Кондиционер,Климат,3.5,1.955454834065516,19,2,0,0,normal
2026-01-24T20:00:00,Кондиционер,Климат,3.5,1.6695372975268572,20,2,0,0,normal
2026-01-24T21:00:00,Кондиционер,Климат,3.5,1.0717189924475887,21,2,0,0,normal
2026-01-24T22:00:00,Кондиционер,Климат,3.5,1.126153203446232,22,2,0,0,normal
2026-01-24T23:00:00,Кондиционер,Климат,3.5,0.5976187648986858,23,2,0,0,normal
2026-01-25T00:00:00,Кондиционер,Климат,3.5,1.02357268248368,0,3,0,0,normal
2026-01-25T01:00:00,Кондиционер,Климат,3.5,0.9836993749238776,1,3,0,1,drift
2026-01-25T02:00:00,Кондиционер,Климат,3.5,0.6966582854606115,2,3,0,1,drift
2026-01-25T03:00:00,Кондиционер,Климат,3.5,0.8181771936948874,3,3,0,1,drift
2026-01-25T04:00:00,Кондиционер,Климат,3.5,0.43761288852065044,4,3,0,1,drift
2026-01-25T05:00:00,Кондиционер,Климат,3.5,0.8360406012455138,5,3,0,1,drift
2026-01-25T06:00:00,Кондиционер,Климат,3.5,1.3702880198712142,6,3,0,1,drift
2026-01-25T07:00:00,Кондиционер,Климат,3.5,1.5728761575988277,7,3,0,1,drift
2026-01-25T08:00:00,Кондиционер,Климат,3.5,2.10955870585513,8,3,0,1,drift
2026-01-25T09:00:00,Кондиционер,Климат,3.5,2.1835017831129098,9,3,0,1,drift
2026-01-25T10:00:00,Кондиционер,Климат,3.5,1.3616924514880326,10,3,0,1,drift
2026-01-25T11:00:00,Кондиционер,Климат,3.5,1.6019759797848816,11,3,0,1,drift
2026-01-25T12:00:00,Кондиционер,Климат,3.5,2.3441385032139053,12,3,0,1,drift
2026-01-25T13:00:00,Кондиционер,Климат,3.5,3.1361293059039865,13,3,0,1,drift
2026-01-25T14:00:00,Кондиционер,Климат,3.5,2.899765442261021,14,3,0,1,drift
2026-01-25T15:00:00,Кондиционер,Климат,3.5,3.3609289175435517,15,3,0,1,drift
2026-01-25T16:00:00,Кондиционер,Климат,3.5,3.702258248502839,16,3,0,1,drift
2026-01-25T17:00:00,Кондиционер,Климат,3.5,2.6415162807108636,17,3,0,1,drift
2026-01-25T18:00:00,Кондиционер,Климат,3.5,2.1939266919172415,18,3,0,1,drift
2026-01-25T19:00:00,Кондиционер,Климат,3.5,1.8401992994427159,19,3,0,1,drift
2026-01-25T20:00:00,Кондиционер,Климат,3.5,1.5009159439732334,20,3,0,1,drift
2026-01-25T21:00:00,Кондиционер,Климат,3.5,1.4254789362661546,21,3,0,1,drift
2026-01-25T22:00:00,Кондиционер,Климат,3.5,1.124386178124378,22,3,0,1,drift
2026-01-25T23:00:00,Кондиционер,Климат,3.5,0.5401226255178655,23,3,0,1,drift
2026-01-26T00:00:00,Кондиционер,Климат,3.5,0.8286813223652953,0,4,0,1,drift
2026-01-26T01:00:00,Кондиционер,Климат,3.5,0.6076236176406203,1,4,0,1,drift
2026-01-26T02:00:00,Кондиционер,Климат,3.5,0.9942393849793468,2,4,0,1,drift
2026-01-26T03:00:00,Кондиционер,Климат,3.5,0.6190978132317233,3,4,0,1,drift
2026-01-26T04:00:00,Кондиционер,Климат,3.5,0.7705194292479631,4,4,0,1,drift
2026-01-26T05:00:00,Кондиционер,Климат,3.5,1.1973326537275533,5,4,0,1,drift
2026-01-26T06:00:00,Кондиционер,Климат,3.5,1.5745294459122106,6,4,0,1,drift
2026-01-26T07:00:00,Кондиционер,Климат,3.5,1.8602589650544432,7,4,0,1,drift
2026-01-26T08:00:00,Кондиционер,Климат,3.5,1.5881584012046575,8,4,0,1,drift
2026-01-26T09:00:00,Кондиционер,Климат,3.5,1.8838838256589125,9,4,0,1,drift
2026-01-26T10:00:00,Кондиционер,Климат,3.5,1.37446152778293,10,4,0,1,drift
2026-01-26T11:00:00,Кондиционер,Климат,3.5,1.7966028733978567,11,4,0,1,stuck
2026-01-26T12:00:00,Кондиционер,Климат,3.5,1.9709715146638083,12,4,0,1,stuck
2026-01-26T13:00:00,Кондиционер,Климат,3.5,2.87742898372402,13,4,0,1,stuck
2026-01-26T14:00:00,Кондиционер,Климат,3.5,2.954691024629015,14,4,0,1,stuck
2026-01-26T15:00:00,Кондиционер,Климат,3.5,3.0435700892958497,15,4,0,1,stuck
2026-01-26T16:00:00,Кондиционер,Климат,3.5,3.444403808370269,16,4,0,1,stuck
2026-01-26T17:00:00,Кондиционер,Климат,3.5,3.031902219439333,17,4,0,1,drift
2026-01-26T18:00:00,Кондиционер,Климат,3.5,2.3017461196510083,18,4,0,1,drift
2026-01-26T19:00:00,Кондиционер,Климат,3.5,2.2308337796081363,19,4,0,1,drift
2026-01-26T20:00:00,Кондиционер,Климат,3.5,1.4868211428843823,20,4,0,1,drift
2026-01-26T21:00:00,Кондиционер,Климат,3.5,1.2476353526375807,21,4,0,1,drift
2026-01-26T22:00:00,Кондиционер,Климат,3.5,1.1311305652081118,22,4,0,1,drift
2026-01-26T23:00:00,Кондиционер,Климат,3.5,0.7535876500144015,23,4,0,1,drift
2026-01-27T00:00:00,Кондиционер,Климат,3.5,0.9337170222300853,0,5,0,0,normal
2026-01-27T01:00:00,Кондиционер,Климат,3.5,0.743808801793958,1,5,0,0,normal
2026-01-27T02:00:00,Кондиционер,Климат,3.5,0.7455829812324462,2,5,0,0,normal
2026-01-27T03:00:00,Кондиционер,Климат,3.5,1.1158589757442734,3,5,0,0,normal
2026-01-27T04:00:00,Кондиционер,Климат,3.5,0.8270803679058352,4,5,0,0,normal
2026-01-27T05:00:00,Кондиционер,Климат,3.5,0.7305259460516143,5,5,0,0,normal
2026-01-27T06:00:00,Кондиционер,Климат,3.5,1.942382205818418,6,5,0,0,normal
2026-01-27T07:00:00,Кондиционер,Климат,3.5,2.509698641926392,7,5,0,0,normal
2026-01-27T08:00:00,Кондиционер,Климат,3.5,2.129009945118565,8,5,0,0,normal
2026-01-27T09:00:00,Кондиционер,Климат,3.5,1.6117806100872287,9,5,0,0,normal
2026-01-27T10:00:00,Кондиционер,Климат,3.5,1.7392256668219572,10,5,0,0,normal
2026-01-27T11:00:00,Кондиционер,Климат,3.5,1.9507738116167876,11,5,0,0,normal
2026-01-27T12:00:00,Кондиционер,Климат,3.5,2.5507151131831254,12,5,0,0,normal
2026-01-27T13:00:00,Кондиционер,Климат,3.5,2.9494118868828902,13,5,0,0,normal
2026-01-27T14:00:00,Кондиционер,Климат,3.5,3.6971611753976372,14,5,0,0,normal
2026-01-27T15:00:00,Кондиционер,Климат,3.5,3.861814911224313,15,5,0,0,normal
2026-01-27T16:00:00,Кондиционер,Климат,3.5,3.4717855858608413,16,5,0,0,normal
2026-01-27T17:00:00,Кондиционер,Климат,3.5,3.503688068757139,17,5,0,0,normal
2026-01-27T18:00:00,Кондиционер,Климат,3.5,3.199423647122803,18,5,0,0,normal
2026-01-27T19:00:00,Кондиционер,Климат,3.5,2.2533604297765804,19,5,0,0,normal
2026-01-27T20:00:00,Кондиционер,Климат,3.5,1.750188271108159,20,5,0,0,normal
2026-01-27T21:00:00,Кондиционер,Климат,3.5,1.3886939378340466,21,5,0,0,normal
2026-01-27T22:00:00,Кондиционер,Климат,3.5,1.3372763630413298,22,5,0,0,normal
2026-01-27T23:00:00,Кондиционер,Климат,3.5,0.6673754774298494,23,5,0,0,normal
2026-01-28T00:00:00,Кондиционер,Климат,3.5,0.8979316435319495,0,6,0,0,normal
2026-01-28T01:00:00,Кондиционер,Климат,3.5,0.7843165474576689,1,6,0,0,normal
2026-01-28T02:00:00,Кондиционер,Климат,3.5,1.2388226717723168,2,6,0,0,normal
2026-01-28T03:00:00,Кондиционер,Климат,3.5,0.8273251004528102,3,6,0,0,normal
2026-01-28T04:00:00,Кондиционер,Климат,3.5,1.404000055269345,4,6,0,0,normal
2026-01-28T05:00:00,Кондиционер,Климат,3.5,1.0311441556663719,5,6,0,0,normal
2026-01-28T06:00:00,Кондиционер,Климат,3.5,1.7910108715129518,6,6,0,0,normal
2026-01-28T07:00:00,Кондиционер,Климат,3.5,2.156873323518374,7,6,0,0,normal
2026-01-28T08:00:00,Кондиционер,Климат,3.5,2.095921976655764,8,6,0,0,normal
2026-01-28T09:00:00,Кондиционер,Климат,3.5,2.116292743160441,9,6,0,0,normal
2026-01-28T10:00:00,Кондиционер,Климат,3.5,2.1168404633947127,10,6,0,0,normal
2026-01-28T11:00:00,Кондиционер,Климат,3.5,2.0163480049421487,11,6,0,0,normal
2026-01-28T12:00:00,Кондиционер,Климат,3.5,2.342668983975498,12,6,0,0,normal
2026-01-28T13:00:00,Кондиционер,Климат,3.5,3.3099096840101616,13,6,0,0,normal
2026-01-28T14:00:00,Кондиционер,Климат,3.5,3.5262815582134555,14,6,0,0,normal
2026-01-28T15:00:00,Кондиционер,Климат,3.5,3.824722333028102,15,6,0,0,normal
2026-01-28T16:00:00,Кондиционер,Климат,3.5,3.8959735966024382,16,6,0,0,normal
2026-01-28T17:00:00,Кондиционер,Климат,3.5,3.145466913285442,17,6,0,0,normal
2026-01-28T18:00:00,Кондиционер,Климат,3.5,2.5560988676378154,18,6,0,0,normal
2026-01-28T19:00:00,Кондиционер,Климат,3.5,2.3810645053390793,19,6,0,0,normal
2026-01-28T20:00:00,Кондиционер,Климат,3.5,1.7632166910165012,20,6,0,0,normal
2026-01-28T21:00:00,Кондиционер,Климат,3.5,0.9564315890930074,21,6,0,0,normal
2026-01-28T22:00:00,Кондиционер,Климат,3.5,1.4165414289111604,22,6,0,0,normal
2026-01-28T23:00:00,Кондиционер,Климат,3.5,1.1111214767194686,23,6,0,0,normal
2026-01-29T00:00:00,Кондиционер,Климат,3.5,0.572830594838706,0,0,0,0,normal
2026-01-29T01:00:00,Кондиционер,Климат,3.5,0.4514026712196927,1,0,0,0,normal
2026-01-29T02:00:00,Кондиционер,Климат,3.5,0.9034732716982983,2,0,0,0,normal
2026-01-29T03:00:00,Кондиционер,Климат,3.5,0.8002124195406649,3,0,0,1,point_outlier
2026-01-29T04:00:00,Кондиционер,Климат,3.5,1.3909674680889073,4,0,0,0,normal
2026-01-29T05:00:00,Кондиционер,Климат,3.5,1.1674543070657633,5,0,0,0,normal
2026-01-29T06:00:00,Кондиционер,Климат,3.5,1.4662079521457105,6,0,0,0,normal
2026-01-29T07:00:00,Кондиционер,Климат,3.5,1.7015657972580103,7,0,0,0,normal
2026-01-29T08:00:00,Кондиционер,Климат,3.5,2.056854450729509,8,0,0,0,normal
2026-01-29T09:00:00,Кондиционер,Климат,3.5,1.8529138258278046,9,0,0,0,normal
2026-01-29T10:00:00,Кондиционер,Климат,3.5,1.8121509834024123,10,0,0,0,normal
2026-01-29T11:00:00,Кондиционер,Климат,3.5,1.6176484565370586,11,0,0,0,normal
2026-01-29T12:00:00,Кондиционер,Климат,3.5,2.1401695838122423,12,0,0,0,normal
2026-01-29T13:00:00,Кондиционер,Климат,3.5,2.644969623855181,13,0,0,0,normal
2026-01-29T14:00:00,Кондиционер,Климат,3.5,3.227573519577376,14,0,0,0,normal
2026-01-29T15:00:00,Кондиционер,Климат,3.5,3.5580826981951357,15,0,0,0,normal
2026-01-29T16:00:00,Кондиционер,Климат,3.5,3.1450749233190805,16,0,0,0,normal
2026-01-29T17:00:00,Кондиционер,Климат,3.5,2.850570070126526,17,0,0,0,normal
2026-01-29T18:00:00,Кондиционер,Климат,3.5,2.4630278463994713,18,0,0,0,normal
2026-01-29T19:00:00,Кондиционер,Климат,3.5,1.8498257601638834,19,0,0,0,normal
2026-01-29T20:00:00,Кондиционер,Климат,3.5,1.741688415668396,20,0,0,0,normal
2026-01-29T21:00:00,Кондиционер,Климат,3.5,0.7872601740482283,21,0,0,0,normal
2026-01-29T22:00:00,Кондиционер,Климат,3.5,0.9008744895442935,22,0,0,0,normal
2026-01-29T23:00:00,Кондиционер,Климат,3.5,0.7336217822881946,23,0,0,0,normal
2026-01-30T00:00:00,Кондиционер,Климат,3.5,0.23940761885345507,0,1,0,0,normal
2026-01-30T01:00:00,Кондиционер,Климат,3.5,0.527921387180501,1,1,0,0,normal
2026-01-30T02:00:00,Кондиционер,Климат,3.5,0.5248099149090388,2,1,0,0,normal
2026-01-30T03:00:00,Кондиционер,Климат,3.5,0.6934634768408356,3,1,0,0,normal
2026-01-30T04:00:00,Кондиционер,Климат,3.5,1.119887167688367,4,1,0,0,normal
2026-01-30T05:00:00,Кондиционер,Климат,3.5,1.0071017754623846,5,1,0,0,normal
2026-01-30T06:00:00,Кондиционер,Климат,3.5,1.1601194390566363,6,1,0,0,normal
2026-01-30T07:00:00,Кондиционер,Климат,3.5,1.705776669287177,7,1,0,0,normal
2026-01-30T08:00:00,Кондиционер,Климат,3.5,2.1121349559426204,8,1,0,0,normal
2026-01-30T09:00:00,Кондиционер,Климат,3.5,1.5411766194033287,9,1,0,0,normal
2026-01-30T10:00:00,Кондиционер,Климат,3.5,1.3852964614493166,10,1,0,0,normal
2026-01-30T11:00:00,Кондиционер,Климат,3.5,1.822666367317879,11,1,0,0,normal
2026-01-30T12:00:00,Кондиционер,Климат,3.5,2.1866779489759844,12,1,0,0,normal
2026-01-30T13:00:00,Кондиционер,Климат,3.5,2.8711300351002267,13,1,0,0,normal
2026-01-30T14:00:00,Кондиционер,Климат,3.5,3.0473516864375396,14,1,0,0,normal
2026-01-30T15:00:00,Кондиционер,Климат,3.5,3.374202474412845,15,1,0,0,normal
2026-01-30T16:00:00,Кондиционер,Климат,3.5,3.0270215738049506,16,1,0,0,normal
2026-01-30T17:00:00,Кондиционер,Климат,3.5,2.891580570243455,17,1,0,0,normal
2026-01-30T18:00:00,Кондиционер,Климат,3.5,2.3336410793689506,18,1,0,0,normal
2026-01-30T19:00:00,Кондиционер,Климат,3.5,1.643189694756613,19,1,0,0,normal
2026-01-30T20:00:00,Кондиционер,Климат,3.5,1.2380290103648803,20,1,0,0,normal
2026-01-30T21:00:00,Кондиционер,Климат,3.5,1.3566330344866677,21,1,0,0,normal
2026-01-30T22:00:00,Кондиционер,Климат,3.5,0.9766686287574968,22,1,0,0,normal
2026-01-30T23:00:00,Кондиционер,Климат,3.5,0.6753593534090605,23,1,0,0,normal
2026-01-31T00:00:00,Кондиционер,Климат,3.5,0.697750629322858,0,2,0,0,normal
2026-01-31T01:00:00,Кондиционер,Климат,3.5,0.9481450913141317,1,2,0,0,normal
2026-01-31T02:00:00,Кондиционер,Климат,3.5,0.2562933730488875,2,2,0,0,normal
2026-01-31T03:00:00,Кондиционер,Климат,3.5,0.4126940401901061,3,2,0,0,normal
2026-01-31T04:00:00,Кондиционер,Климат,3.5,0.6999301632765349,4,2,0,0,normal
2026-01-31T05:00:00,Кондиционер,Климат,3.5,1.3264400867451136,5,2,0,0,normal
2026-01-31T06:00:00,Кондиционер,Климат,3.5,1.4471308552219797,6,2,0,0,normal
2026-01-31T07:00:00,Кондиционер,Климат,3.5,1.874108038407119,7,2,0,0,normal
2026-01-31T08:00:00,Кондиционер,Климат,3.5,1.6587001324231911,8,2,0,0,normal
2026-01-31T09:00:00,Кондиционер,Климат,3.5,1.504220165885543,9,2,0,0,normal
2026-01-31T10:00:00,Кондиционер,Климат,3.5,1.623426203563017,10,2,0,0,normal
2026-01-31T11:00:00,Кондиционер,Климат,3.5,1.712018748850405,11,2,0,0,normal
2026-01-31T12:00:00,Кондиционер,Климат,3.5,2.3329762206815725,12,2,0,0,normal
2026-01-31T13:00:00,Кондиционер,Климат,3.5,2.6836182679916467,13,2,0,0,normal
2026-01-31T14:00:00,Кондиционер,Климат,3.5,3.1125071109240228,14,2,0,0,normal
2026-01-31T15:00:00,Кондиционер,Климат,3.5,3.2490652058281695,15,2,0,0,normal
2026-01-31T16:00:00,Кондиционер,Климат,3.5,3.383607418692501,16,2,0,0,normal
2026-01-31T17:00:00,Кондиционер,Климат,3.5,3.05757776101221,17,2,0,0,normal
2026-01-31T18:00:00,Кондиционер,Климат,3.5,2.0656162433466108,18,2,0,0,normal
2026-01-31T19:00:00,Кондиционер,Климат,3.5,1.431632337710735,19,2,0,0,normal
2026-01-31T20:00:00,Кондиционер,Климат,3.5,1.7308514453106,20,2,0,0,normal
2026-01-31T21:00:00,Кондиционер,Климат,3.5,1.4614796578170344,21,2,0,0,normal
2026-01-31T22:00:00,Кондиционер,Климат,3.5,0.856390773305163,22,2,0,0,normal
2026-01-31T23:00:00,Кондиционер,Климат,3.5,0.5158237763891171,23,2,0,0,normal
2026-02-01T00:00:00,Кондиционер,Климат,3.5,0.7266181721411491,0,3,0,0,normal
2026-02-01T01:00:00,Кондиционер,Климат,3.5,0.9078968340776189,1,3,0,0,normal
2026-02-01T02:00:00,Кондиционер,Климат,3.5,1.08310473988684,2,3,0,0,normal
2026-02-01T03:00:00,Кондиционер,Климат,3.5,0.8331499447953395,3,3,0,0,normal
2026-02-01T04:00:00,Кондиционер,Климат,3.5,0.7989070001320929,4,3,0,0,normal
2026-02-01T05:00:00,Кондиционер,Климат,3.5,0.867441407379586,5,3,0,0,normal
2026-02-01T06:00:00,Кондиционер,Климат,3.5,1.391185291116055,6,3,0,0,normal
2026-02-01T07:00:00,Кондиционер,Климат,3.5,1.6557927419155118,7,3,0,0,normal
2026-02-01T08:00:00,Кондиционер,Климат,3.5,1.6679486438881375,8,3,0,0,normal
2026-02-01T09:00:00,Кондиционер,Климат,3.5,2.1286054290681804,9,3,0,0,normal
2026-02-01T10:00:00,Кондиционер,Климат,3.5,1.9105339334499496,10,3,0,0,normal
2026-02-01T11:00:00,Кондиционер,Климат,3.5,1.9425234453207438,11,3,0,0,normal
2026-02-01T12:00:00,Кондиционер,Климат,3.5,2.0322146786010316,12,3,0,0,normal
2026-02-01T13:00:00,Кондиционер,Климат,3.5,2.8825702395407755,13,3,0,0,normal
2026-02-01T14:00:00,Кондиционер,Климат,3.5,3.1890510920807587,14,3,0,0,normal
2026-02-01T15:00:00,Кондиционер,Климат,3.5,3.293332666297709,15,3,0,0,normal
2026-02-01T16:00:00,Кондиционер,Климат,3.5,3.457394907220762,16,3,0,0,normal
2026-02-01T17:00:00,Кондиционер,Климат,3.5,3.0068035856690822,17,3,0,0,normal
2026-02-01T18:00:00,Кондиционер,Климат,3.5,2.5359934433410256,18,3,0,0,normal
2026-02-01T19:00:00,Кондиционер,Климат,3.5,1.9928616028697512,19,3,0,0,normal
2026-02-01T20:00:00,Кондиционер,Климат,3.5,1.6021953160858973,20,3,0,0,normal
2026-02-01T21:00:00,Кондиционер,Климат,3.5,0.8375139177429272,21,3,0,0,normal
2026-02-01T22:00:00,Кондиционер,Климат,3.5,1.0637563263593162,22,3,0,0,normal
2026-02-01T23:00:00,Кондиционер,Климат,3.5,0.7583658118283072,23,3,0,0,normal
2026-02-02T00:00:00,Кондиционер,Климат,3.5,0.45420381276896016,0,4,0,0,normal
2026-02-02T01:00:00,Кондиционер,Климат,3.5,1.0558227069190216,1,4,0,0,normal
2026-02-02T02:00:00,Кондиционер,Климат,3.5,1.0527789262894516,2,4,0,0,normal
2026-02-02T03:00:00,Кондиционер,Климат,3.5,0.9871434760491056,3,4,0,0,normal
2026-02-02T04:00:00,Кондиционер,Климат,3.5,0.9279644510484739,4,4,0,0,normal
2026-02-02T05:00:00,Кондиционер,Климат,3.5,1.322377863761088,5,4,0,0,normal
2026-02-02T06:00:00,Кондиционер,Климат,3.5,1.3859479808805826,6,4,0,0,normal
2026-02-02T07:00:00,Кондиционер,Климат,3.5,1.7457041029707203,7,4,0,0,normal
2026-02-02T08:00:00,Кондиционер,Климат,3.5,1.6581293816865652,8,4,0,0,normal
2026-02-02T09:00:00,Кондиционер,Климат,3.5,1.8007801768676908,9,4,0,0,normal
2026-02-02T10:00:00,Кондиционер,Климат,3.5,1.5608893540846744,10,4,0,0,normal
2026-02-02T11:00:00,Кондиционер,Климат,3.5,1.4380199955004274,11,4,0,0,normal
2026-02-02T12:00:00,Кондиционер,Климат,3.5,2.206443726784955,12,4,0,0,normal
2026-02-02T13:00:00,Кондиционер,Климат,3.5,2.683195323818151,13,4,0,0,normal
2026-02-02T14:00:00,Кондиционер,Климат,3.5,3.414288476688207,14,4,0,0,normal
2026-02-02T15:00:00,Кондиционер,Климат,3.5,3.3964575774500574,15,4,0,0,normal
2026-02-02T16:00:00,Кондиционер,Климат,3.5,3.2131109738036963,16,4,0,0,normal
2026-02-02T17:00:00,Кондиционер,Климат,3.5,2.92640907577342,17,4,0,0,normal
2026-02-02T18:00:00,Кондиционер,Климат,3.5,2.382981731653706,18,4,0,0,normal
2026-02-02T19:00:00,Кондиционер,Климат,3.5,1.8430273293719979,19,4,0,0,normal
2026-02-02T20:00:00,Кондиционер,Климат,3.5,1.3248163208938548,20,4,0,0,normal
2026-02-02T21:00:00,Кондиционер,Климат,3.5,1.183785572395925,21,4,0,0,normal
2026-02-02T22:00:00,Кондиционер,Климат,3.5,0.9047355313033726,22,4,0,0,normal
2026-02-02T23:00:00,Кондиционер,Климат,3.5,0.6241601630350481,23,4,0,0,normal
2026-02-03T00:00:00,Кондиционер,Климат,3.5,0.908625920484059,0,5,0,0,normal
2026-02-03T01:00:00,Кондиционер,Климат,3.5,0.8791677871137245,1,5,0,0,normal
2026-02-03T02:00:00,Кондиционер,Климат,3.5,0.44578179184733213,2,5,0,0,normal
2026-02-03T03:00:00,Кондиционер,Климат,3.5,0.7705441781393984,3,5,0,0,normal
2026-02-03T04:00:00,Кондиционер,Климат,3.5,1.2092026130632143,4,5,0,0,normal
2026-02-03T05:00:00,Кондиционер,Климат,3.5,1.423315310583204,5,5,0,0,normal
2026-02-03T06:00:00,Кондиционер,Климат,3.5,1.795397747522655,6,5,0,0,normal
2026-02-03T07:00:00,Кондиционер,Климат,3.5,1.951873302881601,7,5,0,0,normal
2026-02-03T08:00:00,Кондиционер,Климат,3.5,1.989013892041785,8,5,0,0,normal
2026-02-03T09:00:00,Кондиционер,Климат,3.5,1.7567937666573639,9,5,0,0,normal
2026-02-03T10:00:00,Кондиционер,Климат,3.5,1.8326824268977642,10,5,0,0,normal
2026-02-03T11:00:00,Кондиционер,Климат,3.5,2.0360760791798644,11,5,0,0,normal
2026-02-03T12:00:00,Кондиционер,Климат,3.5,2.7707532132639185,12,5,0,0,normal
2026-02-03T13:00:00,Кондиционер,Климат,3.5,3.328533579535404,13,5,0,0,normal
2026-02-03T14:00:00,Кондиционер,Климат,3.5,3.452424104806326,14,5,0,0,normal
2026-02-03T15:00:00,Кондиционер,Климат,3.5,3.4337554715402714,15,5,0,0,normal
2026-02-03T16:00:00,Кондиционер,Климат,3.5,3.6015743277473256,16,5,0,0,normal
2026-02-03T17:00:00,Кондиционер,Климат,3.5,3.3461824631192134,17,5,0,0,normal
2026-02-03T18:00:00,Кондиционер,Климат,3.5,2.6935436149681835,18,5,0,0,normal
2026-02-03T19:00:00,Кондиционер,Климат,3.5,2.0278379583838135,19,5,0,0,normal
2026-02-03T20:00:00,Кондиционер,Климат,3.5,1.8078494557501326,20,5,0,0,normal
2026-02-03T21:00:00,Кондиционер,Климат,3.5,1.2648065824250556,21,5,0,0,normal
2026-02-03T22:00:00,Кондиционер,Климат,3.5,1.0668163647274989,22,5,0,0,normal
2026-02-03T23:00:00,Кондиционер,Климат,3.5,1.0600784699173693,23,5,0,0,normal
2026-02-04T00:00:00,Кондиционер,Климат,3.5,0.7505983081371872,0,6,0,0,normal
2026-02-04T01:00:00,Кондиционер,Климат,3.5,0.8985506522279262,1,6,0,0,normal
2026-02-04T02:00:00,Кондиционер,Климат,3.5,0.8957906671423161,2,6,0,0,normal
2026-02-04T03:00:00,Кондиционер,Климат,3.5,0.6080159816154096,3,6,0,0,normal
2026-02-04T04:00:00,Кондиционер,Климат,3.5,0.9438212446045863,4,6,0,0,normal
2026-02-04T05:00:00,Кондиционер,Климат,3.5,1.5417037323110647,5,6,0,1,contextual
2026-02-04T06:00:00,Кондиционер,Климат,3.5,1.4175985535926705,6,6,0,1,contextual
2026-02-04T07:00:00,Кондиционер,Климат,3.5,1.6192651827564268,7,6,0,0,normal
2026-02-04T08:00:00,Кондиционер,Климат,3.5,1.8768074603180807,8,6,0,0,normal
2026-02-04T09:00:00,Кондиционер,Климат,3.5,2.0377294217986304,9,6,0,0,normal
2026-02-04T10:00:00,Кондиционер,Климат,3.5,1.8499381784304059,10,6,0,0,normal
2026-02-04T11:00:00,Кондиционер,Климат,3.5,2.0210037259584714,11,6,0,0,normal
2026-02-04T12:00:00,Кондиционер,Климат,3.5,2.8796696407985354,12,6,0,0,normal
2026-02-04T13:00:00,Кондиционер,Климат,3.5,2.711348758406491,13,6,0,0,normal
2026-02-04T14:00:00,Кондиционер,Климат,3.5,3.711498407059898,14,6,0,0,normal
2026-02-04T15:00:00,Кондиционер,Климат,3.5,4.156101573250343,15,6,0,0,normal
2026-02-04T16:00:00,Кондиционер,Климат,3.5,3.619919023318014,16,6,0,0,normal
2026-02-04T17:00:00,Кондиционер,Климат,3.5,3.3371918024139773,17,6,0,0,normal
2026-02-04T18:00:00,Кондиционер,Климат,3.5,2.703080157811027,18,6,0,0,normal
2026-02-04T19:00:00,Кондиционер,Климат,3.5,2.0358270500096842,19,6,0,0,normal
2026-02-04T20:00:00,Кондиционер,Климат,3.5,1.7731874892836246,20,6,0,0,normal
2026-02-04T21:00:00,Кондиционер,Климат,3.5,1.7397161710729852,21,6,0,0,normal
2026-02-04T22:00:00,Кондиционер,Климат,3.5,1.6092277111123778,22,6,0,0,normal
2026-02-04T23:00:00,Кондиционер,Климат,3.5,0.9648108457941946,23,6,0,0,normal
2026-02-05T00:00:00,Кондиционер,Климат,3.5,1.0830796739880688,0,0,0,0,normal
2026-02-05T01:00:00,Кондиционер,Климат,3.5,0.7300073276414264,1,0,0,0,normal
2026-02-05T02:00:00,Кондиционер,Климат,3.5,1.0451033532576273,2,0,0,0,normal
2026-02-05T03:00:00,Кондиционер,Климат,3.5,0.7053262271969354,3,0,0,0,normal
2026-02-05T04:00:00,Кондиционер,Климат,3.5,0.9053437644150176,4,0,0,0,normal
2026-02-05T05:00:00,Кондиционер,Климат,3.5,1.1078418810134592,5,0,0,0,normal
2026-02-05T06:00:00,Кондиционер,Климат,3.5,2.00855024266073,6,0,0,0,normal
2026-02-05T07:00:00,Кондиционер,Климат,3.5,1.8725364761873222,7,0,0,0,normal
2026-02-05T08:00:00,Кондиционер,Климат,3.5,1.7457059484886168,8,0,0,0,normal
2026-02-05T09:00:00,Кондиционер,Климат,3.5,1.912954548210451,9,0,0,0,normal
2026-02-05T10:00:00,Кондиционер,Климат,3.5,1.4573786364656307,10,0,0,0,normal
2026-02-05T11:00:00,Кондиционер,Климат,3.5,1.610950238459012,11,0,0,0,normal
2026-02-05T12:00:00,Кондиционер,Климат,3.5,2.3856799971957936,12,0,0,0,normal
2026-02-05T13:00:00,Кондиционер,Климат,3.5,2.730620797858124,13,0,0,0,normal
2026-02-05T14:00:00,Кондиционер,Климат,3.5,3.0882276586685653,14,0,0,0,normal
2026-02-05T15:00:00,Кондиционер,Климат,3.5,3.2302667983727047,15,0,0,0,normal
2026-02-05T16:00:00,Кондиционер,Климат,3.5,3.2794261270487057,16,0,0,0,normal
2026-02-05T17:00:00,Кондиционер,Климат,3.5,2.953450762244719,17,0,0,0,normal
2026-02-05T18:00:00,Кондиционер,Климат,3.5,1.986316396386037,18,0,0,0,normal
2026-02-05T19:00:00,Кондиционер,Климат,3.5,2.006005828777657,19,0,0,0,normal
2026-02-05T20:00:00,Кондиционер,Климат,3.5,1.3387758679305095,20,0,0,0,normal
2026-02-05T21:00:00,Кондиционер,Климат,3.5,0.9266046320434344,21,0,0,0,normal
2026-02-05T22:00:00,Кондиционер,Климат,3.5,1.0241987192285875,22,0,0,0,normal
2026-02-05T23:00:00,Кондиционер,Климат,3.5,0.8770276280748057,23,0,0,0,normal
2026-02-06T00:00:00,Кондиционер,Климат,3.5,0.572051823046793,0,1,0,0,normal
2026-02-06T01:00:00,Кондиционер,Климат,3.5,0.8635312278583023,1,1,0,0,normal
2026-02-06T02:00:00,Кондиционер,Климат,3.5,0.438836695151176,2,1,0,0,normal
2026-02-06T03:00:00,Кондиционер,Климат,3.5,0.6245139553155962,3,1,0,0,normal
2026-02-06T04:00:00,Кондиционер,Климат,3.5,0.7560901688898748,4,1,0,0,normal
2026-02-06T05:00:00,Кондиционер,Климат,3.5,1.058041266951811,5,1,0,0,normal
2026-02-06T06:00:00,Кондиционер,Климат,3.5,1.4383417449764835,6,1,0,0,normal
2026-02-06T07:00:00,Кондиционер,Климат,3.5,1.5163433705084732,7,1,0,0,normal
2026-02-06T08:00:00,Кондиционер,Климат,3.5,2.0108315452858436,8,1,0,0,normal
2026-02-06T09:00:00,Кондиционер,Климат,3.5,1.7225096196482323,9,1,0,0,normal
2026-02-06T10:00:00,Кондиционер,Климат,3.5,1.1726716151953256,10,1,0,0,normal
2026-02-06T11:00:00,Кондиционер,Климат,3.5,1.314518295370737,11,1,0,0,normal
2026-02-06T12:00:00,Кондиционер,Климат,3.5,2.223614883331016,12,1,0,0,normal
2026-02-06T13:00:00,Кондиционер,Климат,3.5,2.6627135963527504,13,1,0,0,normal
2026-02-06T14:00:00,Кондиционер,Климат,3.5,3.0292015787496656,14,1,0,0,normal
2026-02-06T15:00:00,Кондиционер,Климат,3.5,3.2087813114872605,15,1,0,0,normal
2026-02-06T16:00:00,Кондиционер,Климат,3.5,3.2671351891565177,16,1,0,0,normal
2026-02-06T17:00:00,Кондиционер,Климат,3.5,3.07056048069921,17,1,0,0,normal
2026-02-06T18:00:00,Кондиционер,Климат,3.5,2.1607676835749725,18,1,0,0,normal
2026-02-06T19:00:00,Кондиционер,Климат,3.5,1.64803757305623,19,1,0,0,normal
2026-02-06T20:00:00,Кондиционер,Климат,3.5,1.3251269146033142,20,1,0,0,normal
2026-02-06T21:00:00,Кондиционер,Климат,3.5,1.279912955279043,21,1,0,0,normal
2026-02-06T22:00:00,Кондиционер,Климат,3.5,1.3023294663224692,22,1,0,0,normal
2026-02-06T23:00:00,Кондиционер,Климат,3.5,0.7960549792080255,23,1,0,0,normal
2026-02-07T00:00:00,Кондиционер,Климат,3.5,0.21045974178042626,0,2,0,0,normal
2026-02-07T01:00:00,Кондиционер,Климат,3.5,0.38223942557332324,1,2,0,0,normal
2026-02-07T02:00:00,Кондиционер,Климат,3.5,0.547176563629671,2,2,0,0,normal
2026-02-07T03:00:00,Кондиционер,Климат,3.5,0.6018207263907336,3,2,0,0,normal
2026-02-07T04:00:00,Кондиционер,Климат,3.5,0.8030551201214476,4,2,0,0,normal
2026-02-07T05:00:00,Кондиционер,Климат,3.5,1.0753726424695116,5,2,0,0,normal
2026-02-07T06:00:00,Кондиционер,Климат,3.5,1.3107537695248024,6,2,0,0,normal
2026-02-07T07:00:00,Кондиционер,Климат,3.5,1.9390381085339374,7,2,0,0,normal
2026-02-07T08:00:00,Кондиционер,Климат,3.5,1.7347287187833693,8,2,0,0,normal
2026-02-07T09:00:00,Кондиционер,Климат,3.5,1.5503851549418874,9,2,0,0,normal
2026-02-07T10:00:00,Кондиционер,Климат,3.5,1.6656195472787199,10,2,0,0,normal
2026-02-07T11:00:00,Кондиционер,Климат,3.5,1.418176029998249,11,2,0,0,normal
2026-02-07T12:00:00,Кондиционер,Климат,3.5,2.3045420230788642,12,2,0,0,normal
2026-02-07T13:00:00,Кондиционер,Климат,3.5,2.742605151272891,13,2,0,0,normal
2026-02-07T14:00:00,Кондиционер,Климат,3.5,3.0334366658326526,14,2,0,0,normal
2026-02-07T15:00:00,Кондиционер,Климат,3.5,3.547650054701547,15,2,0,0,normal
2026-02-07T16:00:00,Кондиционер,Климат,3.5,3.098665609501618,16,2,0,0,normal
2026-02-07T17:00:00,Кондиционер,Климат,3.5,3.3081877504289636,17,2,0,0,normal
2026-02-07T18:00:00,Кондиционер,Климат,3.5,2.3508793829842363,18,2,0,0,normal
2026-02-07T19:00:00,Кондиционер,Климат,3.5,1.6275923537750785,19,2,0,0,normal
2026-02-07T20:00:00,Кондиционер,Климат,3.5,1.5631597604856604,20,2,0,0,normal
2026-02-07T21:00:00,Кондиционер,Климат,3.5,0.9921073941188135,21,2,0,0,normal
2026-02-07T22:00:00,Кондиционер,Климат,3.5,0.9066463497796572,22,2,0,0,normal
2026-02-07T23:00:00,Кондиционер,Климат,3.5,0.9717793986093877,23,2,0,0,normal
2026-02-08T00:00:00,Кондиционер,Климат,3.5,0.8330875325632568,0,3,0,0,normal
2026-02-08T01:00:00,Кондиционер,Климат,3.5,0.6031137898126931,1,3,0,0,normal
2026-02-08T02:00:00,Кондиционер,Климат,3.5,0.9189623668715248,2,3,0,0,normal
2026-02-08T03:00:00,Кондиционер,Климат,3.5,0.9563037013541879,3,3,0,0,normal
2026-02-08T04:00:00,Кондиционер,Климат,3.5,1.1796799893760588,4,3,0,0,normal
2026-02-08T05:00:00,Кондиционер,Климат,3.5,1.1612742630460515,5,3,0,0,normal
2026-02-08T06:00:00,Кондиционер,Климат,3.5,1.661243575319469,6,3,0,0,normal
2026-02-08T07:00:00,Кондиционер,Климат,3.5,1.3698986537458577,7,3,0,0,normal
2026-02-08T08:00:00,Кондиционер,Климат,3.5,1.8276521089075382,8,3,0,0,normal
2026-02-08T09:00:00,Кондиционер,Климат,3.5,1.5471708010065746,9,3,0,0,normal
2026-02-08T10:00:00,Кондиционер,Климат,3.5,1.588856224338886,10,3,0,0,normal
2026-02-08T11:00:00,Кондиционер,Климат,3.5,1.616178702897578,11,3,0,0,normal
2026-02-08T12:00:00,Кондиционер,Климат,3.5,2.1867311649039958,12,3,0,0,normal
2026-02-08T13:00:00,Кондиционер,Климат,3.5,3.1292669367602297,13,3,0,0,normal
2026-02-08T14:00:00,Кондиционер,Климат,3.5,3.0404129901907475,14,3,0,0,normal
2026-02-08T15:00:00,Кондиционер,Климат,3.5,3.3172432044968243,15,3,0,0,normal
2026-02-08T16:00:00,Кондиционер,Климат,3.5,3.209545513679413,16,3,0,0,normal
2026-02-08T17:00:00,Кондиционер,Климат,3.5,2.9303645113704713,17,3,0,0,normal
2026-02-08T18:00:00,Кондиционер,Климат,3.5,2.393700740687158,18,3,0,0,normal
2026-02-08T19:00:00,Кондиционер,Климат,3.5,2.007717792111793,19,3,0,0,normal
2026-02-08T20:00:00,Кондиционер,Климат,3.5,1.8054506197469495,20,3,0,0,normal
2026-02-08T21:00:00,Кондиционер,Климат,3.5,1.559955438872455,21,3,0,0,normal
2026-02-08T22:00:00,Кондиционер,Климат,3.5,1.1367827975723437,22,3,0,0,normal
2026-02-08T23:00:00,Кондиционер,Климат,3.5,1.0113406647990029,23,3,0,0,normal
2026-02-09T00:00:00,Кондиционер,Климат,3.5,0.4892463660911051,0,4,0,0,normal
2026-02-09T01:00:00,Кондиционер,Климат,3.5,0.6982712306112309,1,4,0,0,normal
2026-02-09T02:00:00,Кондиционер,Климат,3.5,0.9183953720473803,2,4,0,0,normal
2026-02-09T03:00:00,Кондиционер,Климат,3.5,0.9025315796671359,3,4,0,0,normal
2026-02-09T04:00:00,Кондиционер,Климат,3.5,0.9344913891736508,4,4,0,0,normal
2026-02-09T05:00:00,Кондиционер,Климат,3.5,1.232235297677648,5,4,0,0,normal
2026-02-09T06:00:00,Кондиционер,Климат,3.5,1.4987295726976642,6,4,0,0,normal
2026-02-09T07:00:00,Кондиционер,Климат,3.5,1.9783660076406189,7,4,0,0,normal
2026-02-09T08:00:00,Кондиционер,Климат,3.5,1.9508749291471559,8,4,0,0,normal
2026-02-09T09:00:00,Кондиционер,Климат,3.5,1.6504158459960387,9,4,0,0,normal
2026-02-09T10:00:00,Кондиционер,Климат,3.5,1.64169273393181,10,4,0,0,normal
2026-02-09T11:00:00,Кондиционер,Климат,3.5,1.1182866094358161,11,4,0,0,normal
2026-02-09T12:00:00,Кондиционер,Климат,3.5,2.324285679163007,12,4,0,0,normal
2026-02-09T13:00:00,Кондиционер,Климат,3.5,2.0076628754242507,13,4,0,0,normal
2026-02-09T14:00:00,Кондиционер,Климат,3.5,2.7538584997114612,14,4,0,0,normal
2026-02-09T15:00:00,Кондиционер,Климат,3.5,3.347433909016582,15,4,0,0,normal
2026-02-09T16:00:00,Кондиционер,Климат,3.5,3.364545705161539,16,4,0,0,normal
2026-02-09T17:00:00,Кондиционер,Климат,3.5,2.683944604617363,17,4,0,0,normal
2026-02-09T18:00:00,Кондиционер,Климат,3.5,2.2733703050686334,18,4,0,0,normal
2026-02-09T19:00:00,Кондиционер,Климат,3.5,2.195159212145871,19,4,0,0,normal
2026-02-09T20:00:00,Кондиционер,Климат,3.5,1.4688713540040248,20,4,0,0,normal
2026-02-09T21:00:00,Кондиционер,Климат,3.5,1.6987202050609467,21,4,0,0,normal
2026-02-09T22:00:00,Кондиционер,Климат,3.5,1.0543695527029604,22,4,0,0,normal
2026-02-09T23:00:00,Кондиционер,Климат,3.5,0.9810308587710588,23,4,0,0,normal
2026-02-10T00:00:00,Кондиционер,Климат,3.5,1.1653207719765186,0,5,0,0,normal
2026-02-10T01:00:00,Кондиционер,Климат,3.5,0.8609167330180512,1,5,0,0,normal
2026-02-10T02:00:00,Кондиционер,Климат,3.5,0.6427728256816229,2,5,0,1,point_outlier
2026-02-10T03:00:00,Кондиционер,Климат,3.5,0.798551347004357,3,5,0,0,normal
2026-02-10T04:00:00,Кондиционер,Климат,3.5,1.0028585149162181,4,5,0,0,normal
2026-02-10T05:00:00,Кондиционер,Климат,3.5,0.9313563044780415,5,5,0,0,normal
2026-02-10T06:00:00,Кондиционер,Климат,3.5,1.5635619589400822,6,5,0,0,normal
2026-02-10T07:00:00,Кондиционер,Климат,3.5,1.8536078385239394,7,5,0,0,normal
2026-02-10T08:00:00,Кондиционер,Климат,3.5,2.3848391665989666,8,5,0,0,normal
2026-02-10T09:00:00,Кондиционер,Климат,3.5,1.9970262573618884,9,5,0,0,normal
2026-02-10T10:00:00,Кондиционер,Климат,3.5,1.7558829995531715,10,5,0,0,normal
2026-02-10T11:00:00,Кондиционер,Климат,3.5,1.9683068934762515,11,5,0,0,normal
2026-02-10T12:00:00,Кондиционер,Климат,3.5,2.6451970620198977,12,5,0,0,normal
2026-02-10T13:00:00,Кондиционер,Климат,3.5,3.3288962542862146,13,5,0,0,normal
2026-02-10T14:00:00,Кондиционер,Климат,3.5,3.3667373379120282,14,5,0,0,normal
2026-02-10T15:00:00,Кондиционер,Климат,3.5,3.5566485618949772,15,5,0,0,normal
2026-02-10T16:00:00,Кондиционер,Климат,3.5,3.9850660060512957,16,5,0,0,normal
2026-02-10T17:00:00,Кондиционер,Климат,3.5,3.2723526475891385,17,5,0,0,normal
2026-02-10T18:00:00,Кондиционер,Климат,3.5,2.4928106556908256,18,5,0,0,normal
2026-02-10T19:00:00,Кондиционер,Климат,3.5,2.2815108844269805,19,5,0,0,normal
2026-02-10T20:00:00,Кондиционер,Климат,3.5,1.8911028051438667,20,5,0,0,normal
2026-02-10T21:00:00,Кондиционер,Климат,3.5,1.1233399839827356,21,5,0,0,normal
2026-02-10T22:00:00,Кондиционер,Климат,3.5,1.2734008553658362,22,5,0,0,normal
2026-02-10T23:00:00,Кондиционер,Климат,3.5,1.182312813809008,23,5,0,0,normal
2026-02-11T00:00:00,Кондиционер,Климат,3.5,0.9401658315299586,0,6,0,0,normal
2026-02-11T01:00:00,Кондиционер,Климат,3.5,0.9944188085344065,1,6,0,0,normal
2026-02-11T02:00:00,Кондиционер,Климат,3.5,0.589162563682151,2,6,0,0,normal
2026-02-11T03:00:00,Кондиционер,Климат,3.5,0.934713084529799,3,6,0,0,normal
2026-02-11T04:00:00,Кондиционер,Климат,3.5,1.0154288213075084,4,6,0,0,normal
2026-02-11T05:00:00,Кондиционер,Климат,3.5,1.1764623218271597,5,6,0,0,normal
2026-02-11T06:00:00,Кондиционер,Климат,3.5,1.8621022812138828,6,6,0,0,normal
2026-02-11T07:00:00,Кондиционер,Климат,3.5,2.3866002290034793,7,6,0,0,normal
2026-02-11T08:00:00,Кондиционер,Климат,3.5,2.6511221297644494,8,6,0,0,normal
2026-02-11T09:00:00,Кондиционер,Климат,3.5,2.3653156459077067,9,6,0,0,normal
2026-02-11T10:00:00,Кондиционер,Климат,3.5,1.8719793134179723,10,6,0,0,normal
2026-02-11T11:00:00,Кондиционер,Климат,3.5,2.159260717142755,11,6,0,0,normal
2026-02-11T12:00:00,Кондиционер,Климат,3.5,2.87235776039218,12,6,0,0,normal
2026-02-11T13:00:00,Кондиционер,Климат,3.5,3.3570329760633633,13,6,0,0,normal
2026-02-11T14:00:00,Кондиционер,Климат,3.5,3.7487526565409013,14,6,0,0,normal
2026-02-11T15:00:00,Кондиционер,Климат,3.5,4.109421970545214,15,6,0,0,normal
2026-02-11T16:00:00,Кондиционер,Климат,3.5,3.942126410587385,16,6,0,0,normal
2026-02-11T17:00:00,Кондиционер,Климат,3.5,3.394581558547832,17,6,0,0,normal
2026-02-11T18:00:00,Кондиционер,Климат,3.5,2.828750999499818,18,6,0,0,normal
2026-02-11T19:00:00,Кондиционер,Климат,3.5,2.44128726348844,19,6,0,0,normal
2026-02-11T20:00:00,Кондиционер,Климат,3.5,1.9095936195183403,20,6,0,0,normal
2026-02-11T21:00:00,Кондиционер,Климат,3.5,1.5658151425556788,21,6,0,0,normal
2026-02-11T22:00:00,Кондиционер,Климат,3.5,1.4198694271895727,22,6,0,1,point_outlier
2026-02-11T23:00:00,Кондиционер,Климат,3.5,0.9959110090543694,23,6,0,1,point_outlier
2026-02-12T00:00:00,Кондиционер,Климат,3.5,0.8843886222109071,0,0,0,0,normal
2026-02-12T01:00:00,Кондиционер,Климат,3.5,0.8176995070892871,1,0,0,0,normal
2026-02-12T02:00:00,Кондиционер,Климат,3.5,0.48300736181530973,2,0,0,0,normal
2026-02-12T03:00:00,Кондиционер,Климат,3.5,1.0387513969672497,3,0,0,0,normal
2026-02-12T04:00:00,Кондиционер,Климат,3.5,0.805546770300468,4,0,0,0,normal
2026-02-12T05:00:00,Кондиционер,Климат,3.5,0.7463584514258049,5,0,0,0,normal
2026-02-12T06:00:00,Кондиционер,Климат,3.5,1.208733068709174,6,0,0,0,normal
2026-02-12T07:00:00,Кондиционер,Климат,3.5,1.5644178931819328,7,0,0,0,normal
2026-02-12T08:00:00,Кондиционер,Климат,3.5,1.9588918054622977,8,0,0,0,normal
2026-02-12T09:00:00,Кондиционер,Климат,3.5,1.7038120516417428,9,0,0,0,normal
2026-02-12T10:00:00,Кондиционер,Климат,3.5,1.5094704064129627,10,0,0,0,normal
2026-02-12T11:00:00,Кондиционер,Климат,3.5,1.9122715239280297,11,0,0,0,normal
2026-02-12T12:00:00,Кондиционер,Климат,3.5,2.3585366168114037,12,0,0,0,normal
2026-02-12T13:00:00,Кондиционер,Климат,3.5,2.851191049512768,13,0,0,0,normal
2026-02-12T14:00:00,Кондиционер,Климат,3.5,3.2255024517970248,14,0,0,0,normal
2026-02-12T15:00:00,Кондиционер,Климат,3.5,3.45585221501783,15,0,0,0,normal
2026-02-12T16:00:00,Кондиционер,Климат,3.5,2.883418336498774,16,0,0,0,normal
2026-02-12T17:00:00,Кондиционер,Климат,3.5,2.8978293853896706,17,0,0,0,normal
2026-02-12T18:00:00,Кондиционер,Климат,3.5,2.0249365956663747,18,0,0,0,normal
2026-02-12T19:00:00,Кондиционер,Климат,3.5,1.942695912421642,19,0,0,0,normal
2026-02-12T20:00:00,Кондиционер,Климат,3.5,1.5923999953159391,20,0,0,0,normal
2026-02-12T21:00:00,Кондиционер,Климат,3.5,1.4751937456666047,21,0,0,0,normal
2026-02-12T22:00:00,Кондиционер,Климат,3.5,1.3342614143082991,22,0,0,0,normal
2026-02-12T23:00:00,Кондиционер,Климат,3.5,0.9591305903478112,23,0,0,0,normal
2026-02-13T00:00:00,Кондиционер,Климат,3.5,0.645197762904721,0,1,0,0,normal
2026-02-13T01:00:00,Кондиционер,Климат,3.5,0.842569793267719,1,1,0,0,normal
2026-02-13T02:00:00,Кондиционер,Климат,3.5,0.6356892127340245,2,1,0,0,normal
2026-02-13T03:00:00,Кондиционер,Климат,3.5,0.7376485762678832,3,1,0,0,normal
2026-02-13T04:00:00,Кондиционер,Климат,3.5,1.1186819798818421,4,1,0,0,normal
2026-02-13T05:00:00,Кондиционер,Климат,3.5,0.9720306772558128,5,1,0,0,normal
2026-02-13T06:00:00,Кондиционер,Климат,3.5,1.602172107423583,6,1,0,0,normal
2026-02-13T07:00:00,Кондиционер,Климат,3.5,1.9274744118332585,7,1,0,0,normal
2026-02-13T08:00:00,Кондиционер,Климат,3.5,1.7600057879419768,8,1,0,0,normal
2026-02-13T09:00:00,Кондиционер,Климат,3.5,1.9829576547852004,9,1,0,0,normal
2026-02-13T10:00:00,Кондиционер,Климат,3.5,1.7447552656395717,10,1,0,0,normal
2026-02-13T11:00:00,Кондиционер,Климат,3.5,1.8031222533233606,11,1,0,0,normal
2026-02-13T12:00:00,Кондиционер,Климат,3.5,2.142725563217012,12,1,0,0,normal
2026-02-13T13:00:00,Кондиционер,Климат,3.5,2.6452248507701377,13,1,0,0,normal
2026-02-13T14:00:00,Кондиционер,Климат,3.5,3.0794662123138217,14,1,0,0,normal
2026-02-13T15:00:00,Кондиционер,Климат,3.5,3.4514367507401964,15,1,0,0,normal
2026-02-13T16:00:00,Кондиционер,Климат,3.5,3.150007993018564,16,1,0,0,normal
2026-02-13T17:00:00,Кондиционер,Климат,3.5,3.1003825089198687,17,1,0,0,normal
2026-02-13T18:00:00,Кондиционер,Климат,3.5,2.2213857383021804,18,1,0,0,normal
2026-02-13T19:00:00,Кондиционер,Климат,3.5,1.9396523412770124,19,1,0,0,normal
2026-02-13T20:00:00,Кондиционер,Климат,3.5,1.6313729803370258,20,1,0,0,normal
2026-02-13T21:00:00,Кондиционер,Климат,3.5,1.7782064906031843,21,1,0,0,normal
2026-02-13T22:00:00,Кондиционер,Климат,3.5,0.7969529131390096,22,1,0,0,normal
2026-02-13T23:00:00,Кондиционер,Климат,3.5,1.2220365516650364,23,1,0,0,normal
2026-02-14T00:00:00,Кондиционер,Климат,3.5,0.7787220628292244,0,2,0,0,normal
2026-02-14T01:00:00,Кондиционер,Климат,3.5,0.8394125323129135,1,2,0,0,normal
2026-02-14T02:00:00,Кондиционер,Климат,3.5,0.7732986525624977,2,2,0,0,normal
2026-02-14T03:00:00,Кондиционер,Климат,3.5,0.8510105136723951,3,2,0,0,normal
2026-02-14T04:00:00,Кондиционер,Климат,3.5,0.8868532279101943,4,2,0,0,normal
2026-02-14T05:00:00,Кондиционер,Климат,3.5,1.3946944905133325,5,2,0,0,normal
2026-02-14T06:00:00,Кондиционер,Климат,3.5,1.3743556640513663,6,2,0,0,normal
2026-02-14T07:00:00,Кондиционер,Климат,3.5,2.0322140273609417,7,2,0,0,normal
2026-02-14T08:00:00,Кондиционер,Климат,3.5,1.8244951141729686,8,2,0,0,normal
2026-02-14T09:00:00,Кондиционер,Климат,3.5,1.773155209785858,9,2,0,0,normal
2026-02-14T10:00:00,Кондиционер,Климат,3.5,1.3852031235468623,10,2,0,0,normal
2026-02-14T11:00:00,Кондиционер,Климат,3.5,1.8982704998218158,11,2,0,0,normal
2026-02-14T12:00:00,Кондиционер,Климат,3.5,2.616431780035712,12,2,0,0,normal
2026-02-14T13:00:00,Кондиционер,Климат,3.5,2.8267790836618287,13,2,0,0,normal
2026-02-14T14:00:00,Кондиционер,Климат,3.5,3.1497473676983754,14,2,0,0,normal
2026-02-14T15:00:00,Кондиционер,Климат,3.5,3.1409149243802275,15,2,0,0,normal
2026-02-14T16:00:00,Кондиционер,Климат,3.5,3.3116197667987173,16,2,0,0,normal
2026-02-14T17:00:00,Кондиционер,Климат,3.5,2.675077041244823,17,2,0,0,normal
2026-02-14T18:00:00,Кондиционер,Климат,3.5,2.307175414422475,18,2,0,0,normal
2026-02-14T19:00:00,Кондиционер,Климат,3.5,2.0262722649467375,19,2,0,0,normal
2026-02-14T20:00:00,Кондиционер,Климат,3.5,1.9036539346352839,20,2,0,0,normal
2026-02-14T21:00:00,Кондиционер,Климат,3.5,1.8557585012637932,21,2,0,0,normal
2026-02-14T22:00:00,Кондиционер,Климат,3.5,0.9833056016981188,22,2,0,0,normal
2026-02-14T23:00:00,Кондиционер,Климат,3.5,1.218974423624586,23,2,0,0,normal
2026-01-01T00:00:00,Холодильник,Кухня,0.8,0.4305095611536497,0,0,0,0,normal
2026-01-01T01:00:00,Холодильник,Кухня,0.8,0.4164696046769912,1,0,0,0,normal
2026-01-01T02:00:00,Холодильник,Кухня,0.8,0.311877383070664,2,0,0,0,normal
2026-01-01T03:00:00,Холодильник,Кухня,0.8,0.2860339650351481,3,0,0,1,contextual
2026-01-01T04:00:00,Холодильник,Кухня,0.8,0.261828578548913,4,0,0,1,contextual
2026-01-01T05:00:00,Холодильник,Кухня,0.8,0.5205742685656458,5,0,0,1,contextual
2026-01-01T06:00:00,Холодильник,Кухня,0.8,0.4800438442604189,6,0,0,0,normal
2026-01-01T07:00:00,Холодильник,Кухня,0.8,0.4769680009034187,7,0,0,0,normal
2026-01-01T08:00:00,Холодильник,Кухня,0.8,0.3542657916853467,8,0,0,0,normal
2026-01-01T09:00:00,Холодильник,Кухня,0.8,0.4689689498539657,9,0,0,0,normal
2026-01-01T10:00:00,Холодильник,Кухня,0.8,0.4012927623950477,10,0,0,0,normal
2026-01-01T11:00:00,Холодильник,Кухня,0.8,0.2937793831351062,11,0,0,0,normal
2026-01-01T12:00:00,Холодильник,Кухня,0.8,0.3187641578937412,12,0,0,0,normal
2026-01-01T13:00:00,Холодильник,Кухня,0.8,0.38108940337283465,13,0,0,0,normal
2026-01-01T14:00:00,Холодильник,Кухня,0.8,0.37679360597043815,14,0,0,0,normal
2026-01-01T15:00:00,Холодильник,Кухня,0.8,0.44321980558332386,15,0,0,0,normal
2026-01-01T16:00:00,Холодильник,Кухня,0.8,0.3829255513329014,16,0,0,0,normal
2026-01-01T17:00:00,Холодильник,Кухня,0.8,0.40163883825346824,17,0,0,0,normal
2026-01-01T18:00:00,Холодильник,Кухня,0.8,0.4262739201142344,18,0,0,0,normal
2026-01-01T19:00:00,Холодильник,Кухня,0.8,0.4962369881513856,19,0,0,0,normal
2026-01-01T20:00:00,Холодильник,Кухня,0.8,0.6987461419346824,20,0,0,0,normal
2026-01-01T21:00:00,Холодильник,Кухня,0.8,0.462397286539933,21,0,0,0,normal
2026-01-01T22:00:00,Холодильник,Кухня,0.8,0.37872903258169044,22,0,0,0,normal
2026-01-01T23:00:00,Холодильник,Кухня,0.8,0.4788921867385333,23,0,0,0,normal
2026-01-02T00:00:00,Холодильник,Кухня,0.8,0.2624515971013817,0,1,0,0,normal
2026-01-02T01:00:00,Холодильник,Кухня,0.8,0.4075362819569596,1,1,0,0,normal
2026-01-02T02:00:00,Холодильник,Кухня,0.8,0.44250873851073236,2,1,0,0,normal
2026-01-02T03:00:00,Холодильник,Кухня,0.8,0.36814439085228634,3,1,0,0,normal
2026-01-02T04:00:00,Холодильник,Кухня,0.8,0.4006164093368403,4,1,0,0,normal
2026-01-02T05:00:00,Холодильник,Кухня,0.8,0.27806938736755077,5,1,0,0,normal
2026-01-02T06:00:00,Холодильник,Кухня,0.8,0.5512537816914608,6,1,0,0,normal
2026-01-02T07:00:00,Холодильник,Кухня,0.8,0.5022405446226285,7,1,0,0,normal
2026-01-02T08:00:00,Холодильник,Кухня,0.8,0.3129583818452824,8,1,0,0,normal
2026-01-02T09:00:00,Холодильник,Кухня,0.8,0.5388570756880993,9,1,0,0,normal
2026-01-02T10:00:00,Холодильник,Кухня,0.8,0.2336367220746968,10,1,0,0,normal
2026-01-02T11:00:00,Холодильник,Кухня,0.8,0.19467445903334865,11,1,0,0,normal
2026-01-02T12:00:00,Холодильник,Кухня,0.8,0.2257716195149061,12,1,0,0,normal
2026-01-02T13:00:00,Холодильник,Кухня,0.8,0.4243084630959472,13,1,0,0,normal
2026-01-02T14:00:00,Холодильник,Кухня,0.8,0.4617197398729958,14,1,0,0,normal
2026-01-02T15:00:00,Холодильник,Кухня,0.8,0.48683257065116353,15,1,0,0,normal
2026-01-02T16:00:00,Холодильник,Кухня,0.8,0.3810196994279453,16,1,0,0,normal
2026-01-02T17:00:00,Холодильник,Кухня,0.8,0.3167241701887812,17,1,0,0,normal
2026-01-02T18:00:00,Холодильник,Кухня,0.8,0.5311146737823104,18,1,0,0,normal
2026-01-02T19:00:00,Холодильник,Кухня,0.8,0.47401593657805735,19,1,0,0,normal
2026-01-02T20:00:00,Холодильник,Кухня,0.8,0.4856165374592144,20,1,0,0,normal
2026-01-02T21:00:00,Холодильник,Кухня,0.8,0.6539676767357134,21,1,0,0,normal
2026-01-02T22:00:00,Холодильник,Кухня,0.8,0.5024810991464469,22,1,0,0,normal
2026-01-02T23:00:00,Холодильник,Кухня,0.8,0.4968949426628818,23,1,0,0,normal
2026-01-03T00:00:00,Холодильник,Кухня,0.8,0.46259809965709486,0,2,0,0,normal
2026-01-03T01:00:00,Холодильник,Кухня,0.8,0.323439207039844,1,2,0,0,normal
2026-01-03T02:00:00,Холодильник,Кухня,0.8,0.30940208382404766,2,2,0,0,normal
2026-01-03T03:00:00,Холодильник,Кухня,0.8,0.43837724815299967,3,2,0,0,normal
2026-01-03T04:00:00,Холодильник,Кухня,0.8,0.3560744174275109,4,2,0,0,normal
2026-01-03T05:00:00,Холодильник,Кухня,0.8,0.48375282819804205,5,2,0,0,normal
2026-01-03T06:00:00,Холодильник,Кухня,0.8,0.5095917847828273,6,2,0,0,normal
2026-01-03T07:00:00,Холодильник,Кухня,0.8,0.36925861516414277,7,2,0,0,normal
2026-01-03T08:00:00,Холодильник,Кухня,0.8,0.49030516120084594,8,2,0,0,normal
2026-01-03T09:00:00,Холодильник,Кухня,0.8,0.29673737190931987,9,2,0,0,normal
2026-01-03T10:00:00,Холодильник,Кухня,0.8,0.36509588317941255,10,2,0,0,normal
2026-01-03T11:00:00,Холодильник,Кухня,0.8,0.3324610292414533,11,2,0,0,normal
2026-01-03T12:00:00,Холодильник,Кухня,0.8,0.47476141418700646,12,2,0,0,normal
2026-01-03T13:00:00,Холодильник,Кухня,0.8,0.33669220135965766,13,2,0,0,normal
2026-01-03T14:00:00,Холодильник,Кухня,0.8,0.4223891240710135,14,2,0,0,normal
2026-01-03T15:00:00,Холодильник,Кухня,0.8,0.4541343958251235,15,2,0,0,normal
2026-01-03T16:00:00,Холодильник,Кухня,0.8,0.4199189393937698,16,2,0,0,normal
2026-01-03T17:00:00,Холодильник,Кухня,0.8,0.4466837077027566,17,2,0,0,normal
2026-01-03T18:00:00,Холодильник,Кухня,0.8,0.492556234983098,18,2,0,0,normal
2026-01-03T19:00:00,Холодильник,Кухня,0.8,0.5616316188905389,19,2,0,0,normal
2026-01-03T20:00:00,Холодильник,Кухня,0.8,0.6666080174397683,20,2,0,0,normal
2026-01-03T21:00:00,Холодильник,Кухня,0.8,0.7094014407423,21,2,0,0,normal
2026-01-03T22:00:00,Холодильник,Кухня,0.8,0.3869867320431559,22,2,0,0,normal
2026-01-03T23:00:00,Холодильник,Кухня,0.8,0.46390704387999854,23,2,0,0,normal
2026-01-04T00:00:00,Холодильник,Кухня,0.8,0.46186871849899586,0,3,0,0,normal
2026-01-04T01:00:00,Холодильник,Кухня,0.8,0.38056399313435985,1,3,0,0,normal
2026-01-04T02:00:00,Холодильник,Кухня,0.8,0.49368633550419583,2,3,0,0,normal
2026-01-04T03:00:00,Холодильник,Кухня,0.8,0.35427106623714666,3,3,0,0,normal
2026-01-04T04:00:00,Холодильник,Кухня,0.8,0.33529964594236294,4,3,0,0,normal
2026-01-04T05:00:00,Холодильник,Кухня,0.8,0.5284345528808105,5,3,0,0,normal
2026-01-04T06:00:00,Холодильник,Кухня,0.8,0.26897045372150696,6,3,0,0,normal
2026-01-04T07:00:00,Холодильник,Кухня,0.8,0.42191551587856807,7,3,0,0,normal
2026-01-04T08:00:00,Холодильник,Кухня,0.8,0.6182112665044968,8,3,0,0,normal
2026-01-04T09:00:00,Холодильник,Кухня,0.8,0.38456206016717204,9,3,0,0,normal
2026-01-04T10:00:00,Холодильник,Кухня,0.8,0.37708769755168653,10,3,0,0,normal
2026-01-04T11:00:00,Холодильник,Кухня,0.8,0.25553241437414687,11,3,0,0,normal
2026-01-04T12:00:00,Холодильник,Кухня,0.8,0.38316570354039997,12,3,0,0,normal
2026-01-04T13:00:00,Холодильник,Кухня,0.8,0.3925308610427553,13,3,0,0,normal
2026-01-04T14:00:00,Холодильник,Кухня,0.8,0.6097451884154811,14,3,0,0,normal
2026-01-04T15:00:00,Холодильник,Кухня,0.8,0.3928556946326845,15,3,0,0,normal
2026-01-04T16:00:00,Холодильник,Кухня,0.8,0.18467303903292984,16,3,0,0,normal
2026-01-04T17:00:00,Холодильник,Кухня,0.8,0.41983658214165237,17,3,0,0,normal
2026-01-04T18:00:00,Холодильник,Кухня,0.8,0.5819912855218868,18,3,0,0,normal
2026-01-04T19:00:00,Холодильник,Кухня,0.8,0.4883358540284453,19,3,0,0,normal
2026-01-04T20:00:00,Холодильник,Кухня,0.8,0.41924005578621787,20,3,0,0,normal
2026-01-04T21:00:00,Холодильник,Кухня,0.8,0.4738440704754972,21,3,0,0,normal
2026-01-04T22:00:00,Холодильник,Кухня,0.8,0.5539919721814461,22,3,0,0,normal
2026-01-04T23:00:00,Холодильник,Кухня,0.8,0.4084038117652125,23,3,0,0,normal
2026-01-05T00:00:00,Холодильник,Кухня,0.8,0.41398997387768066,0,4,0,0,normal
2026-01-05T01:00:00,Холодильник,Кухня,0.8,0.16980645965161323,1,4,0,0,normal
2026-01-05T02:00:00,Холодильник,Кухня,0.8,0.3397570116787885,2,4,0,0,normal
2026-01-05T03:00:00,Холодильник,Кухня,0.8,0.44719911104916316,3,4,0,0,normal
2026-01-05T04:00:00,Холодильник,Кухня,0.8,0.4057131873300086,4,4,0,0,normal
2026-01-05T05:00:00,Холодильник,Кухня,0.8,0.3830970027154314,5,4,0,0,normal
2026-01-05T06:00:00,Холодильник,Кухня,0.8,0.5803830210724997,6,4,0,0,normal
2026-01-05T07:00:00,Холодильник,Кухня,0.8,0.5552622929961651,7,4,0,0,normal
2026-01-05T08:00:00,Холодильник,Кухня,0.8,0.3998183016978635,8,4,0,0,normal
2026-01-05T09:00:00,Холодильник,Кухня,0.8,0.31668758014641774,9,4,0,0,normal
2026-01-05T10:00:00,Холодильник,Кухня,0.8,0.4390067451333123,10,4,0,0,normal
2026-01-05T11:00:00,Холодильник,Кухня,0.8,0.29238380163075073,11,4,0,0,normal
2026-01-05T12:00:00,Холодильник,Кухня,0.8,0.3637228574991667,12,4,0,0,normal
2026-01-05T13:00:00,Холодильник,Кухня,0.8,0.5798153739646662,13,4,0,0,normal
2026-01-05T14:00:00,Холодильник,Кухня,0.8,0.4884919748396712,14,4,0,0,normal
2026-01-05T15:00:00,Холодильник,Кухня,0.8,0.4294354103071523,15,4,0,0,normal
2026-01-05T16:00:00,Холодильник,Кухня,0.8,0.2566443011505325,16,4,0,0,normal
2026-01-05T17:00:00,Холодильник,Кухня,0.8,0.385040169951996,17,4,0,1,stuck
2026-01-05T18:00:00,Холодильник,Кухня,0.8,0.46754419654192314,18,4,0,1,stuck
2026-01-05T19:00:00,Холодильник,Кухня,0.8,0.5017720283638956,19,4,0,1,stuck
2026-01-05T20:00:00,Холодильник,Кухня,0.8,0.666684875097404,20,4,0,1,stuck
2026-01-05T21:00:00,Холодильник,Кухня,0.8,0.4440272312059575,21,4,0,1,stuck
2026-01-05T22:00:00,Холодильник,Кухня,0.8,0.3870274353984405,22,4,0,1,stuck
2026-01-05T23:00:00,Холодильник,Кухня,0.8,0.39580662450404,23,4,0,1,stuck
2026-01-06T00:00:00,Холодильник,Кухня,0.8,0.4641961117276997,0,5,0,1,stuck
2026-01-06T01:00:00,Холодильник,Кухня,0.8,0.301886173013078,1,5,0,1,stuck
2026-01-06T02:00:00,Холодильник,Кухня,0.8,0.35167393146787146,2,5,0,0,normal
2026-01-06T03:00:00,Холодильник,Кухня,0.8,0.351239250142948,3,5,0,0,normal
2026-01-06T04:00:00,Холодильник,Кухня,0.8,0.48475258059179754,4,5,0,0,normal
2026-01-06T05:00:00,Холодильник,Кухня,0.8,0.45223354298014334,5,5,0,0,normal
2026-01-06T06:00:00,Холодильник,Кухня,0.8,0.650208882111928,6,5,0,0,normal
2026-01-06T07:00:00,Холодильник,Кухня,0.8,0.3451621754079956,7,5,0,0,normal
2026-01-06T08:00:00,Холодильник,Кухня,0.8,0.5026630618431019,8,5,0,0,normal
2026-01-06T09:00:00,Холодильник,Кухня,0.8,0.3695082272348534,9,5,0,0,normal
2026-01-06T10:00:00,Холодильник,Кухня,0.8,0.42022180503018985,10,5,0,0,normal
2026-01-06T11:00:00,Холодильник,Кухня,0.8,0.5302796768582593,11,5,0,0,normal
2026-01-06T12:00:00,Холодильник,Кухня,0.8,0.43057794737397537,12,5,0,0,normal
2026-01-06T13:00:00,Холодильник,Кухня,0.8,0.4829596912801377,13,5,0,0,normal
2026-01-06T14:00:00,Холодильник,Кухня,0.8,0.5947572537848471,14,5,0,0,normal
2026-01-06T15:00:00,Холодильник,Кухня,0.8,0.4045672431719345,15,5,0,0,normal
2026-01-06T16:00:00,Холодильник,Кухня,0.8,0.5266407835121308,16,5,0,0,normal
2026-01-06T17:00:00,Холодильник,Кухня,0.8,0.4916482506544038,17,5,0,0,normal
2026-01-06T18:00:00,Холодильник,Кухня,0.8,0.5198759438548506,18,5,0,0,normal
2026-01-06T19:00:00,Холодильник,Кухня,0.8,0.6766787200348001,19,5,0,0,normal
2026-01-06T20:00:00,Холодильник,Кухня,0.8,0.6629770761164014,20,5,0,0,normal
2026-01-06T21:00:00,Холодильник,Кухня,0.8,0.5384633422253715,21,5,0,0,normal
2026-01-06T22:00:00,Холодильник,Кухня,0.8,0.4478855310361927,22,5,0,0,normal
2026-01-06T23:00:00,Холодильник,Кухня,0.8,0.5942481938636269,23,5,0,0,normal
2026-01-07T00:00:00,Холодильник,Кухня,0.8,0.6512313804023557,0,6,0,0,normal
2026-01-07T01:00:00,Холодильник,Кухня,0.8,0.37934126909522115,1,6,0,0,normal
2026-01-07T02:00:00,Холодильник,Кухня,0.8,0.48497920525478855,2,6,0,0,normal
2026-01-07T03:00:00,Холодильник,Кухня,0.8,0.3341888198723317,3,6,0,0,normal
2026-01-07T04:00:00,Холодильник,Кухня,0.8,0.451136644929425,4,6,0,0,normal
2026-01-07T05:00:00,Холодильник,Кухня,0.8,0.4973147069516327,5,6,0,0,normal
2026-01-07T06:00:00,Холодильник,Кухня,0.8,0.4823739259180726,6,6,0,0,normal
2026-01-07T07:00:00,Холодильник,Кухня,0.8,0.5497149615021001,7,6,0,0,normal
2026-01-07T08:00:00,Холодильник,Кухня,0.8,0.564799231163944,8,6,0,0,normal
2026-01-07T09:00:00,Холодильник,Кухня,0.8,0.4776231274685085,9,6,0,0,normal
2026-01-07T10:00:00,Холодильник,Кухня,0.8,0.3543625095626259,10,6,0,1,point_outlier
2026-01-07T11:00:00,Холодильник,Кухня,0.8,0.523376931029752,11,6,0,1,point_outlier
2026-01-07T12:00:00,Холодильник,Кухня,0.8,0.4710163987367796,12,6,0,1,point_outlier
2026-01-07T13:00:00,Холодильник,Кухня,0.8,0.6497116193166619,13,6,0,0,normal
2026-01-07T14:00:00,Холодильник,Кухня,0.8,0.45177820804093904,14,6,0,0,normal
2026-01-07T15:00:00,Холодильник,Кухня,0.8,0.7896320340225179,15,6,0,0,normal
2026-01-07T16:00:00,Холодильник,Кухня,0.8,0.46287184446310214,16,6,0,0,normal
2026-01-07T17:00:00,Холодильник,Кухня,0.8,0.3525523447818545,17,6,0,0,normal
2026-01-07T18:00:00,Холодильник,Кухня,0.8,0.4528028061798651,18,6,0,0,normal
2026-01-07T19:00:00,Холодильник,Кухня,0.8,0.7295126158918298,19,6,0,0,normal
2026-01-07T20:00:00,Холодильник,Кухня,0.8,0.7906915611563801,20,6,0,0,normal
2026-01-07T21:00:00,Холодильник,Кухня,0.8,0.7244481841445054,21,6,0,0,normal
2026-01-07T22:00:00,Холодильник,Кухня,0.8,0.6500393299956879,22,6,0,0,normal
2026-01-07T23:00:00,Холодильник,Кухня,0.8,0.4462633850287366,23,6,0,0,normal
2026-01-08T00:00:00,Холодильник,Кухня,0.8,0.4207098639547141,0,0,0,0,normal
2026-01-08T01:00:00,Холодильник,Кухня,0.8,0.19804971477749364,1,0,0,0,normal
2026-01-08T02:00:00,Холодильник,Кухня,0.8,0.31537633911006574,2,0,0,0,normal
2026-01-08T03:00:00,Холодильник,Кухня,0.8,0.4385631637685604,3,0,0,0,normal
2026-01-08T04:00:00,Холодильник,Кухня,0.8,0.25584288880575595,4,0,0,0,normal
2026-01-08T05:00:00,Холодильник,Кухня,0.8,0.6646951378935885,5,0,0,0,normal
2026-01-08T06:00:00,Холодильник,Кухня,0.8,0.6246228280595743,6,0,0,0,normal
2026-01-08T07:00:00,Холодильник,Кухня,0.8,0.36144802286428135,7,0,0,0,normal
2026-01-08T08:00:00,Холодильник,Кухня,0.8,0.4898404547922364,8,0,0,0,normal
2026-01-08T09:00:00,Холодильник,Кухня,0.8,0.44861830863214786,9,0,0,0,normal
2026-01-08T10:00:00,Холодильник,Кухня,0.8,0.3352520759269426,10,0,0,0,normal
2026-01-08T11:00:00,Холодильник,Кухня,0.8,0.3954822631817174,11,0,0,0,normal
2026-01-08T12:00:00,Холодильник,Кухня,0.8,0.3612801923095312,12,0,0,0,normal
2026-01-08T13:00:00,Холодильник,Кухня,0.8,0.4299171688740244,13,0,0,0,normal
2026-01-08T14:00:00,Холодильник,Кухня,0.8,0.5437684380690424,14,0,0,0,normal
2026-01-08T15:00:00,Холодильник,Кухня,0.8,0.4985001834398932,15,0,0,0,normal
2026-01-08T16:00:00,Холодильник,Кухня,0.8,0.44578284272203655,16,0,0,0,normal
2026-01-08T17:00:00,Холодильник,Кухня,0.8,0.4163577813431183,17,0,0,0,normal
2026-01-08T18:00:00,Холодильник,Кухня,0.8,0.538381353495014,18,0,0,0,normal
2026-01-08T19:00:00,Холодильник,Кухня,0.8,0.6092397467875812,19,0,0,0,normal
2026-01-08T20:00:00,Холодильник,Кухня,0.8,0.4848109149812543,20,0,0,0,normal
2026-01-08T21:00:00,Холодильник,Кухня,0.8,0.48949537698847223,21,0,0,0,normal
2026-01-08T22:00:00,Холодильник,Кухня,0.8,0.6120432546916039,22,0,0,0,normal
2026-01-08T23:00:00,Холодильник,Кухня,0.8,0.5929225111949417,23,0,0,0,normal
2026-01-09T00:00:00,Холодильник,Кухня,0.8,0.4624007391947759,0,1,0,0,normal
2026-01-09T01:00:00,Холодильник,Кухня,0.8,0.3589410531952855,1,1,0,0,normal
2026-01-09T02:00:00,Холодильник,Кухня,0.8,0.45981102090357034,2,1,0,0,normal
2026-01-09T03:00:00,Холодильник,Кухня,0.8,0.4483122835694471,3,1,0,0,normal
2026-01-09T04:00:00,Холодильник,Кухня,0.8,0.300085272621795,4,1,0,0,normal
2026-01-09T05:00:00,Холодильник,Кухня,0.8,0.48184906115257997,5,1,0,0,normal
2026-01-09T06:00:00,Холодильник,Кухня,0.8,0.3920352139840707,6,1,0,0,normal
2026-01-09T07:00:00,Холодильник,Кухня,0.8,0.4312915509081918,7,1,0,0,normal
2026-01-09T08:00:00,Холодильник,Кухня,0.8,0.4235518769682153,8,1,0,0,normal
2026-01-09T09:00:00,Холодильник,Кухня,0.8,0.5325935486718999,9,1,0,0,normal
2026-01-09T10:00:00,Холодильник,Кухня,0.8,0.1645763592502918,10,1,0,0,normal
2026-01-09T11:00:00,Холодильник,Кухня,0.8,0.29798939311068756,11,1,0,0,normal
2026-01-09T12:00:00,Холодильник,Кухня,0.8,0.44454376554161873,12,1,0,0,normal
2026-01-09T13:00:00,Холодильник,Кухня,0.8,0.5084558632026444,13,1,0,0,normal
2026-01-09T14:00:00,Холодильник,Кухня,0.8,0.5258262499865285,14,1,0,0,normal
2026-01-09T15:00:00,Холодильник,Кухня,0.8,0.3884899837227479,15,1,0,0,normal
2026-01-09T16:00:00,Холодильник,Кухня,0.8,0.3996260680614257,16,1,0,0,normal
2026-01-09T17:00:00,Холодильник,Кухня,0.8,0.364935113909389,17,1,0,0,normal
2026-01-09T18:00:00,Холодильник,Кухня,0.8,0.6004742069804001,18,1,0,0,normal
2026-01-09T19:00:00,Холодильник,Кухня,0.8,0.554698203095309,19,1,0,0,normal
2026-01-09T20:00:00,Холодильник,Кухня,0.8,0.6139649260858331,20,1,0,0,normal
2026-01-09T21:00:00,Холодильник,Кухня,0.8,0.56919298115852,21,1,0,0,normal
2026-01-09T22:00:00,Холодильник,Кухня,0.8,0.3962225390369775,22,1,0,0,normal
2026-01-09T23:00:00,Холодильник,Кухня,0.8,0.5004902441638999,23,1,0,1,point_outlier
2026-01-10T00:00:00,Холодильник,Кухня,0.8,0.3362397580980099,0,2,0,1,point_outlier
2026-01-10T01:00:00,Холодильник,Кухня,0.8,0.412364378349304,1,2,0,1,point_outlier
2026-01-10T02:00:00,Холодильник,Кухня,0.8,0.3314615680379047,2,2,0,0,normal
2026-01-10T03:00:00,Холодильник,Кухня,0.8,0.4856732721621136,3,2,0,0,normal
2026-01-10T04:00:00,Холодильник,Кухня,0.8,0.4504989858689942,4,2,0,0,normal
2026-01-10T05:00:00,Холодильник,Кухня,0.8,0.620003572217383,5,2,0,0,normal
2026-01-10T06:00:00,Холодильник,Кухня,0.8,0.31749609414885704,6,2,0,0,normal
2026-01-10T07:00:00,Холодильник,Кухня,0.8,0.5965562173199157,7,2,0,0,normal
2026-01-10T08:00:00,Холодильник,Кухня,0.8,0.4818844595632169,8,2,0,0,normal
2026-01-10T09:00:00,Холодильник,Кухня,0.8,0.3988963683181302,9,2,0,0,normal
2026-01-10T10:00:00,Холодильник,Кухня,0.8,0.5296412039393005,10,2,0,0,normal
2026-01-10T11:00:00,Холодильник,Кухня,0.8,0.23251660405559335,11,2,0,0,normal
2026-01-10T12:00:00,Холодильник,Кухня,0.8,0.4121595513758417,12,2,0,0,normal
2026-01-10T13:00:00,Холодильник,Кухня,0.8,0.546996022074452,13,2,0,0,normal
2026-01-10T14:00:00,Холодильник,Кухня,0.8,0.5283658238486023,14,2,0,0,normal
2026-01-10T15:00:00,Холодильник,Кухня,0.8,0.4302027212499481,15,2,0,1,drift
2026-01-10T16:00:00,Холодильник,Кухня,0.8,0.4801007247761761,16,2,0,1,drift
2026-01-10T17:00:00,Холодильник,Кухня,0.8,0.3483493760044457,17,2,0,1,drift
2026-01-10T18:00:00,Холодильник,Кухня,0.8,0.4518979859281343,18,2,0,1,drift
2026-01-10T19:00:00,Холодильник,Кухня,0.8,0.5077154518325333,19,2,0,1,drift
2026-01-10T20:00:00,Холодильник,Кухня,0.8,0.6817071173065645,20,2,0,1,drift
2026-01-10T21:00:00,Холодильник,Кухня,0.8,0.5645710795741969,21,2,0,1,drift
2026-01-10T22:00:00,Холодильник,Кухня,0.8,0.7271562542463423,22,2,0,1,drift
2026-01-10T23:00:00,Холодильник,Кухня,0.8,0.527364849480595,23,2,0,1,drift
2026-01-11T00:00:00,Холодильник,Кухня,0.8,0.29432701803474465,0,3,0,1,drift
2026-01-11T01:00:00,Холодильник,Кухня,0.8,0.45714013386946817,1,3,0,1,drift
2026-01-11T02:00:00,Холодильник,Кухня,0.8,0.2993696825088457,2,3,0,1,drift
2026-01-11T03:00:00,Холодильник,Кухня,0.8,0.3570000249679309,3,3,0,1,drift
2026-01-11T04:00:00,Холодильник,Кухня,0.8,0.44212334118347435,4,3,0,1,drift
2026-01-11T05:00:00,Холодильник,Кухня,0.8,0.38412267786595816,5,3,0,1,drift
2026-01-11T06:00:00,Холодильник,Кухня,0.8,0.490033956759272,6,3,0,1,drift
2026-01-11T07:00:00,Холодильник,Кухня,0.8,0.42333784878204844,7,3,0,1,drift
2026-01-11T08:00:00,Холодильник,Кухня,0.8,0.4342641981454186,8,3,0,1,drift
2026-01-11T09:00:00,Холодильник,Кухня,0.8,0.3772201633641235,9,3,0,1,drift
2026-01-11T10:00:00,Холодильник,Кухня,0.8,0.34070440780310074,10,3,0,1,drift
2026-01-11T11:00:00,Холодильник,Кухня,0.8,0.4981283442087144,11,3,0,1,drift
2026-01-11T12:00:00,Холодильник,Кухня,0.8,0.43359629420537527,12,3,0,1,drift
2026-01-11T13:00:00,Холодильник,Кухня,0.8,0.4654461042766447,13,3,0,1,drift
2026-01-11T14:00:00,Холодильник,Кухня,0.8,0.5794176712079816,14,3,0,1,drift
2026-01-11T15:00:00,Холодильник,Кухня,0.8,0.6290026867253242,15,3,0,1,drift
2026-01-11T16:00:00,Холодильник,Кухня,0.8,0.5268475812800198,16,3,0,1,drift
2026-01-11T17:00:00,Холодильник,Кухня,0.8,0.32854396768278815,17,3,0,1,drift
2026-01-11T18:00:00,Холодильник,Кухня,0.8,0.5131198923870601,18,3,0,1,drift
2026-01-11T19:00:00,Холодильник,Кухня,0.8,0.6163414862566247,19,3,0,1,drift
2026-01-11T20:00:00,Холодильник,Кухня,0.8,0.6830172081014227,20,3,0,1,drift
2026-01-11T21:00:00,Холодильник,Кухня,0.8,0.5456586873832926,21,3,0,1,drift
2026-01-11T22:00:00,Холодильник,Кухня,0.8,0.5291149546377604,22,3,0,1,drift
2026-01-11T23:00:00,Холодильник,Кухня,0.8,0.3988894348830031,23,3,0,1,drift
2026-01-12T00:00:00,Холодильник,Кухня,0.8,0.40639343234588615,0,4,0,1,drift
2026-01-12T01:00:00,Холодильник,Кухня,0.8,0.2822797269616916,1,4,0,1,drift
2026-01-12T02:00:00,Холодильник,Кухня,0.8,0.4709126346757621,2,4,0,1,drift
2026-01-12T03:00:00,Холодильник,Кухня,0.8,0.3486998474476073,3,4,0,1,drift
2026-01-12T04:00:00,Холодильник,Кухня,0.8,0.3410456471381757,4,4,0,1,drift
2026-01-12T05:00:00,Холодильник,Кухня,0.8,0.48067480656759837,5,4,0,1,drift
2026-01-12T06:00:00,Холодильник,Кухня,0.8,0.5249498160749483,6,4,0,1,drift
2026-01-12T07:00:00,Холодильник,Кухня,0.8,0.41606208623433205,7,4,0,1,drift
2026-01-12T08:00:00,Холодильник,Кухня,0.8,0.46709900621334843,8,4,0,1,drift
2026-01-12T09:00:00,Холодильник,Кухня,0.8,0.3469012913004681,9,4,0,1,drift
2026-01-12T10:00:00,Холодильник,Кухня,0.8,0.3872498317458875,10,4,0,1,drift
2026-01-12T11:00:00,Холодильник,Кухня,0.8,0.3271535161589436,11,4,0,1,drift
2026-01-12T12:00:00,Холодильник,Кухня,0.8,0.4147727085147618,12,4,0,1,drift
2026-01-12T13:00:00,Холодильник,Кухня,0.8,0.40475947077252455,13,4,0,1,drift
2026-01-12T14:00:00,Холодильник,Кухня,0.8,0.4048959164545279,14,4,0,1,drift
2026-01-12T15:00:00,Холодильник,Кухня,0.8,0.5135523378575754,15,4,0,1,drift
2026-01-12T16:00:00,Холодильник,Кухня,0.8,0.28982999450103153,16,4,0,1,drift
2026-01-12T17:00:00,Холодильник,Кухня,0.8,0.5152459328376706,17,4,0,1,drift
2026-01-12T18:00:00,Холодильник,Кухня,0.8,0.4414199742606956,18,4,0,1,drift
2026-01-12T19:00:00,Холодильник,Кухня,0.8,0.7201698074781601,19,4,0,1,drift
2026-01-12T20:00:00,Холодильник,Кухня,0.8,0.6496587507396365,20,4,0,0,normal
2026-01-12T21:00:00,Холодильник,Кухня,0.8,0.5548932599287416,21,4,0,0,normal
2026-01-12T22:00:00,Холодильник,Кухня,0.8,0.4746594876473134,22,4,0,0,normal
2026-01-12T23:00:00,Холодильник,Кухня,0.8,0.5085584492565136,23,4,0,0,normal
2026-01-13T00:00:00,Холодильник,Кухня,0.8,0.5190598961498011,0,5,0,0,normal
2026-01-13T01:00:00,Холодильник,Кухня,0.8,0.46148663222895625,1,5,0,0,normal
2026-01-13T02:00:00,Холодильник,Кухня,0.8,0.5226895753166914,2,5,0,0,normal
2026-01-13T03:00:00,Холодильник,Кухня,0.8,0.45817275583026557,3,5,0,0,normal
2026-01-13T04:00:00,Холодильник,Кухня,0.8,0.5818619978679914,4,5,0,0,normal
2026-01-13T05:00:00,Холодильник,Кухня,0.8,0.45726996127819675,5,5,0,0,normal
2026-01-13T06:00:00,Холодильник,Кухня,0.8,0.5645608286601164,6,5,0,0,normal
2026-01-13T07:00:00,Холодильник,Кухня,0.8,0.5871012597989824,7,5,0,0,normal
2026-01-13T08:00:00,Холодильник,Кухня,0.8,0.42637259102602887,8,5,0,0,normal
2026-01-13T09:00:00,Холодильник,Кухня,0.8,0.4231928675054352,9,5,0,0,normal
2026-01-13T10:00:00,Холодильник,Кухня,0.8,0.5265514571381542,10,5,0,0,normal
2026-01-13T11:00:00,Холодильник,Кухня,0.8,0.3961913295058219,11,5,0,0,normal
2026-01-13T12:00:00,Холодильник,Кухня,0.8,0.4093561416938614,12,5,0,0,normal
2026-01-13T13:00:00,Холодильник,Кухня,0.8,0.5873542057481865,13,5,0,0,normal
2026-01-13T14:00:00,Холодильник,Кухня,0.8,0.4288894458204388,14,5,0,0,normal
2026-01-13T15:00:00,Холодильник,Кухня,0.8,0.5070980022329579,15,5,0,0,normal
2026-01-13T16:00:00,Холодильник,Кухня,0.8,0.5709734455731983,16,5,0,0,normal
2026-01-13T17:00:00,Холодильник,Кухня,0.8,0.3757000165658716,17,5,0,0,normal
2026-01-13T18:00:00,Холодильник,Кухня,0.8,0.5478349983709367,18,5,0,0,normal
2026-01-13T19:00:00,Холодильник,Кухня,0.8,0.6205962885981426,19,5,0,0,normal
2026-01-13T20:00:00,Холодильник,Кухня,0.8,0.805890647244366,20,5,0,0,normal
2026-01-13T21:00:00,Холодильник,Кухня,0.8,0.493030006400461,21,5,0,0,normal
2026-01-13T22:00:00,Холодильник,Кухня,0.8,0.5423115595848423,22,5,0,0,normal
2026-01-13T23:00:00,Холодильник,Кухня,0.8,0.5270882989270975,23,5,0,0,normal
2026-01-14T00:00:00,Холодильник,Кухня,0.8,0.5322298471539413,0,6,0,0,normal
2026-01-14T01:00:00,Холодильник,Кухня,0.8,0.5056991068171356,1,6,0,0,normal
2026-01-14T02:00:00,Холодильник,Кухня,0.8,0.48617078514973544,2,6,0,0,normal
2026-01-14T03:00:00,Холодильник,Кухня,0.8,0.5479258780862729,3,6,0,0,normal
2026-01-14T04:00:00,Холодильник,Кухня,0.8,0.5512847518713602,4,6,0,0,normal
2026-01-14T05:00:00,Холодильник,Кухня,0.8,0.4649167925943945,5,6,0,0,normal
2026-01-14T06:00:00,Холодильник,Кухня,0.8,0.5075593990368965,6,6,0,0,normal
2026-01-14T07:00:00,Холодильник,Кухня,0.8,0.5102405634492334,7,6,0,0,normal
2026-01-14T08:00:00,Холодильник,Кухня,0.8,0.4521995436488279,8,6,0,0,normal
2026-01-14T09:00:00,Холодильник,Кухня,0.8,0.42642695665493063,9,6,0,0,normal
2026-01-14T10:00:00,Холодильник,Кухня,0.8,0.4824746601621446,10,6,0,0,normal
2026-01-14T11:00:00,Холодильник,Кухня,0.8,0.35443324512623114,11,6,0,0,normal
2026-01-14T12:00:00,Холодильник,Кухня,0.8,0.5476568349763722,12,6,0,0,normal
2026-01-14T13:00:00,Холодильник,Кухня,0.8,0.5929580405120144,13,6,0,0,normal
2026-01-14T14:00:00,Холодильник,Кухня,0.8,0.5639019498124958,14,6,0,0,normal
2026-01-14T15:00:00,Холодильник,Кухня,0.8,0.5106931021569198,15,6,0,0,normal
2026-01-14T16:00:00,Холодильник,Кухня,0.8,0.6308685753238769,16,6,0,0,normal
2026-01-14T17:00:00,Холодильник,Кухня,0.8,0.39537136478139695,17,6,0,0,normal
2026-01-14T18:00:00,Холодильник,Кухня,0.8,0.5958045153875093,18,6,0,0,normal
2026-01-14T19:00:00,Холодильник,Кухня,0.8,0.6646114988012847,19,6,0,0,normal
2026-01-14T20:00:00,Холодильник,Кухня,0.8,0.803849655240141,20,6,0,0,normal
2026-01-14T21:00:00,Холодильник,Кухня,0.8,0.6963052504019808,21,6,0,0,normal
2026-01-14T22:00:00,Холодильник,Кухня,0.8,0.6150374580759196,22,6,0,0,normal
2026-01-14T23:00:00,Холодильник,Кухня,0.8,0.6311182998699497,23,6,0,0,normal
2026-01-15T00:00:00,Холодильник,Кухня,0.8,0.3977079753999014,0,0,0,0,normal
2026-01-15T01:00:00,Холодильник,Кухня,0.8,0.4260954419166383,1,0,0,0,normal
2026-01-15T02:00:00,Холодильник,Кухня,0.8,0.386219502154688,2,0,0,0,normal
2026-01-15T03:00:00,Холодильник,Кухня,0.8,0.3720151974896295,3,0,0,0,normal
2026-01-15T04:00:00,Холодильник,Кухня,0.8,0.3032990523630038,4,0,0,0,normal
2026-01-15T05:00:00,Холодильник,Кухня,0.8,0.4696609831500026,5,0,0,0,normal
2026-01-15T06:00:00,Холодильник,Кухня,0.8,0.42360921749040764,6,0,0,0,normal
2026-01-15T07:00:00,Холодильник,Кухня,0.8,0.501687385892484,7,0,0,0,normal
2026-01-15T08:00:00,Холодильник,Кухня,0.8,0.6297099663141047,8,0,0,0,normal
2026-01-15T09:00:00,Холодильник,Кухня,0.8,0.36182113960351747,9,0,0,0,normal
2026-01-15T10:00:00,Холодильник,Кухня,0.8,0.42864291311742303,10,0,0,0,normal
2026-01-15T11:00:00,Холодильник,Кухня,0.8,0.43140802977043136,11,0,0,0,normal
2026-01-15T12:00:00,Холодильник,Кухня,0.8,0.28553447111243774,12,0,0,0,normal
2026-01-15T13:00:00,Холодильник,Кухня,0.8,0.4969457386494131,13,0,0,0,normal
2026-01-15T14:00:00,Холодильник,Кухня,0.8,0.4358929984801813,14,0,0,0,normal
2026-01-15T15:00:00,Холодильник,Кухня,0.8,0.4259515203452402,15,0,0,0,normal
2026-01-15T16:00:00,Холодильник,Кухня,0.8,0.49728522864768265,16,0,0,0,normal
2026-01-15T17:00:00,Холодильник,Кухня,0.8,0.3475849876601719,17,0,0,0,normal
2026-01-15T18:00:00,Холодильник,Кухня,0.8,0.4253887980928296,18,0,0,0,normal
2026-01-15T19:00:00,Холодильник,Кухня,0.8,0.6177735947908096,19,0,0,0,normal
2026-01-15T20:00:00,Холодильник,Кухня,0.8,0.7054619046612572,20,0,0,0,normal
2026-01-15T21:00:00,Холодильник,Кухня,0.8,0.5553113977188877,21,0,0,0,normal
2026-01-15T22:00:00,Холодильник,Кухня,0.8,0.569694486357219,22,0,0,0,normal
2026-01-15T23:00:00,Холодильник,Кухня,0.8,0.35340019792062,23,0,0,0,normal
2026-01-16T00:00:00,Холодильник,Кухня,0.8,0.40177299354588475,0,1,0,0,normal
2026-01-16T01:00:00,Холодильник,Кухня,0.8,0.436801961271122,1,1,0,0,normal
2026-01-16T02:00:00,Холодильник,Кухня,0.8,0.33065216631886635,2,1,0,0,normal
2026-01-16T03:00:00,Холодильник,Кухня,0.8,0.44119147002391207,3,1,0,0,normal
2026-01-16T04:00:00,Холодильник,Кухня,0.8,0.46182457321085885,4,1,0,0,normal
2026-01-16T05:00:00,Холодильник,Кухня,0.8,0.494474321131282,5,1,0,1,contextual
2026-01-16T06:00:00,Холодильник,Кухня,0.8,0.6178865652995752,6,1,0,1,contextual
2026-01-16T07:00:00,Холодильник,Кухня,0.8,0.5850017327598503,7,1,0,1,contextual
2026-01-16T08:00:00,Холодильник,Кухня,0.8,0.3217438348575718,8,1,0,1,contextual
2026-01-16T09:00:00,Холодильник,Кухня,0.8,0.3358852315912563,9,1,0,1,contextual
2026-01-16T10:00:00,Холодильник,Кухня,0.8,0.4031619671294229,10,1,0,1,contextual
2026-01-16T11:00:00,Холодильник,Кухня,0.8,0.33013774120742884,11,1,0,1,contextual
2026-01-16T12:00:00,Холодильник,Кухня,0.8,0.5672662415364292,12,1,0,0,normal
2026-01-16T13:00:00,Холодильник,Кухня,0.8,0.5343967576473507,13,1,0,0,normal
2026-01-16T14:00:00,Холодильник,Кухня,0.8,0.4066470876012393,14,1,0,0,normal
2026-01-16T15:00:00,Холодильник,Кухня,0.8,0.3960406062266938,15,1,0,0,normal
2026-01-16T16:00:00,Холодильник,Кухня,0.8,0.32805861741732306,16,1,0,0,normal
2026-01-16T17:00:00,Холодильник,Кухня,0.8,0.42584077328912734,17,1,0,0,normal
2026-01-16T18:00:00,Холодильник,Кухня,0.8,0.4270859197304855,18,1,0,0,normal
2026-01-16T19:00:00,Холодильник,Кухня,0.8,0.48938823365781303,19,1,0,0,normal
2026-01-16T20:00:00,Холодильник,Кухня,0.8,0.49574379012176845,20,1,0,0,normal
2026-01-16T21:00:00,Холодильник,Кухня,0.8,0.6198142841809697,21,1,0,0,normal
2026-01-16T22:00:00,Холодильник,Кухня,0.8,0.45528332082084905,22,1,0,0,normal
2026-01-16T23:00:00,Холодильник,Кухня,0.8,0.4128793815631676,23,1,0,0,normal
2026-01-17T00:00:00,Холодильник,Кухня,0.8,0.2597918167341015,0,2,0,0,normal
2026-01-17T01:00:00,Холодильник,Кухня,0.8,0.4143496310507031,1,2,0,0,normal
2026-01-17T02:00:00,Холодильник,Кухня,0.8,0.40467136566686834,2,2,0,0,normal
2026-01-17T03:00:00,Холодильник,Кухня,0.8,0.45890647843445304,3,2,0,0,normal
2026-01-17T04:00:00,Холодильник,Кухня,0.8,0.5794963213477787,4,2,0,0,normal
2026-01-17T05:00:00,Холодильник,Кухня,0.8,0.4898731431902911,5,2,0,0,normal
2026-01-17T06:00:00,Холодильник,Кухня,0.8,0.48158532068592086,6,2,0,0,normal
2026-01-17T07:00:00,Холодильник,Кухня,0.8,0.3326485942788889,7,2,0,0,normal
2026-01-17T08:00:00,Холодильник,Кухня,0.8,0.4154721267967867,8,2,0,0,normal
2026-01-17T09:00:00,Холодильник,Кухня,0.8,0.4134244380145488,9,2,0,0,normal
2026-01-17T10:00:00,Холодильник,Кухня,0.8,0.36551499823395645,10,2,0,0,normal
2026-01-17T11:00:00,Холодильник,Кухня,0.8,0.19520819275668855,11,2,0,0,normal
2026-01-17T12:00:00,Холодильник,Кухня,0.8,0.46493996276006505,12,2,0,0,normal
2026-01-17T13:00:00,Холодильник,Кухня,0.8,0.4759956083162504,13,2,0,0,normal
2026-01-17T14:00:00,Холодильник,Кухня,0.8,0.4366244859654977,14,2,0,0,normal
2026-01-17T15:00:00,Холодильник,Кухня,0.8,0.43010104653565095,15,2,0,0,normal
2026-01-17T16:00:00,Холодильник,Кухня,0.8,0.2786513877489867,16,2,0,0,normal
2026-01-17T17:00:00,Холодильник,Кухня,0.8,0.41199015781525977,17,2,0,0,normal
2026-01-17T18:00:00,Холодильник,Кухня,0.8,0.44401956387087926,18,2,0,0,normal
2026-01-17T19:00:00,Холодильник,Кухня,0.8,0.453743518675932,19,2,0,0,normal
2026-01-17T20:00:00,Холодильник,Кухня,0.8,0.7503662218096473,20,2,0,0,normal
2026-01-17T21:00:00,Холодильник,Кухня,0.8,0.6599242261620134,21,2,0,0,normal
2026-01-17T22:00:00,Холодильник,Кухня,0.8,0.5744251815923953,22,2,0,0,normal
2026-01-17T23:00:00,Холодильник,Кухня,0.8,0.47472011699006234,23,2,0,0,normal
2026-01-18T00:00:00,Холодильник,Кухня,0.8,0.3277424491743756,0,3,0,0,normal
2026-01-18T01:00:00,Холодильник,Кухня,0.8,0.37278543260337976,1,3,0,0,normal
2026-01-18T02:00:00,Холодильник,Кухня,0.8,0.41485785561014416,2,3,0,0,normal
2026-01-18T03:00:00,Холодильник,Кухня,0.8,0.3605787221077875,3,3,0,0,normal
2026-01-18T04:00:00,Холодильник,Кухня,0.8,0.41861346276051187,4,3,0,0,normal
2026-01-18T05:00:00,Холодильник,Кухня,0.8,0.49510248082733127,5,3,0,0,normal
2026-01-18T06:00:00,Холодильник,Кухня,0.8,0.4185940828496284,6,3,0,0,normal
2026-01-18T07:00:00,Холодильник,Кухня,0.8,0.5255346514604552,7,3,0,0,normal
2026-01-18T08:00:00,Холодильник,Кухня,0.8,0.4915047442306801,8,3,0,0,normal
2026-01-18T09:00:00,Холодильник,Кухня,0.8,0.349201383669092,9,3,0,0,normal
2026-01-18T10:00:00,Холодильник,Кухня,0.8,0.28813303185668104,10,3,0,0,normal
2026-01-18T11:00:00,Холодильник,Кухня,0.8,0.5134023060604024,11,3,0,0,normal
2026-01-18T12:00:00,Холодильник,Кухня,0.8,0.4723852538623642,12,3,0,0,normal
2026-01-18T13:00:00,Холодильник,Кухня,0.8,0.22598498590073876,13,3,0,0,normal
2026-01-18T14:00:00,Холодильник,Кухня,0.8,0.4533914554987282,14,3,0,0,normal
2026-01-18T15:00:00,Холодильник,Кухня,0.8,0.3698764801157539,15,3,0,0,normal
2026-01-18T16:00:00,Холодильник,Кухня,0.8,0.34996702512610267,16,3,0,0,normal
2026-01-18T17:00:00,Холодильник,Кухня,0.8,0.3288009388767752,17,3,0,0,normal
2026-01-18T18:00:00,Холодильник,Кухня,0.8,0.46997880911448525,18,3,0,0,normal
2026-01-18T19:00:00,Холодильник,Кухня,0.8,0.5365268879836194,19,3,0,0,normal
2026-01-18T20:00:00,Холодильник,Кухня,0.8,0.4938790845353775,20,3,0,0,normal
2026-01-18T21:00:00,Холодильник,Кухня,0.8,0.45354349004972944,21,3,0,0,normal
2026-01-18T22:00:00,Холодильник,Кухня,0.8,0.33503891551545856,22,3,0,0,normal
2026-01-18T23:00:00,Холодильник,Кухня,0.8,0.47399474790406576,23,3,0,0,normal
2026-01-19T00:00:00,Холодильник,Кухня,0.8,0.4294858684121956,0,4,0,0,normal
2026-01-19T01:00:00,Холодильник,Кухня,0.8,0.4307994846379221,1,4,0,0,normal
2026-01-19T02:00:00,Холодильник,Кухня,0.8,0.46659578546920855,2,4,0,0,normal
2026-01-19T03:00:00,Холодильник,Кухня,0.8,0.38638264858358,3,4,0,0,normal
2026-01-19T04:00:00,Холодильник,Кухня,0.8,0.4080181904422459,4,4,0,0,normal
2026-01-19T05:00:00,Холодильник,Кухня,0.8,0.6485728160387261,5,4,0,0,normal
2026-01-19T06:00:00,Холодильник,Кухня,0.8,0.4352284967482353,6,4,0,0,normal
2026-01-19T07:00:00,Холодильник,Кухня,0.8,0.3592305504348348,7,4,0,0,normal
2026-01-19T08:00:00,Холодильник,Кухня,0.8,0.3727640154843414,8,4,0,0,normal
2026-01-19T09:00:00,Холодильник,Кухня,0.8,0.3970356251814556,9,4,0,0,normal
2026-01-19T10:00:00,Холодильник,Кухня,0.8,0.4708354305670796,10,4,0,0,normal
2026-01-19T11:00:00,Холодильник,Кухня,0.8,0.2870908337788374,11,4,0,0,normal
2026-01-19T12:00:00,Холодильник,Кухня,0.8,0.24626128391368354,12,4,0,0,normal
2026-01-19T13:00:00,Холодильник,Кухня,0.8,0.4702113061121183,13,4,0,0,normal
2026-01-19T14:00:00,Холодильник,Кухня,0.8,0.4307445491028402,14,4,0,0,normal
2026-01-19T15:00:00,Холодильник,Кухня,0.8,0.38319464964900063,15,4,0,0,normal
2026-01-19T16:00:00,Холодильник,Кухня,0.8,0.3359618669223027,16,4,0,0,normal
2026-01-19T17:00:00,Холодильник,Кухня,0.8,0.38990161312002614,17,4,0,0,normal
2026-01-19T18:00:00,Холодильник,Кухня,0.8,0.3300951292703078,18,4,0,0,normal
2026-01-19T19:00:00,Холодильник,Кухня,0.8,0.664756448294493,19,4,0,0,normal
2026-01-19T20:00:00,Холодильник,Кухня,0.8,0.559320250384083,20,4,0,0,normal
2026-01-19T21:00:00,Холодильник,Кухня,0.8,0.5510120194357132,21,4,0,0,normal
2026-01-19T22:00:00,Холодильник,Кухня,0.8,0.6074173296100871,22,4,0,0,normal
2026-01-19T23:00:00,Холодильник,Кухня,0.8,0.3850086040128362,23,4,0,0,normal
2026-01-20T00:00:00,Холодильник,Кухня,0.8,0.47505391720082485,0,5,0,0,normal
2026-01-20T01:00:00,Холодильник,Кухня,0.8,0.4173784966543344,1,5,0,0,normal
2026-01-20T02:00:00,Холодильник,Кухня,0.8,0.47172345520972986,2,5,0,0,normal
2026-01-20T03:00:00,Холодильник,Кухня,0.8,0.630214721601636,3,5,0,0,normal
2026-01-20T04:00:00,Холодильник,Кухня,0.8,0.39018318075339303,4,5,0,0,normal
2026-01-20T05:00:00,Холодильник,Кухня,0.8,0.5342903421626645,5,5,0,0,normal
2026-01-20T06:00:00,Холодильник,Кухня,0.8,0.7403043985126714,6,5,0,0,normal
2026-01-20T07:00:00,Холодильник,Кухня,0.8,0.43855503098065346,7,5,0,0,normal
2026-01-20T08:00:00,Холодильник,Кухня,0.8,0.6064362705314741,8,5,0,0,normal
2026-01-20T09:00:00,Холодильник,Кухня,0.8,0.4484315677758201,9,5,0,0,normal
2026-01-20T10:00:00,Холодильник,Кухня,0.8,0.461860774313663,10,5,0,0,normal
2026-01-20T11:00:00,Холодильник,Кухня,0.8,0.43216308960532696,11,5,0,0,normal
2026-01-20T12:00:00,Холодильник,Кухня,0.8,0.45375042517443814,12,5,0,0,normal
2026-01-20T13:00:00,Холодильник,Кухня,0.8,0.39854031855424643,13,5,0,0,normal
2026-01-20T14:00:00,Холодильник,Кухня,0.8,0.503675493367379,14,5,0,0,normal
2026-01-20T15:00:00,Холодильник,Кухня,0.8,0.5848879643107072,15,5,0,0,normal
2026-01-20T16:00:00,Холодильник,Кухня,0.8,0.4361813222042363,16,5,0,0,normal
2026-01-20T17:00:00,Холодильник,Кухня,0.8,0.33522640872368925,17,5,0,0,normal
2026-01-20T18:00:00,Холодильник,Кухня,0.8,0.4221933689365959,18,5,0,0,normal
2026-01-20T19:00:00,Холодильник,Кухня,0.8,0.725849299011347,19,5,0,0,normal
2026-01-20T20:00:00,Холодильник,Кухня,0.8,0.7876630910388364,20,5,0,0,normal
2026-01-20T21:00:00,Холодильник,Кухня,0.8,0.5553856492666438,21,5,0,0,normal
2026-01-20T22:00:00,Холодильник,Кухня,0.8,0.5582807551356062,22,5,0,0,normal
2026-01-20T23:00:00,Холодильник,Кухня,0.8,0.6064132687196779,23,5,0,0,normal
2026-01-21T00:00:00,Холодильник,Кухня,0.8,0.5172744782964284,0,6,0,0,normal
2026-01-21T01:00:00,Холодильник,Кухня,0.8,0.45203295607446353,1,6,0,0,normal
2026-01-21T02:00:00,Холодильник,Кухня,0.8,0.48399452475395277,2,6,0,0,normal
2026-01-21T03:00:00,Холодильник,Кухня,0.8,0.352883023806533,3,6,0,0,normal
2026-01-21T04:00:00,Холодильник,Кухня,0.8,0.4288697986044162,4,6,0,0,normal
2026-01-21T05:00:00,Холодильник,Кухня,0.8,0.5981346582026213,5,6,0,0,normal
2026-01-21T06:00:00,Холодильник,Кухня,0.8,0.6041156765494141,6,6,0,0,normal
2026-01-21T07:00:00,Холодильник,Кухня,0.8,0.5694542515970474,7,6,0,0,normal
2026-01-21T08:00:00,Холодильник,Кухня,0.8,0.4858162222076293,8,6,0,0,normal
2026-01-21T09:00:00,Холодильник,Кухня,0.8,0.354391333408523,9,6,0,0,normal
2026-01-21T10:00:00,Холодильник,Кухня,0.8,0.42371045778196953,10,6,0,0,normal
2026-01-21T11:00:00,Холодильник,Кухня,0.8,0.4984886664026336,11,6,0,0,normal
2026-01-21T12:00:00,Холодильник,Кухня,0.8,0.49459367370551893,12,6,0,0,normal
2026-01-21T13:00:00,Холодильник,Кухня,0.8,0.558705052698356,13,6,0,0,normal
2026-01-21T14:00:00,Холодильник,Кухня,0.8,0.45070195294902066,14,6,0,0,normal
2026-01-21T15:00:00,Холодильник,Кухня,0.8,0.5111855335102721,15,6,0,0,normal
2026-01-21T16:00:00,Холодильник,Кухня,0.8,0.4806384971593107,16,6,0,0,normal
2026-01-21T17:00:00,Холодильник,Кухня,0.8,0.39898150806542343,17,6,0,0,normal
2026-01-21T18:00:00,Холодильник,Кухня,0.8,0.49429065432319724,18,6,0,0,normal
2026-01-21T19:00:00,Холодильник,Кухня,0.8,0.6840571921329079,19,6,0,0,normal
2026-01-21T20:00:00,Холодильник,Кухня,0.8,0.7239405924966157,20,6,0,0,normal
2026-01-21T21:00:00,Холодильник,Кухня,0.8,0.701690762327539,21,6,0,0,normal
2026-01-21T22:00:00,Холодильник,Кухня,0.8,0.7326031857450841,22,6,0,0,normal
2026-01-21T23:00:00,Холодильник,Кухня,0.8,0.5530105164358751,23,6,0,0,normal
2026-01-22T00:00:00,Холодильник,Кухня,0.8,0.42565525475724825,0,0,0,0,normal
2026-01-22T01:00:00,Холодильник,Кухня,0.8,0.38292101803436157,1,0,0,0,normal
2026-01-22T02:00:00,Холодильник,Кухня,0.8,0.23513641802476387,2,0,0,0,normal
2026-01-22T03:00:00,Холодильник,Кухня,0.8,0.2690777252372275,3,0,0,0,normal
2026-01-22T04:00:00,Холодильник,Кухня,0.8,0.44226898715531787,4,0,0,0,normal
2026-01-22T05:00:00,Холодильник,Кухня,0.8,0.39611232648993167,5,0,0,0,normal
2026-01-22T06:00:00,Холодильник,Кухня,0.8,0.5078901159743492,6,0,0,0,normal
2026-01-22T07:00:00,Холодильник,Кухня,0.8,0.33359784801164927,7,0,0,0,normal
2026-01-22T08:00:00,Холодильник,Кухня,0.8,0.43117728962122437,8,0,0,0,normal
2026-01-22T09:00:00,Холодильник,Кухня,0.8,0.3562166297045043,9,0,0,0,normal
2026-01-22T10:00:00,Холодильник,Кухня,0.8,0.34484011422620736,10,0,0,0,normal
2026-01-22T11:00:00,Холодильник,Кухня,0.8,0.354193508903146,11,0,0,0,normal
2026-01-22T12:00:00,Холодильник,Кухня,0.8,0.2379310768019311,12,0,0,0,normal
2026-01-22T13:00:00,Холодильник,Кухня,0.8,0.5002579149148058,13,0,0,0,normal
2026-01-22T14:00:00,Холодильник,Кухня,0.8,0.3470937348886631,14,0,0,0,normal
2026-01-22T15:00:00,Холодильник,Кухня,0.8,0.4371228563190704,15,0,0,0,normal
2026-01-22T16:00:00,Холодильник,Кухня,0.8,0.3692984764679271,16,0,0,0,normal
2026-01-22T17:00:00,Холодильник,Кухня,0.8,0.4295147087720393,17,0,0,0,normal
2026-01-22T18:00:00,Холодильник,Кухня,0.8,0.4613591467932929,18,0,0,0,normal
2026-01-22T19:00:00,Холодильник,Кухня,0.8,0.6194460575066342,19,0,0,0,normal
2026-01-22T20:00:00,Холодильник,Кухня,0.8,0.5814524471819366,20,0,0,0,normal
2026-01-22T21:00:00,Холодильник,Кухня,0.8,0.5193773951001701,21,0,0,0,normal
2026-01-22T22:00:00,Холодильник,Кухня,0.8,0.4207850322146662,22,0,0,0,normal
2026-01-22T23:00:00,Холодильник,Кухня,0.8,0.39021771760722856,23,0,0,0,normal
2026-01-23T00:00:00,Холодильник,Кухня,0.8,0.4037208287972353,0,1,0,0,normal
2026-01-23T01:00:00,Холодильник,Кухня,0.8,0.3839020342477788,1,1,0,0,normal
2026-01-23T02:00:00,Холодильник,Кухня,0.8,0.32625851724202454,2,1,0,0,normal
2026-01-23T03:00:00,Холодильник,Кухня,0.8,0.47888941925187,3,1,0,0,normal
2026-01-23T04:00:00,Холодильник,Кухня,0.8,0.44206263096970755,4,1,0,0,normal
2026-01-23T05:00:00,Холодильник,Кухня,0.8,0.3481238902304441,5,1,0,0,normal
2026-01-23T06:00:00,Холодильник,Кухня,0.8,0.634599762344084,6,1,0,0,normal
2026-01-23T07:00:00,Холодильник,Кухня,0.8,0.3066660313363384,7,1,0,0,normal
2026-01-23T08:00:00,Холодильник,Кухня,0.8,0.4313953370696989,8,1,0,0,normal
2026-01-23T09:00:00,Холодильник,Кухня,0.8,0.33966440582256036,9,1,0,0,normal
2026-01-23T10:00:00,Холодильник,Кухня,0.8,0.4446827998538792,10,1,0,0,normal
2026-01-23T11:00:00,Холодильник,Кухня,0.8,0.3994547731907278,11,1,0,0,normal
2026-01-23T12:00:00,Холодильник,Кухня,0.8,0.3047909442517822,12,1,0,0,normal
2026-01-23T13:00:00,Холодильник,Кухня,0.8,0.4847557973164004,13,1,0,0,normal
2026-01-23T14:00:00,Холодильник,Кухня,0.8,0.26881582662755876,14,1,0,0,normal
2026-01-23T15:00:00,Холодильник,Кухня,0.8,0.5165486451602888,15,1,0,0,normal
2026-01-23T16:00:00,Холодильник,Кухня,0.8,0.39888201850239935,16,1,0,0,normal
2026-01-23T17:00:00,Холодильник,Кухня,0.8,0.2871637984626286,17,1,0,0,normal
2026-01-23T18:00:00,Холодильник,Кухня,0.8,0.5324608874309017,18,1,0,0,normal
2026-01-23T19:00:00,Холодильник,Кухня,0.8,0.6007286772998481,19,1,0,0,normal
2026-01-23T20:00:00,Холодильник,Кухня,0.8,0.5879728201638381,20,1,0,0,normal
2026-01-23T21:00:00,Холодильник,Кухня,0.8,0.5547119567132832,21,1,0,0,normal
2026-01-23T22:00:00,Холодильник,Кухня,0.8,0.5054153948122776,22,1,0,0,normal
2026-01-23T23:00:00,Холодильник,Кухня,0.8,0.4148051866393071,23,1,0,0,normal
2026-01-24T00:00:00,Холодильник,Кухня,0.8,0.4610629268574926,0,2,0,0,normal
2026-01-24T01:00:00,Холодильник,Кухня,0.8,0.20884927778028572,1,2,0,0,normal
2026-01-24T02:00:00,Холодильник,Кухня,0.8,0.10327224889991017,2,2,0,0,normal
2026-01-24T03:00:00,Холодильник,Кухня,0.8,0.3958603787255603,3,2,0,0,normal
2026-01-24T04:00:00,Холодильник,Кухня,0.8,0.4476624527164551,4,2,0,0,normal
2026-01-24T05:00:00,Холодильник,Кухня,0.8,0.3851780145711462,5,2,0,0,normal
2026-01-24T06:00:00,Холодильник,Кухня,0.8,0.40877489854547716,6,2,0,0,normal
2026-01-24T07:00:00,Холодильник,Кухня,0.8,0.5597694584772671,7,2,0,0,normal
2026-01-24T08:00:00,Холодильник,Кухня,0.8,0.36665771368040495,8,2,0,0,normal
2026-01-24T09:00:00,Холодильник,Кухня,0.8,0.3174928933327351,9,2,0,0,normal
2026-01-24T10:00:00,Холодильник,Кухня,0.8,0.23794510030113783,10,2,0,0,normal
2026-01-24T11:00:00,Холодильник,Кухня,0.8,0.37719257447219084,11,2,0,0,normal
2026-01-24T12:00:00,Холодильник,Кухня,0.8,0.21234735113064188,12,2,0,0,normal
2026-01-24T13:00:00,Холодильник,Кухня,0.8,0.3830949334704771,13,2,0,0,normal
2026-01-24T14:00:00,Холодильник,Кухня,0.8,0.37005273141875633,14,2,0,0,normal
2026-01-24T15:00:00,Холодильник,Кухня,0.8,0.4373149801968241,15,2,0,0,normal
2026-01-24T16:00:00,Холодильник,Кухня,0.8,0.4538540421885163,16,2,0,0,normal
2026-01-24T17:00:00,Холодильник,Кухня,0.8,0.32857220021348793,17,2,0,0,normal
2026-01-24T18:00:00,Холодильник,Кухня,0.8,0.4232923295521068,18,2,0,0,normal
2026-01-24T19:00:00,Холодильник,Кухня,0.8,0.3642479023028689,19,2,0,0,normal
2026-01-24T20:00:00,Холодильник,Кухня,0.8,0.5002707616053949,20,2,0,0,normal
2026-01-24T21:00:00,Холодильник,Кухня,0.8,0.439922835087731,21,2,0,0,normal
2026-01-24T22:00:00,Холодильник,Кухня,0.8,0.514419391266849,22,2,0,0,normal
2026-01-24T23:00:00,Холодильник,Кухня,0.8,0.42220461769854123,23,2,0,0,normal
2026-01-25T00:00:00,Холодильник,Кухня,0.8,0.3722845633015358,0,3,0,0,normal
2026-01-25T01:00:00,Холодильник,Кухня,0.8,0.3851223286055295,1,3,0,0,normal
2026-01-25T02:00:00,Холодильник,Кухня,0.8,0.28803675009160246,2,3,0,0,normal
2026-01-25T03:00:00,Холодильник,Кухня,0.8,0.2674627983767284,3,3,0,0,normal
2026-01-25T04:00:00,Холодильник,Кухня,0.8,0.19386981725450403,4,3,0,0,normal
2026-01-25T05:00:00,Холодильник,Кухня,0.8,0.4463907695045784,5,3,0,0,normal
2026-01-25T06:00:00,Холодильник,Кухня,0.8,0.48747203314378634,6,3,0,0,normal
2026-01-25T07:00:00,Холодильник,Кухня,0.8,0.4411799780801469,7,3,0,0,normal
2026-01-25T08:00:00,Холодильник,Кухня,0.8,0.3449101190068079,8,3,0,0,normal
2026-01-25T09:00:00,Холодильник,Кухня,0.8,0.4648661459985537,9,3,0,0,normal
2026-01-25T10:00:00,Холодильник,Кухня,0.8,0.26575234137418885,10,3,0,0,normal
2026-01-25T11:00:00,Холодильник,Кухня,0.8,0.4623420568194583,11,3,0,0,normal
2026-01-25T12:00:00,Холодильник,Кухня,0.8,0.3472428538930211,12,3,0,0,normal
2026-01-25T13:00:00,Холодильник,Кухня,0.8,0.34429910978620726,13,3,0,0,normal
2026-01-25T14:00:00,Холодильник,Кухня,0.8,0.4095277557422343,14,3,0,0,normal
2026-01-25T15:00:00,Холодильник,Кухня,0.8,0.4422066859387989,15,3,0,0,normal
2026-01-25T16:00:00,Холодильник,Кухня,0.8,0.451102249217354,16,3,0,0,normal
2026-01-25T17:00:00,Холодильник,Кухня,0.8,0.5158955766131148,17,3,0,0,normal
2026-01-25T18:00:00,Холодильник,Кухня,0.8,0.4497786931194295,18,3,0,0,normal
2026-01-25T19:00:00,Холодильник,Кухня,0.8,0.5653268554114232,19,3,0,0,normal
2026-01-25T20:00:00,Холодильник,Кухня,0.8,0.6206383766326667,20,3,0,0,normal
2026-01-25T21:00:00,Холодильник,Кухня,0.8,0.5461139631581811,21,3,0,0,normal
2026-01-25T22:00:00,Холодильник,Кухня,0.8,0.624796670581942,22,3,0,0,normal
2026-01-25T23:00:00,Холодильник,Кухня,0.8,0.40195031773513995,23,3,0,0,normal
2026-01-26T00:00:00,Холодильник,Кухня,0.8,0.3490635603194907,0,4,0,0,normal
2026-01-26T01:00:00,Холодильник,Кухня,0.8,0.2644325196389037,1,4,0,0,normal
2026-01-26T02:00:00,Холодильник,Кухня,0.8,0.32981230553751884,2,4,0,0,normal
2026-01-26T03:00:00,Холодильник,Кухня,0.8,0.1793388156783053,3,4,0,0,normal
2026-01-26T04:00:00,Холодильник,Кухня,0.8,0.45836723609532104,4,4,0,0,normal
2026-01-26T05:00:00,Холодильник,Кухня,0.8,0.3921371134138082,5,4,0,0,normal
2026-01-26T06:00:00,Холодильник,Кухня,0.8,0.5263605280361845,6,4,0,0,normal
2026-01-26T07:00:00,Холодильник,Кухня,0.8,0.46783124750007554,7,4,0,0,normal
2026-01-26T08:00:00,Холодильник,Кухня,0.8,0.307399919749283,8,4,0,0,normal
2026-01-26T09:00:00,Холодильник,Кухня,0.8,0.5324557506533691,9,4,0,0,normal
2026-01-26T10:00:00,Холодильник,Кухня,0.8,0.2667857805683603,10,4,0,0,normal
2026-01-26T11:00:00,Холодильник,Кухня,0.8,0.2536411598085234,11,4,0,0,normal
2026-01-26T12:00:00,Холодильник,Кухня,0.8,0.32389557093037724,12,4,0,0,normal
2026-01-26T13:00:00,Холодильник,Кухня,0.8,0.42939642800950395,13,4,0,0,normal
2026-01-26T14:00:00,Холодильник,Кухня,0.8,0.3597030369021766,14,4,0,0,normal
2026-01-26T15:00:00,Холодильник,Кухня,0.8,0.5191857457984647,15,4,0,0,normal
2026-01-26T16:00:00,Холодильник,Кухня,0.8,0.4111483854703097,16,4,0,0,normal
2026-01-26T17:00:00,Холодильник,Кухня,0.8,0.35361918638997447,17,4,0,0,normal
2026-01-26T18:00:00,Холодильник,Кухня,0.8,0.36756393112894337,18,4,0,0,normal
2026-01-26T19:00:00,Холодильник,Кухня,0.8,0.5239657980118305,19,4,0,0,normal
2026-01-26T20:00:00,Холодильник,Кухня,0.8,0.5162632888663305,20,4,0,0,normal
2026-01-26T21:00:00,Холодильник,Кухня,0.8,0.35115885000481284,21,4,0,0,normal
2026-01-26T22:00:00,Холодильник,Кухня,0.8,0.5110548273451023,22,4,0,0,normal
2026-01-26T23:00:00,Холодильник,Кухня,0.8,0.3626298002030887,23,4,0,0,normal
2026-01-27T00:00:00,Холодильник,Кухня,0.8,0.4373043821662233,0,5,0,0,normal
2026-01-27T01:00:00,Холодильник,Кухня,0.8,0.3289996353121442,1,5,0,0,normal
2026-01-27T02:00:00,Холодильник,Кухня,0.8,0.3837416674694909,2,5,0,0,normal
2026-01-27T03:00:00,Холодильник,Кухня,0.8,0.3624749635042456,3,5,0,0,normal
2026-01-27T04:00:00,Холодильник,Кухня,0.8,0.41388655342566893,4,5,0,0,normal
2026-01-27T05:00:00,Холодильник,Кухня,0.8,0.4661721170935012,5,5,0,0,normal
2026-01-27T06:00:00,Холодильник,Кухня,0.8,0.4929721318679813,6,5,0,0,normal
2026-01-27T07:00:00,Холодильник,Кухня,0.8,0.5598126304456778,7,5,0,0,normal
2026-01-27T08:00:00,Холодильник,Кухня,0.8,0.4913852462189376,8,5,0,0,normal
2026-01-27T09:00:00,Холодильник,Кухня,0.8,0.44696109836113657,9,5,0,0,normal
2026-01-27T10:00:00,Холодильник,Кухня,0.8,0.46833358950873183,10,5,0,0,normal
2026-01-27T11:00:00,Холодильник,Кухня,0.8,0.32465874751116003,11,5,0,0,normal
2026-01-27T12:00:00,Холодильник,Кухня,0.8,0.4399358747469903,12,5,0,0,normal
2026-01-27T13:00:00,Холодильник,Кухня,0.8,0.41617554768417087,13,5,0,0,normal
2026-01-27T14:00:00,Холодильник,Кухня,0.8,0.42284457445961177,14,5,0,0,normal
2026-01-27T15:00:00,Холодильник,Кухня,0.8,0.6039318892461697,15,5,0,0,normal
2026-01-27T16:00:00,Холодильник,Кухня,0.8,0.3600862010849363,16,5,0,0,normal
2026-01-27T17:00:00,Холодильник,Кухня,0.8,0.5942829254831127,17,5,0,0,normal
2026-01-27T18:00:00,Холодильник,Кухня,0.8,0.6713786425664419,18,5,0,0,normal
2026-01-27T19:00:00,Холодильник,Кухня,0.8,0.4143863461258604,19,5,0,0,normal
2026-01-27T20:00:00,Холодильник,Кухня,0.8,0.7115792716525268,20,5,0,0,normal
2026-01-27T21:00:00,Холодильник,Кухня,0.8,0.5296416413553897,21,5,0,0,normal
2026-01-27T22:00:00,Холодильник,Кухня,0.8,0.5911440696662974,22,5,0,0,normal
2026-01-27T23:00:00,Холодильник,Кухня,0.8,0.5082923169888295,23,5,0,0,normal
2026-01-28T00:00:00,Холодильник,Кухня,0.8,0.250011867523536,0,6,0,0,normal
2026-01-28T01:00:00,Холодильник,Кухня,0.8,0.4301953970050101,1,6,0,0,normal
2026-01-28T02:00:00,Холодильник,Кухня,0.8,0.5233096003916482,2,6,0,0,normal
2026-01-28T03:00:00,Холодильник,Кухня,0.8,0.4332314411257635,3,6,0,0,normal
2026-01-28T04:00:00,Холодильник,Кухня,0.8,0.6070119772592167,4,6,0,0,normal
2026-01-28T05:00:00,Холодильник,Кухня,0.8,0.47245960001632387,5,6,0,0,normal
2026-01-28T06:00:00,Холодильник,Кухня,0.8,0.7171978188723793,6,6,0,0,normal
2026-01-28T07:00:00,Холодильник,Кухня,0.8,0.506515652555904,7,6,0,0,normal
2026-01-28T08:00:00,Холодильник,Кухня,0.8,0.3719861930518965,8,6,0,0,normal
2026-01-28T09:00:00,Холодильник,Кухня,0.8,0.46647955646933414,9,6,0,0,normal
2026-01-28T10:00:00,Холодильник,Кухня,0.8,0.5046379736540745,10,6,0,0,normal
2026-01-28T11:00:00,Холодильник,Кухня,0.8,0.3803937595561852,11,6,0,0,normal
2026-01-28T12:00:00,Холодильник,Кухня,0.8,0.4380085701611555,12,6,0,0,normal
2026-01-28T13:00:00,Холодильник,Кухня,0.8,0.4722520305291801,13,6,0,0,normal
2026-01-28T14:00:00,Холодильник,Кухня,0.8,0.3249771679667787,14,6,0,0,normal
2026-01-28T15:00:00,Холодильник,Кухня,0.8,0.6691411688600458,15,6,0,0,normal
2026-01-28T16:00:00,Холодильник,Кухня,0.8,0.6293169153303017,16,6,0,0,normal
2026-01-28T17:00:00,Холодильник,Кухня,0.8,0.5236906005616121,17,6,0,0,normal
2026-01-28T18:00:00,Холодильник,Кухня,0.8,0.5508108813282868,18,6,0,0,normal
2026-01-28T19:00:00,Холодильник,Кухня,0.8,0.6204956139903982,19,6,0,0,normal
2026-01-28T20:00:00,Холодильник,Кухня,0.8,0.621382976824533,20,6,0,0,normal
2026-01-28T21:00:00,Холодильник,Кухня,0.8,0.7333191612933452,21,6,0,0,normal
2026-01-28T22:00:00,Холодильник,Кухня,0.8,0.6418552962549847,22,6,0,0,normal
2026-01-28T23:00:00,Холодильник,Кухня,0.8,0.426419103951581,23,6,0,0,normal
2026-01-29T00:00:00,Холодильник,Кухня,0.8,0.36153288886940105,0,0,0,0,normal
2026-01-29T01:00:00,Холодильник,Кухня,0.8,0.38476771443458796,1,0,0,0,normal
2026-01-29T02:00:00,Холодильник,Кухня,0.8,0.3246259070490856,2,0,0,0,normal
2026-01-29T03:00:00,Холодильник,Кухня,0.8,0.415638597581688,3,0,0,0,normal
2026-01-29T04:00:00,Холодильник,Кухня,0.8,0.556847399292416,4,0,0,0,normal
2026-01-29T05:00:00,Холодильник,Кухня,0.8,0.5827441820041097,5,0,0,0,normal
2026-01-29T06:00:00,Холодильник,Кухня,0.8,0.5224867524321801,6,0,0,0,normal
2026-01-29T07:00:00,Холодильник,Кухня,0.8,0.37394345702572523,7,0,0,0,normal
2026-01-29T08:00:00,Холодильник,Кухня,0.8,0.4927879946026513,8,0,0,0,normal
2026-01-29T09:00:00,Холодильник,Кухня,0.8,0.2746907768283337,9,0,0,0,normal
2026-01-29T10:00:00,Холодильник,Кухня,0.8,0.2883767751843366,10,0,0,0,normal
2026-01-29T11:00:00,Холодильник,Кухня,0.8,0.25805735442866107,11,0,0,0,normal
2026-01-29T12:00:00,Холодильник,Кухня,0.8,0.34464605570779805,12,0,0,0,normal
2026-01-29T13:00:00,Холодильник,Кухня,0.8,0.4148219438858773,13,0,0,0,normal
2026-01-29T14:00:00,Холодильник,Кухня,0.8,0.5293892622079486,14,0,0,0,normal
2026-01-29T15:00:00,Холодильник,Кухня,0.8,0.45343043513594594,15,0,0,0,normal
2026-01-29T16:00:00,Холодильник,Кухня,0.8,0.24828655207880967,16,0,0,0,normal
2026-01-29T17:00:00,Холодильник,Кухня,0.8,0.4298117131136205,17,0,0,0,normal
2026-01-29T18:00:00,Холодильник,Кухня,0.8,0.499536436259181,18,0,0,0,normal
2026-01-29T19:00:00,Холодильник,Кухня,0.8,0.5733971152862074,19,0,0,0,normal
2026-01-29T20:00:00,Холодильник,Кухня,0.8,0.5017223791463343,20,0,0,0,normal
2026-01-29T21:00:00,Холодильник,Кухня,0.8,0.48114651622420046,21,0,0,0,normal
2026-01-29T22:00:00,Холодильник,Кухня,0.8,0.43416773630306493,22,0,0,0,normal
2026-01-29T23:00:00,Холодильник,Кухня,0.8,0.4911445784271178,23,0,0,0,normal
2026-01-30T00:00:00,Холодильник,Кухня,0.8,0.2417775883022829,0,1,0,0,normal
2026-01-30T01:00:00,Холодильник,Кухня,0.8,0.31219230789414903,1,1,0,0,normal
2026-01-30T02:00:00,Холодильник,Кухня,0.8,0.4670291398460199,2,1,0,0,normal
2026-01-30T03:00:00,Холодильник,Кухня,0.8,0.3210027791905334,3,1,0,0,normal
2026-01-30T04:00:00,Холодильник,Кухня,0.8,0.498105386386918,4,1,0,0,normal
2026-01-30T05:00:00,Холодильник,Кухня,0.8,0.48914176983916047,5,1,0,0,normal
2026-01-30T06:00:00,Холодильник,Кухня,0.8,0.3204485732367501,6,1,0,0,normal
2026-01-30T07:00:00,Холодильник,Кухня,0.8,0.3603241445227931,7,1,0,0,normal
2026-01-30T08:00:00,Холодильник,Кухня,0.8,0.5449815891633355,8,1,0,0,normal
2026-01-30T09:00:00,Холодильник,Кухня,0.8,0.2292025386479643,9,1,0,0,normal
2026-01-30T10:00:00,Холодильник,Кухня,0.8,0.2704003984255347,10,1,0,0,normal
2026-01-30T11:00:00,Холодильник,Кухня,0.8,0.3235435459596828,11,1,0,0,normal
2026-01-30T12:00:00,Холодильник,Кухня,0.8,0.38265500426648164,12,1,0,0,normal
2026-01-30T13:00:00,Холодильник,Кухня,0.8,0.5282479329229196,13,1,0,0,normal
2026-01-30T14:00:00,Холодильник,Кухня,0.8,0.3521535117248035,14,1,0,0,normal
2026-01-30T15:00:00,Холодильник,Кухня,0.8,0.4386682901128024,15,1,0,0,normal
2026-01-30T16:00:00,Холодильник,Кухня,0.8,0.4583693618325094,16,1,0,0,normal
2026-01-30T17:00:00,Холодильник,Кухня,0.8,0.34380862964289316,17,1,0,0,normal
2026-01-30T18:00:00,Холодильник,Кухня,0.8,0.37030152107613035,18,1,0,0,normal
2026-01-30T19:00:00,Холодильник,Кухня,0.8,0.477682970402049,19,1,0,0,normal
2026-01-30T20:00:00,Холодильник,Кухня,0.8,0.45580042724426173,20,1,0,0,normal
2026-01-30T21:00:00,Холодильник,Кухня,0.8,0.4954861991983175,21,1,0,0,normal
2026-01-30T22:00:00,Холодильник,Кухня,0.8,0.5434948777913334,22,1,0,0,normal
2026-01-30T23:00:00,Холодильник,Кухня,0.8,0.3924099180538899,23,1,0,0,normal
2026-01-31T00:00:00,Холодильник,Кухня,0.8,0.4402503607581081,0,2,0,0,normal
2026-01-31T01:00:00,Холодильник,Кухня,0.8,0.2028469599194333,1,2,0,0,normal
2026-01-31T02:00:00,Холодильник,Кухня,0.8,0.21404256974122363,2,2,0,0,normal
2026-01-31T03:00:00,Холодильник,Кухня,0.8,0.4575253843211669,3,2,0,0,normal
2026-01-31T04:00:00,Холодильник,Кухня,0.8,0.36894957421702107,4,2,0,0,normal
2026-01-31T05:00:00,Холодильник,Кухня,0.8,0.46433480686700623,5,2,0,0,normal
2026-01-31T06:00:00,Холодильник,Кухня,0.8,0.3378277643300955,6,2,0,0,normal
2026-01-31T07:00:00,Холодильник,Кухня,0.8,0.35257237210400066,7,2,0,0,normal
2026-01-31T08:00:00,Холодильник,Кухня,0.8,0.4907006671296714,8,2,0,0,normal
2026-01-31T09:00:00,Холодильник,Кухня,0.8,0.3400125183271632,9,2,0,0,normal
2026-01-31T10:00:00,Холодильник,Кухня,0.8,0.36152270667602954,10,2,0,0,normal
2026-01-31T11:00:00,Холодильник,Кухня,0.8,0.30507472647849004,11,2,0,0,normal
2026-01-31T12:00:00,Холодильник,Кухня,0.8,0.44435121910452835,12,2,0,0,normal
2026-01-31T13:00:00,Холодильник,Кухня,0.8,0.36744615761093674,13,2,0,0,normal
2026-01-31T14:00:00,Холодильник,Кухня,0.8,0.2398650370096155,14,2,0,0,normal
2026-01-31T15:00:00,Холодильник,Кухня,0.8,0.3513000186876608,15,2,0,0,normal
2026-01-31T16:00:00,Холодильник,Кухня,0.8,0.4384180870945769,16,2,0,0,normal
2026-01-31T17:00:00,Холодильник,Кухня,0.8,0.38253000159917605,17,2,0,0,normal
2026-01-31T18:00:00,Холодильник,Кухня,0.8,0.41188313108428065,18,2,0,0,normal
2026-01-31T19:00:00,Холодильник,Кухня,0.8,0.6030880291693607,19,2,0,0,normal
2026-01-31T20:00:00,Холодильник,Кухня,0.8,0.4881169859503064,20,2,0,0,normal
2026-01-31T21:00:00,Холодильник,Кухня,0.8,0.4167386877873502,21,2,0,0,normal
2026-01-31T22:00:00,Холодильник,Кухня,0.8,0.5306337233665068,22,2,0,0,normal
2026-01-31T23:00:00,Холодильник,Кухня,0.8,0.3658116653142689,23,2,0,0,normal
2026-02-01T00:00:00,Холодильник,Кухня,0.8,0.4065503174187893,0,3,0,0,normal
2026-02-01T01:00:00,Холодильник,Кухня,0.8,0.2328013740364936,1,3,0,0,normal
2026-02-01T02:00:00,Холодильник,Кухня,0.8,0.2272619566441399,2,3,0,0,normal
2026-02-01T03:00:00,Холодильник,Кухня,0.8,0.3026633491040855,3,3,0,0,normal
2026-02-01T04:00:00,Холодильник,Кухня,0.8,0.5775745992890577,4,3,0,1,point_outlier
2026-02-01T05:00:00,Холодильник,Кухня,0.8,0.4516405646132241,5,3,0,1,point_outlier
2026-02-01T06:00:00,Холодильник,Кухня,0.8,0.4332547728122114,6,3,0,1,point_outlier
2026-02-01T07:00:00,Холодильник,Кухня,0.8,0.3988318853469224,7,3,0,0,normal
2026-02-01T08:00:00,Холодильник,Кухня,0.8,0.3926991305251605,8,3,0,0,normal
2026-02-01T09:00:00,Холодильник,Кухня,0.8,0.3548893857161065,9,3,0,0,normal
2026-02-01T10:00:00,Холодильник,Кухня,0.8,0.3734581440060445,10,3,0,0,normal
2026-02-01T11:00:00,Холодильник,Кухня,0.8,0.46359196158824595,11,3,0,0,normal
2026-02-01T12:00:00,Холодильник,Кухня,0.8,0.3265992586263913,12,3,0,0,normal
2026-02-01T13:00:00,Холодильник,Кухня,0.8,0.6081944374476581,13,3,0,0,normal
2026-02-01T14:00:00,Холодильник,Кухня,0.8,0.2866910099960892,14,3,0,0,normal
2026-02-01T15:00:00,Холодильник,Кухня,0.8,0.43186896904728767,15,3,0,0,normal
2026-02-01T16:00:00,Холодильник,Кухня,0.8,0.328624689961953,16,3,0,0,normal
2026-02-01T17:00:00,Холодильник,Кухня,0.8,0.40865873074507275,17,3,0,0,normal
2026-02-01T18:00:00,Холодильник,Кухня,0.8,0.32486223699944383,18,3,0,0,normal
2026-02-01T19:00:00,Холодильник,Кухня,0.8,0.4282547351246747,19,3,0,0,normal
2026-02-01T20:00:00,Холодильник,Кухня,0.8,0.5495169149518842,20,3,0,0,normal
2026-02-01T21:00:00,Холодильник,Кухня,0.8,0.4043000051841935,21,3,0,0,normal
2026-02-01T22:00:00,Холодильник,Кухня,0.8,0.723434582372392,22,3,0,0,normal
2026-02-01T23:00:00,Холодильник,Кухня,0.8,0.5213676490511955,23,3,0,0,normal
2026-02-02T00:00:00,Холодильник,Кухня,0.8,0.4610812867086314,0,4,0,0,normal
2026-02-02T01:00:00,Холодильник,Кухня,0.8,0.3945837339766634,1,4,0,0,normal
2026-02-02T02:00:00,Холодильник,Кухня,0.8,0.37563553211585554,2,4,0,0,normal
2026-02-02T03:00:00,Холодильник,Кухня,0.8,0.3396428449267593,3,4,0,0,normal
2026-02-02T04:00:00,Холодильник,Кухня,0.8,0.4068233510603244,4,4,0,0,normal
2026-02-02T05:00:00,Холодильник,Кухня,0.8,0.40894725920612046,5,4,0,0,normal
2026-02-02T06:00:00,Холодильник,Кухня,0.8,0.38371854795102295,6,4,0,0,normal
2026-02-02T07:00:00,Холодильник,Кухня,0.8,0.4093462721310073,7,4,0,0,normal
2026-02-02T08:00:00,Холодильник,Кухня,0.8,0.5096800734586721,8,4,0,0,normal
2026-02-02T09:00:00,Холодильник,Кухня,0.8,0.372315853632524,9,4,0,0,normal
2026-02-02T10:00:00,Холодильник,Кухня,0.8,0.45149554813565024,10,4,0,0,normal
2026-02-02T11:00:00,Холодильник,Кухня,0.8,0.3821955442714604,11,4,0,0,normal
2026-02-02T12:00:00,Холодильник,Кухня,0.8,0.5203812569621187,12,4,0,0,normal
2026-02-02T13:00:00,Холодильник,Кухня,0.8,0.38635535557423667,13,4,0,0,normal
2026-02-02T14:00:00,Холодильник,Кухня,0.8,0.42686919470385004,14,4,0,0,normal
2026-02-02T15:00:00,Холодильник,Кухня,0.8,0.4149806971741028,15,4,0,0,normal
2026-02-02T16:00:00,Холодильник,Кухня,0.8,0.4721953530380618,16,4,0,0,normal
2026-02-02T17:00:00,Холодильник,Кухня,0.8,0.32067873362974725,17,4,0,0,normal
2026-02-02T18:00:00,Холодильник,Кухня,0.8,0.4845880776668934,18,4,0,0,normal
2026-02-02T19:00:00,Холодильник,Кухня,0.8,0.37793653313174014,19,4,0,0,normal
2026-02-02T20:00:00,Холодильник,Кухня,0.8,0.5203452806646056,20,4,0,0,normal
2026-02-02T21:00:00,Холодильник,Кухня,0.8,0.6370705467946716,21,4,0,0,normal
2026-02-02T22:00:00,Холодильник,Кухня,0.8,0.5042079438133602,22,4,0,0,normal
2026-02-02T23:00:00,Холодильник,Кухня,0.8,0.5289408759289965,23,4,0,0,normal
2026-02-03T00:00:00,Холодильник,Кухня,0.8,0.41238503884800054,0,5,0,0,normal
2026-02-03T01:00:00,Холодильник,Кухня,0.8,0.37463091489571476,1,5,0,0,normal
2026-02-03T02:00:00,Холодильник,Кухня,0.8,0.25325846661057355,2,5,0,0,normal
2026-02-03T03:00:00,Холодильник,Кухня,0.8,0.400212708853384,3,5,0,0,normal
2026-02-03T04:00:00,Холодильник,Кухня,0.8,0.49832821749814626,4,5,0,0,normal
2026-02-03T05:00:00,Холодильник,Кухня,0.8,0.4633914205964392,5,5,0,0,normal
2026-02-03T06:00:00,Холодильник,Кухня,0.8,0.5300675853785227,6,5,0,0,normal
2026-02-03T07:00:00,Холодильник,Кухня,0.8,0.4100190423253197,7,5,0,0,normal
2026-02-03T08:00:00,Холодильник,Кухня,0.8,0.37885795213604645,8,5,0,0,normal
2026-02-03T09:00:00,Холодильник,Кухня,0.8,0.3893757892549496,9,5,0,0,normal
2026-02-03T10:00:00,Холодильник,Кухня,0.8,0.44206479463575926,10,5,0,0,normal
2026-02-03T11:00:00,Холодильник,Кухня,0.8,0.3043138211390104,11,5,0,0,normal
2026-02-03T12:00:00,Холодильник,Кухня,0.8,0.46419285118544956,12,5,0,0,normal
2026-02-03T13:00:00,Холодильник,Кухня,0.8,0.5268824893508389,13,5,0,0,normal
2026-02-03T14:00:00,Холодильник,Кухня,0.8,0.441595645164059,14,5,0,0,normal
2026-02-03T15:00:00,Холодильник,Кухня,0.8,0.39449376233181604,15,5,0,0,normal
2026-02-03T16:00:00,Холодильник,Кухня,0.8,0.2789722056516543,16,5,0,0,normal
2026-02-03T17:00:00,Холодильник,Кухня,0.8,0.41244822249835317,17,5,0,0,normal
2026-02-03T18:00:00,Холодильник,Кухня,0.8,0.4277328820562823,18,5,0,0,normal
2026-02-03T19:00:00,Холодильник,Кухня,0.8,0.5764339741842166,19,5,0,0,normal
2026-02-03T20:00:00,Холодильник,Кухня,0.8,0.556251566248549,20,5,0,0,normal
2026-02-03T21:00:00,Холодильник,Кухня,0.8,0.563525522306313,21,5,0,0,normal
2026-02-03T22:00:00,Холодильник,Кухня,0.8,0.563779689476691,22,5,0,0,normal
2026-02-03T23:00:00,Холодильник,Кухня,0.8,0.4587669449436992,23,5,0,0,normal
2026-02-04T00:00:00,Холодильник,Кухня,0.8,0.5457572635887191,0,6,0,0,normal
2026-02-04T01:00:00,Холодильник,Кухня,0.8,0.36111778465296224,1,6,0,0,normal
2026-02-04T02:00:00,Холодильник,Кухня,0.8,0.36679286582591486,2,6,0,0,normal
2026-02-04T03:00:00,Холодильник,Кухня,0.8,0.3789727460280844,3,6,0,0,normal
2026-02-04T04:00:00,Холодильник,Кухня,0.8,0.49075552312775755,4,6,0,0,normal
2026-02-04T05:00:00,Холодильник,Кухня,0.8,0.4252874874223195,5,6,0,0,normal
2026-02-04T06:00:00,Холодильник,Кухня,0.8,0.6481473249693908,6,6,0,0,normal
2026-02-04T07:00:00,Холодильник,Кухня,0.8,0.3674439228397951,7,6,0,0,normal
2026-02-04T08:00:00,Холодильник,Кухня,0.8,0.45152479524192807,8,6,0,0,normal
2026-02-04T09:00:00,Холодильник,Кухня,0.8,0.4446236325951457,9,6,0,0,normal
2026-02-04T10:00:00,Холодильник,Кухня,0.8,0.23784709512458246,10,6,0,0,normal
2026-02-04T11:00:00,Холодильник,Кухня,0.8,0.38216970531953615,11,6,0,0,normal
2026-02-04T12:00:00,Холодильник,Кухня,0.8,0.48853359759408593,12,6,0,0,normal
2026-02-04T13:00:00,Холодильник,Кухня,0.8,0.47248657188323334,13,6,0,0,normal
2026-02-04T14:00:00,Холодильник,Кухня,0.8,0.48990027015275023,14,6,0,0,normal
2026-02-04T15:00:00,Холодильник,Кухня,0.8,0.5108900219884195,15,6,0,0,normal
2026-02-04T16:00:00,Холодильник,Кухня,0.8,0.44347010215321114,16,6,0,0,normal
2026-02-04T17:00:00,Холодильник,Кухня,0.8,0.4968049194276265,17,6,0,0,normal
2026-02-04T18:00:00,Холодильник,Кухня,0.8,0.49019440944907794,18,6,0,0,normal
2026-02-04T19:00:00,Холодильник,Кухня,0.8,0.5601845400700382,19,6,0,0,normal
2026-02-04T20:00:00,Холодильник,Кухня,0.8,0.69809152472024,20,6,0,0,normal
2026-02-04T21:00:00,Холодильник,Кухня,0.8,0.647439839307111,21,6,0,0,normal
2026-02-04T22:00:00,Холодильник,Кухня,0.8,0.6224645826845954,22,6,0,0,normal
2026-02-04T23:00:00,Холодильник,Кухня,0.8,0.42251220523356553,23,6,0,0,normal
2026-02-05T00:00:00,Холодильник,Кухня,0.8,0.47664029105626293,0,0,0,0,normal
2026-02-05T01:00:00,Холодильник,Кухня,0.8,0.34071153457111214,1,0,0,0,normal
2026-02-05T02:00:00,Холодильник,Кухня,0.8,0.27233766891982325,2,0,0,0,normal
2026-02-05T03:00:00,Холодильник,Кухня,0.8,0.39772266586908206,3,0,0,0,normal
2026-02-05T04:00:00,Холодильник,Кухня,0.8,0.41289666605373165,4,0,0,0,normal
2026-02-05T05:00:00,Холодильник,Кухня,0.8,0.35109353950971944,5,0,0,0,normal
2026-02-05T06:00:00,Холодильник,Кухня,0.8,0.44451463926897244,6,0,0,0,normal
2026-02-05T07:00:00,Холодильник,Кухня,0.8,0.46259115253924116,7,0,0,0,normal
2026-02-05T08:00:00,Холодильник,Кухня,0.8,0.25898351418873106,8,0,0,0,normal
2026-02-05T09:00:00,Холодильник,Кухня,0.8,0.3945064969379638,9,0,0,0,normal
2026-02-05T10:00:00,Холодильник,Кухня,0.8,0.298637033867321,10,0,0,0,normal
2026-02-05T11:00:00,Холодильник,Кухня,0.8,0.3523205878847769,11,0,0,0,normal
2026-02-05T12:00:00,Холодильник,Кухня,0.8,0.17020905083666987,12,0,0,0,normal
2026-02-05T13:00:00,Холодильник,Кухня,0.8,0.5050276026269154,13,0,0,0,normal
2026-02-05T14:00:00,Холодильник,Кухня,0.8,0.38025676231524375,14,0,0,0,normal
2026-02-05T15:00:00,Холодильник,Кухня,0.8,0.3910828405409501,15,0,0,0,normal
2026-02-05T16:00:00,Холодильник,Кухня,0.8,0.3742376030140121,16,0,0,0,normal
2026-02-05T17:00:00,Холодильник,Кухня,0.8,0.39569002138242315,17,0,0,0,normal
2026-02-05T18:00:00,Холодильник,Кухня,0.8,0.43763223387042444,18,0,0,0,normal
2026-02-05T19:00:00,Холодильник,Кухня,0.8,0.6257856391494743,19,0,0,0,normal
2026-02-05T20:00:00,Холодильник,Кухня,0.8,0.51735857857053,20,0,0,0,normal
2026-02-05T21:00:00,Холодильник,Кухня,0.8,0.6319296240807826,21,0,0,0,normal
2026-02-05T22:00:00,Холодильник,Кухня,0.8,0.4261249240159329,22,0,0,0,normal
2026-02-05T23:00:00,Холодильник,Кухня,0.8,0.42844963484931414,23,0,0,0,normal
2026-02-06T00:00:00,Холодильник,Кухня,0.8,0.26727455463401567,0,1,0,0,normal
2026-02-06T01:00:00,Холодильник,Кухня,0.8,0.27613353936945595,1,1,0,0,normal
2026-02-06T02:00:00,Холодильник,Кухня,0.8,0.3602142485930019,2,1,0,0,normal
2026-02-06T03:00:00,Холодильник,Кухня,0.8,0.2486963671646849,3,1,0,0,normal
2026-02-06T04:00:00,Холодильник,Кухня,0.8,0.5166937785907562,4,1,0,0,normal
2026-02-06T05:00:00,Холодильник,Кухня,0.8,0.4399396345737096,5,1,0,0,normal
2026-02-06T06:00:00,Холодильник,Кухня,0.8,0.4452509014259368,6,1,0,0,normal
2026-02-06T07:00:00,Холодильник,Кухня,0.8,0.42473009925489075,7,1,0,0,normal
2026-02-06T08:00:00,Холодильник,Кухня,0.8,0.5257186154098447,8,1,0,0,normal
2026-02-06T09:00:00,Холодильник,Кухня,0.8,0.4067951600736601,9,1,0,0,normal
2026-02-06T10:00:00,Холодильник,Кухня,0.8,0.1708886487763164,10,1,0,0,normal
2026-02-06T11:00:00,Холодильник,Кухня,0.8,0.302437634850029,11,1,0,0,normal
2026-02-06T12:00:00,Холодильник,Кухня,0.8,0.42688505435911,12,1,0,0,normal
2026-02-06T13:00:00,Холодильник,Кухня,0.8,0.32307146679369153,13,1,0,0,normal
2026-02-06T14:00:00,Холодильник,Кухня,0.8,0.4641215748725536,14,1,0,0,normal
2026-02-06T15:00:00,Холодильник,Кухня,0.8,0.26210994092257245,15,1,0,0,normal
2026-02-06T16:00:00,Холодильник,Кухня,0.8,0.3647194826123963,16,1,0,0,normal
2026-02-06T17:00:00,Холодильник,Кухня,0.8,0.359713586105329,17,1,0,0,normal
2026-02-06T18:00:00,Холодильник,Кухня,0.8,0.48752252937469426,18,1,0,0,normal
2026-02-06T19:00:00,Холодильник,Кухня,0.8,0.4776825448031433,19,1,0,0,normal
2026-02-06T20:00:00,Холодильник,Кухня,0.8,0.6192024665211044,20,1,0,0,normal
2026-02-06T21:00:00,Холодильник,Кухня,0.8,0.3892297775601016,21,1,0,0,normal
2026-02-06T22:00:00,Холодильник,Кухня,0.8,0.4659318101700952,22,1,0,0,normal
2026-02-06T23:00:00,Холодильник,Кухня,0.8,0.4241603328277998,23,1,0,0,normal
2026-02-07T00:00:00,Холодильник,Кухня,0.8,0.27241935271863266,0,2,0,0,normal
2026-02-07T01:00:00,Холодильник,Кухня,0.8,0.45530229933181476,1,2,0,0,normal
2026-02-07T02:00:00,Холодильник,Кухня,0.8,0.36385367992661355,2,2,0,0,normal
2026-02-07T03:00:00,Холодильник,Кухня,0.8,0.2730026315045679,3,2,0,0,normal
2026-02-07T04:00:00,Холодильник,Кухня,0.8,0.4310893389373919,4,2,0,0,normal
2026-02-07T05:00:00,Холодильник,Кухня,0.8,0.3590113292747378,5,2,0,0,normal
2026-02-07T06:00:00,Холодильник,Кухня,0.8,0.4146892164902036,6,2,0,0,normal
2026-02-07T07:00:00,Холодильник,Кухня,0.8,0.3422162124091361,7,2,0,0,normal
2026-02-07T08:00:00,Холодильник,Кухня,0.8,0.3695036829722204,8,2,0,0,normal
2026-02-07T09:00:00,Холодильник,Кухня,0.8,0.165392070522496,9,2,0,0,normal
2026-02-07T10:00:00,Холодильник,Кухня,0.8,0.33620957294469367,10,2,0,0,normal
2026-02-07T11:00:00,Холодильник,Кухня,0.8,0.4582683475659089,11,2,0,0,normal
2026-02-07T12:00:00,Холодильник,Кухня,0.8,0.31481736805735816,12,2,0,0,normal
2026-02-07T13:00:00,Холодильник,Кухня,0.8,0.21429177322778226,13,2,0,0,normal
2026-02-07T14:00:00,Холодильник,Кухня,0.8,0.38492204745639175,14,2,0,0,normal
2026-02-07T15:00:00,Холодильник,Кухня,0.8,0.4292005792751217,15,2,0,0,normal
2026-02-07T16:00:00,Холодильник,Кухня,0.8,0.39872859091891677,16,2,0,0,normal
2026-02-07T17:00:00,Холодильник,Кухня,0.8,0.3464358993535549,17,2,0,0,normal
2026-02-07T18:00:00,Холодильник,Кухня,0.8,0.5376918588566605,18,2,0,1,stuck
2026-02-07T19:00:00,Холодильник,Кухня,0.8,0.5073935740650052,19,2,0,1,stuck
2026-02-07T20:00:00,Холодильник,Кухня,0.8,0.4924331236199095,20,2,0,1,stuck
2026-02-07T21:00:00,Холодильник,Кухня,0.8,0.5314227672051163,21,2,0,1,stuck
2026-02-07T22:00:00,Холодильник,Кухня,0.8,0.4742496742422513,22,2,0,1,stuck
2026-02-07T23:00:00,Холодильник,Кухня,0.8,0.41711602783844687,23,2,0,1,stuck
2026-02-08T00:00:00,Холодильник,Кухня,0.8,0.36372615475180964,0,3,0,1,stuck
2026-02-08T01:00:00,Холодильник,Кухня,0.8,0.3084597089622658,1,3,0,1,stuck
2026-02-08T02:00:00,Холодильник,Кухня,0.8,0.40355617856589854,2,3,0,1,stuck
2026-02-08T03:00:00,Холодильник,Кухня,0.8,0.25363519670987905,3,3,0,1,stuck
2026-02-08T04:00:00,Холодильник,Кухня,0.8,0.4174196670811953,4,3,0,1,stuck
2026-02-08T05:00:00,Холодильник,Кухня,0.8,0.4924129811466009,5,3,0,1,stuck
2026-02-08T06:00:00,Холодильник,Кухня,0.8,0.47789534454971144,6,3,0,1,stuck
2026-02-08T07:00:00,Холодильник,Кухня,0.8,0.30384135935702633,7,3,0,1,stuck
2026-02-08T08:00:00,Холодильник,Кухня,0.8,0.3834490228401906,8,3,0,1,stuck
2026-02-08T09:00:00,Холодильник,Кухня,0.8,0.40238015279538747,9,3,0,1,stuck
2026-02-08T10:00:00,Холодильник,Кухня,0.8,0.3316953754688792,10,3,0,0,normal
2026-02-08T11:00:00,Холодильник,Кухня,0.8,0.2371171095103731,11,3,0,0,normal
2026-02-08T12:00:00,Холодильник,Кухня,0.8,0.5428000045815771,12,3,0,0,normal
2026-02-08T13:00:00,Холодильник,Кухня,0.8,0.45683864738806557,13,3,0,0,normal
2026-02-08T14:00:00,Холодильник,Кухня,0.8,0.4462644569554711,14,3,0,0,normal
2026-02-08T15:00:00,Холодильник,Кухня,0.8,0.632281438513839,15,3,0,0,normal
2026-02-08T16:00:00,Холодильник,Кухня,0.8,0.3795505325097732,16,3,0,0,normal
2026-02-08T17:00:00,Холодильник,Кухня,0.8,0.24423837455612335,17,3,0,0,normal
2026-02-08T18:00:00,Холодильник,Кухня,0.8,0.4232814712951688,18,3,0,0,normal
2026-02-08T19:00:00,Холодильник,Кухня,0.8,0.5183796624931927,19,3,0,0,normal
2026-02-08T20:00:00,Холодильник,Кухня,0.8,0.4220681370261971,20,3,0,0,normal
2026-02-08T21:00:00,Холодильник,Кухня,0.8,0.5684796017402014,21,3,0,0,normal
2026-02-08T22:00:00,Холодильник,Кухня,0.8,0.5507860869779335,22,3,0,0,normal
2026-02-08T23:00:00,Холодильник,Кухня,0.8,0.31917392811784034,23,3,0,0,normal
2026-02-09T00:00:00,Холодильник,Кухня,0.8,0.33872209349136234,0,4,0,0,normal
2026-02-09T01:00:00,Холодильник,Кухня,0.8,0.27220476698567925,1,4,0,0,normal
2026-02-09T02:00:00,Холодильник,Кухня,0.8,0.25070936285891293,2,4,0,0,normal
2026-02-09T03:00:00,Холодильник,Кухня,0.8,0.39629067505579335,3,4,0,0,normal
2026-02-09T04:00:00,Холодильник,Кухня,0.8,0.39559114409007323,4,4,0,0,normal
2026-02-09T05:00:00,Холодильник,Кухня,0.8,0.41072875404144454,5,4,0,0,normal
2026-02-09T06:00:00,Холодильник,Кухня,0.8,0.5026483219873069,6,4,0,0,normal
2026-02-09T07:00:00,Холодильник,Кухня,0.8,0.4226445748835542,7,4,0,0,normal
2026-02-09T08:00:00,Холодильник,Кухня,0.8,0.34729390694532186,8,4,0,0,normal
2026-02-09T09:00:00,Холодильник,Кухня,0.8,0.3261158986937024,9,4,0,0,normal
2026-02-09T10:00:00,Холодильник,Кухня,0.8,0.3059106568353785,10,4,0,0,normal
2026-02-09T11:00:00,Холодильник,Кухня,0.8,0.3119543466409387,11,4,0,0,normal
2026-02-09T12:00:00,Холодильник,Кухня,0.8,0.39854523234507794,12,4,0,0,normal
2026-02-09T13:00:00,Холодильник,Кухня,0.8,0.3345321422491121,13,4,0,0,normal
2026-02-09T14:00:00,Холодильник,Кухня,0.8,0.3978602369350523,14,4,0,0,normal
2026-02-09T15:00:00,Холодильник,Кухня,0.8,0.40647482627987336,15,4,0,0,normal
2026-02-09T16:00:00,Холодильник,Кухня,0.8,0.3445257259554338,16,4,0,0,normal
2026-02-09T17:00:00,Холодильник,Кухня,0.8,0.41213839884748643,17,4,0,0,normal
2026-02-09T18:00:00,Холодильник,Кухня,0.8,0.37643073133100663,18,4,0,0,normal
2026-02-09T19:00:00,Холодильник,Кухня,0.8,0.49103304467573217,19,4,0,0,normal
2026-02-09T20:00:00,Холодильник,Кухня,0.8,0.46921924884365945,20,4,0,0,normal
2026-02-09T21:00:00,Холодильник,Кухня,0.8,0.5404879339914088,21,4,0,0,normal
2026-02-09T22:00:00,Холодильник,Кухня,0.8,0.5620510039450834,22,4,0,0,normal
2026-02-09T23:00:00,Холодильник,Кухня,0.8,0.43250566162378073,23,4,0,0,normal
2026-02-10T00:00:00,Холодильник,Кухня,0.8,0.5802112897593248,0,5,0,0,normal
2026-02-10T01:00:00,Холодильник,Кухня,0.8,0.25361827342975635,1,5,0,0,normal
2026-02-10T02:00:00,Холодильник,Кухня,0.8,0.3572457903099394,2,5,0,0,normal
2026-02-10T03:00:00,Холодильник,Кухня,0.8,0.4429695500620015,3,5,0,0,normal
2026-02-10T04:00:00,Холодильник,Кухня,0.8,0.3397839922670883,4,5,0,0,normal
2026-02-10T05:00:00,Холодильник,Кухня,0.8,0.4856059374082921,5,5,0,0,normal
2026-02-10T06:00:00,Холодильник,Кухня,0.8,0.5433849994166136,6,5,0,0,normal
2026-02-10T07:00:00,Холодильник,Кухня,0.8,0.47385461361242,7,5,0,0,normal
2026-02-10T08:00:00,Холодильник,Кухня,0.8,0.43694407633225385,8,5,0,0,normal
2026-02-10T09:00:00,Холодильник,Кухня,0.8,0.4671418628713253,9,5,0,0,normal
2026-02-10T10:00:00,Холодильник,Кухня,0.8,0.4668072493646871,10,5,0,0,normal
2026-02-10T11:00:00,Холодильник,Кухня,0.8,0.2503184645674648,11,5,0,0,normal
2026-02-10T12:00:00,Холодильник,Кухня,0.8,0.29603474541656116,12,5,0,0,normal
2026-02-10T13:00:00,Холодильник,Кухня,0.8,0.4900380507522261,13,5,0,0,normal
2026-02-10T14:00:00,Холодильник,Кухня,0.8,0.4062630427652064,14,5,0,0,normal
2026-02-10T15:00:00,Холодильник,Кухня,0.8,0.63398725343992,15,5,0,0,normal
2026-02-10T16:00:00,Холодильник,Кухня,0.8,0.43915189372229224,16,5,0,0,normal
2026-02-10T17:00:00,Холодильник,Кухня,0.8,0.41297408461205687,17,5,0,0,normal
2026-02-10T18:00:00,Холодильник,Кухня,0.8,0.4997335021557912,18,5,0,0,normal
2026-02-10T19:00:00,Холодильник,Кухня,0.8,0.5619518967036199,19,5,0,0,normal
2026-02-10T20:00:00,Холодильник,Кухня,0.8,0.5635141483741687,20,5,0,0,normal
2026-02-10T21:00:00,Холодильник,Кухня,0.8,0.7171260197298638,21,5,0,0,normal
2026-02-10T22:00:00,Холодильник,Кухня,0.8,0.5840582390472202,22,5,0,0,normal
2026-02-10T23:00:00,Холодильник,Кухня,0.8,0.34220894693959986,23,5,0,0,normal
2026-02-11T00:00:00,Холодильник,Кухня,0.8,0.4199302796491995,0,6,0,0,normal
2026-02-11T01:00:00,Холодильник,Кухня,0.8,0.4670830208227245,1,6,0,0,normal
2026-02-11T02:00:00,Холодильник,Кухня,0.8,0.4453658718558917,2,6,0,0,normal
2026-02-11T03:00:00,Холодильник,Кухня,0.8,0.523721373872786,3,6,0,0,normal
2026-02-11T04:00:00,Холодильник,Кухня,0.8,0.4786258379303785,4,6,0,0,normal
2026-02-11T05:00:00,Холодильник,Кухня,0.8,0.5005553658594506,5,6,0,0,normal
2026-02-11T06:00:00,Холодильник,Кухня,0.8,0.5639841318576476,6,6,0,0,normal
2026-02-11T07:00:00,Холодильник,Кухня,0.8,0.5383759256026315,7,6,0,0,normal
2026-02-11T08:00:00,Холодильник,Кухня,0.8,0.5185411551158553,8,6,0,0,normal
2026-02-11T09:00:00,Холодильник,Кухня,0.8,0.36728027197169166,9,6,0,0,normal
2026-02-11T10:00:00,Холодильник,Кухня,0.8,0.35517108823521926,10,6,0,0,normal
2026-02-11T11:00:00,Холодильник,Кухня,0.8,0.41166201463049656,11,6,0,0,normal
2026-02-11T12:00:00,Холодильник,Кухня,0.8,0.4105639941105302,12,6,0,0,normal
2026-02-11T13:00:00,Холодильник,Кухня,0.8,0.4641216131390542,13,6,0,0,normal
2026-02-11T14:00:00,Холодильник,Кухня,0.8,0.5897064154246858,14,6,0,0,normal
2026-02-11T15:00:00,Холодильник,Кухня,0.8,0.45679237824555097,15,6,0,0,normal
2026-02-11T16:00:00,Холодильник,Кухня,0.8,0.5116616316327495,16,6,0,0,normal
2026-02-11T17:00:00,Холодильник,Кухня,0.8,0.5190361441378561,17,6,0,0,normal
2026-02-11T18:00:00,Холодильник,Кухня,0.8,0.5224756168398318,18,6,0,0,normal
2026-02-11T19:00:00,Холодильник,Кухня,0.8,0.6201402590334476,19,6,0,0,normal
2026-02-11T20:00:00,Холодильник,Кухня,0.8,0.5859092035677205,20,6,0,0,normal
2026-02-11T21:00:00,Холодильник,Кухня,0.8,0.5904116386741108,21,6,0,0,normal
2026-02-11T22:00:00,Холодильник,Кухня,0.8,0.5062628131038469,22,6,0,0,normal
2026-02-11T23:00:00,Холодильник,Кухня,0.8,0.5915014026941958,23,6,0,0,normal
2026-02-12T00:00:00,Холодильник,Кухня,0.8,0.35674844374194586,0,0,0,0,normal
2026-02-12T01:00:00,Холодильник,Кухня,0.8,0.3386861132925842,1,0,0,0,normal
2026-02-12T02:00:00,Холодильник,Кухня,0.8,0.44954444801023136,2,0,0,0,normal
2026-02-12T03:00:00,Холодильник,Кухня,0.8,0.37383936566083686,3,0,0,0,normal
2026-02-12T04:00:00,Холодильник,Кухня,0.8,0.4165048027636402,4,0,0,0,normal
2026-02-12T05:00:00,Холодильник,Кухня,0.8,0.4098604944545729,5,0,0,0,normal
2026-02-12T06:00:00,Холодильник,Кухня,0.8,0.4972698360499504,6,0,0,0,normal
2026-02-12T07:00:00,Холодильник,Кухня,0.8,0.42659911201833994,7,0,0,0,normal
2026-02-12T08:00:00,Холодильник,Кухня,0.8,0.4963604792350081,8,0,0,0,normal
2026-02-12T09:00:00,Холодильник,Кухня,0.8,0.4040111591474649,9,0,0,0,normal
2026-02-12T10:00:00,Холодильник,Кухня,0.8,0.2271157349863307,10,0,0,0,normal
2026-02-12T11:00:00,Холодильник,Кухня,0.8,0.2879245668950877,11,0,0,0,normal
2026-02-12T12:00:00,Холодильник,Кухня,0.8,0.26545817907895425,12,0,0,0,normal
2026-02-12T13:00:00,Холодильник,Кухня,0.8,0.42267823429016316,13,0,0,0,normal
2026-02-12T14:00:00,Холодильник,Кухня,0.8,0.5046903542678547,14,0,0,0,normal
2026-02-12T15:00:00,Холодильник,Кухня,0.8,0.45881554648750844,15,0,0,0,normal
2026-02-12T16:00:00,Холодильник,Кухня,0.8,0.37064246879985013,16,0,0,0,normal
2026-02-12T17:00:00,Холодильник,Кухня,0.8,0.26729506028726063,17,0,0,0,normal
2026-02-12T18:00:00,Холодильник,Кухня,0.8,0.4285845051944025,18,0,0,0,normal
2026-02-12T19:00:00,Холодильник,Кухня,0.8,0.48065107124271517,19,0,0,0,normal
2026-02-12T20:00:00,Холодильник,Кухня,0.8,0.6282207923512998,20,0,0,0,normal
2026-02-12T21:00:00,Холодильник,Кухня,0.8,0.493756011741684,21,0,0,0,normal
2026-02-12T22:00:00,Холодильник,Кухня,0.8,0.5249696434520705,22,0,0,0,normal
2026-02-12T23:00:00,Холодильник,Кухня,0.8,0.4251447378165782,23,0,0,0,normal
2026-02-13T00:00:00,Холодильник,Кухня,0.8,0.4911811908041321,0,1,0,0,normal
2026-02-13T01:00:00,Холодильник,Кухня,0.8,0.28766871023424523,1,1,0,0,normal
2026-02-13T02:00:00,Холодильник,Кухня,0.8,0.3463942351799647,2,1,0,0,normal
2026-02-13T03:00:00,Холодильник,Кухня,0.8,0.4231102778551691,3,1,0,0,normal
2026-02-13T04:00:00,Холодильник,Кухня,0.8,0.5282946329309997,4,1,0,0,normal
2026-02-13T05:00:00,Холодильник,Кухня,0.8,0.33294822345108166,5,1,0,0,normal
2026-02-13T06:00:00,Холодильник,Кухня,0.8,0.397720709600347,6,1,0,0,normal
2026-02-13T07:00:00,Холодильник,Кухня,0.8,0.46736858563246075,7,1,0,0,normal
2026-02-13T08:00:00,Холодильник,Кухня,0.8,0.5363060543022746,8,1,0,0,normal
2026-02-13T09:00:00,Холодильник,Кухня,0.8,0.3990595276924212,9,1,0,0,normal
2026-02-13T10:00:00,Холодильник,Кухня,0.8,0.38257635095676934,10,1,0,0,normal
2026-02-13T11:00:00,Холодильник,Кухня,0.8,0.23683485942922688,11,1,0,0,normal
2026-02-13T12:00:00,Холодильник,Кухня,0.8,0.3921914330837544,12,1,0,0,normal
2026-02-13T13:00:00,Холодильник,Кухня,0.8,0.4489831135874311,13,1,0,0,normal
2026-02-13T14:00:00,Холодильник,Кухня,0.8,0.46174838147183095,14,1,0,0,normal
2026-02-13T15:00:00,Холодильник,Кухня,0.8,0.47917922448602557,15,1,0,0,normal
2026-02-13T16:00:00,Холодильник,Кухня,0.8,0.46013283192412496,16,1,0,0,normal
2026-02-13T17:00:00,Холодильник,Кухня,0.8,0.16311412176623083,17,1,0,0,normal
2026-02-13T18:00:00,Холодильник,Кухня,0.8,0.267960589131936,18,1,0,0,normal
2026-02-13T19:00:00,Холодильник,Кухня,0.8,0.4322998280426056,19,1,0,0,normal
2026-02-13T20:00:00,Холодильник,Кухня,0.8,0.5939729353794133,20,1,0,0,normal
2026-02-13T21:00:00,Холодильник,Кухня,0.8,0.5016906834077711,21,1,0,0,normal
2026-02-13T22:00:00,Холодильник,Кухня,0.8,0.3821650127919279,22,1,0,0,normal
2026-02-13T23:00:00,Холодильник,Кухня,0.8,0.5551812266847819,23,1,0,0,normal
2026-02-14T00:00:00,Холодильник,Кухня,0.8,0.4013496212250316,0,2,0,0,normal
2026-02-14T01:00:00,Холодильник,Кухня,0.8,0.39755343588265124,1,2,0,0,normal
2026-02-14T02:00:00,Холодильник,Кухня,0.8,0.4363488140692151,2,2,0,0,normal
2026-02-14T03:00:00,Холодильник,Кухня,0.8,0.5259288288611241,3,2,0,0,normal
2026-02-14T04:00:00,Холодильник,Кухня,0.8,0.38767905098659416,4,2,0,0,normal
2026-02-14T05:00:00,Холодильник,Кухня,0.8,0.44657774142387896,5,2,0,0,normal
2026-02-14T06:00:00,Холодильник,Кухня,0.8,0.39121448531156444,6,2,0,0,normal
2026-02-14T07:00:00,Холодильник,Кухня,0.8,0.4533992032237665,7,2,0,0,normal
2026-02-14T08:00:00,Холодильник,Кухня,0.8,0.3111560003576932,8,2,0,0,normal
2026-02-14T09:00:00,Холодильник,Кухня,0.8,0.34801261982693515,9,2,0,0,normal
2026-02-14T10:00:00,Холодильник,Кухня,0.8,0.38915928998430155,10,2,0,0,normal
2026-02-14T11:00:00,Холодильник,Кухня,0.8,0.35392824757131897,11,2,0,0,normal
2026-02-14T12:00:00,Холодильник,Кухня,0.8,0.44087994156337357,12,2,0,0,normal
2026-02-14T13:00:00,Холодильник,Кухня,0.8,0.42781320889169727,13,2,0,0,normal
2026-02-14T14:00:00,Холодильник,Кухня,0.8,0.5637917347970663,14,2,0,0,normal
2026-02-14T15:00:00,Холодильник,Кухня,0.8,0.37653848771059223,15,2,0,0,normal
2026-02-14T16:00:00,Холодильник,Кухня,0.8,0.5142096701916103,16,2,0,0,normal
2026-02-14T17:00:00,Холодильник,Кухня,0.8,0.33924540663622266,17,2,0,0,normal
2026-02-14T18:00:00,Холодильник,Кухня,0.8,0.41143494555069166,18,2,0,0,normal
2026-02-14T19:00:00,Холодильник,Кухня,0.8,0.5275022480233331,19,2,0,0,normal
2026-02-14T20:00:00,Холодильник,Кухня,0.8,0.7063635778276575,20,2,0,0,normal
2026-02-14T21:00:00,Холодильник,Кухня,0.8,0.47708003091255186,21,2,0,0,normal
2026-02-14T22:00:00,Холодильник,Кухня,0.8,0.5432275404858319,22,2,0,0,normal
2026-02-14T23:00:00,Холодильник,Кухня,0.8,0.4855679748176154,23,2,0,0,normal
2026-01-01T00:00:00,Стиральная машина,Бытовая,2.2,0.24614829270422586,0,0,0,0,normal
2026-01-01T01:00:00,Стиральная машина,Бытовая,2.2,0.009371629737529585,1,0,0,0,normal
2026-01-01T02:00:00,Стиральная машина,Бытовая,2.2,0.0668085730400817,2,0,0,0,normal
2026-01-01T03:00:00,Стиральная машина,Бытовая,2.2,0.18089982089500023,3,0,0,0,normal
2026-01-01T04:00:00,Стиральная машина,Бытовая,2.2,0.1400328984321454,4,0,0,0,normal
2026-01-01T05:00:00,Стиральная машина,Бытовая,2.2,0.10077296577540926,5,0,0,0,normal
2026-01-01T06:00:00,Стиральная машина,Бытовая,2.2,0.0,6,0,0,0,normal
2026-01-01T07:00:00,Стиральная машина,Бытовая,2.2,0.0,7,0,0,0,normal
2026-01-01T08:00:00,Стиральная машина,Бытовая,2.2,0.28835356032730886,8,0,0,0,normal
2026-01-01T09:00:00,Стиральная машина,Бытовая,2.2,0.020810232530710376,9,0,0,0,normal
2026-01-01T10:00:00,Стиральная машина,Бытовая,2.2,0.15545382792618292,10,0,0,0,normal
2026-01-01T11:00:00,Стиральная машина,Бытовая,2.2,0.036332302225637915,11,0,0,0,normal
2026-01-01T12:00:00,Стиральная машина,Бытовая,2.2,0.0,12,0,0,0,normal
2026-01-01T13:00:00,Стиральная машина,Бытовая,2.2,0.04911815949466893,13,0,0,0,normal
2026-01-01T14:00:00,Стиральная машина,Бытовая,2.2,0.12011855056629599,14,0,0,0,normal
2026-01-01T15:00:00,Стиральная машина,Бытовая,2.2,0.02531626146610828,15,0,0,0,normal
2026-01-01T16:00:00,Стиральная машина,Бытовая,2.2,0.0,16,0,0,0,normal
2026-01-01T17:00:00,Стиральная машина,Бытовая,2.2,0.3691643655967764,17,0,0,0,normal
2026-01-01T18:00:00,Стиральная машина,Бытовая,2.2,0.9475706408427043,18,0,0,0,normal
2026-01-01T19:00:00,Стиральная машина,Бытовая,2.2,1.9151341678162461,19,0,0,0,normal
2026-01-01T20:00:00,Стиральная машина,Бытовая,2.2,2.121747630661368,20,0,0,0,normal
2026-01-01T21:00:00,Стиральная машина,Бытовая,2.2,1.1867151896419688,21,0,0,0,normal
2026-01-01T22:00:00,Стиральная машина,Бытовая,2.2,0.3456709481015391,22,0,0,0,normal
2026-01-01T23:00:00,Стиральная машина,Бытовая,2.2,0.2171098038691339,23,0,0,0,normal
2026-01-02T00:00:00,Стиральная машина,Бытовая,2.2,0.0,0,1,0,0,normal
2026-01-02T01:00:00,Стиральная машина,Бытовая,2.2,0.1378613749708286,1,1,0,0,normal
2026-01-02T02:00:00,Стиральная машина,Бытовая,2.2,0.0,2,1,0,0,normal
2026-01-02T03:00:00,Стиральная машина,Бытовая,2.2,0.0,3,1,0,0,normal
2026-01-02T04:00:00,Стиральная машина,Бытовая,2.2,0.2667878299860496,4,1,0,0,normal
2026-01-02T05:00:00,Стиральная машина,Бытовая,2.2,0.0,5,1,0,0,normal
2026-01-02T06:00:00,Стиральная машина,Бытовая,2.2,0.0,6,1,0,0,normal
2026-01-02T07:00:00,Стиральная машина,Бытовая,2.2,0.1781407815505037,7,1,0,0,normal
2026-01-02T08:00:00,Стиральная машина,Бытовая,2.2,0.2060702298220049,8,1,0,0,normal
2026-01-02T09:00:00,Стиральная машина,Бытовая,2.2,0.003325024137729959,9,1,0,0,normal
2026-01-02T10:00:00,Стиральная машина,Бытовая,2.2,0.04872147244237335,10,1,0,0,normal
2026-01-02T11:00:00,Стиральная машина,Бытовая,2.2,0.3766081647953723,11,1,0,0,normal
2026-01-02T12:00:00,Стиральная машина,Бытовая,2.2,0.16680229473403108,12,1,0,0,normal
2026-01-02T13:00:00,Стиральная машина,Бытовая,2.2,0.05761484222994053,13,1,0,0,normal
2026-01-02T14:00:00,Стиральная машина,Бытовая,2.2,0.02950453806211718,14,1,0,0,normal
2026-01-02T15:00:00,Стиральная машина,Бытовая,2.2,0.132875683895248,15,1,0,0,normal
2026-01-02T16:00:00,Стиральная машина,Бытовая,2.2,0.21522813501738575,16,1,0,0,normal
2026-01-02T17:00:00,Стиральная машина,Бытовая,2.2,0.18584451670535118,17,1,0,0,normal
2026-01-02T18:00:00,Стиральная машина,Бытовая,2.2,0.9825640570186354,18,1,0,0,normal
2026-01-02T19:00:00,Стиральная машина,Бытовая,2.2,1.798437539576563,19,1,0,0,normal
2026-01-02T20:00:00,Стиральная машина,Бытовая,2.2,2.310587068712778,20,1,0,0,normal
2026-01-02T21:00:00,Стиральная машина,Бытовая,2.2,1.2992565586538871,21,1,0,0,normal
2026-01-02T22:00:00,Стиральная машина,Бытовая,2.2,0.6731492829777945,22,1,0,0,normal
2026-01-02T23:00:00,Стиральная машина,Бытовая,2.2,0.0,23,1,0,0,normal
2026-01-03T00:00:00,Стиральная машина,Бытовая,2.2,0.04689427068075788,0,2,0,0,normal
2026-01-03T01:00:00,Стиральная машина,Бытовая,2.2,0.0,1,2,0,0,normal
2026-01-03T02:00:00,Стиральная машина,Бытовая,2.2,0.0,2,2,0,0,normal
2026-01-03T03:00:00,Стиральная машина,Бытовая,2.2,0.13477429956124873,3,2,0,0,normal
2026-01-03T04:00:00,Стиральная машина,Бытовая,2.2,0.0,4,2,0,0,normal
2026-01-03T05:00:00,Стиральная машина,Бытовая,2.2,0.0,5,2,0,0,normal
2026-01-03T06:00:00,Стиральная машина,Бытовая,2.2,0.0,6,2,0,0,normal
2026-01-03T07:00:00,Стиральная машина,Бытовая,2.2,0.17617588736648837,7,2,0,0,normal
2026-01-03T08:00:00,Стиральная машина,Бытовая,2.2,0.2833617116305293,8,2,0,0,normal
2026-01-03T09:00:00,Стиральная машина,Бытовая,2.2,0.0,9,2,0,0,normal
2026-01-03T10:00:00,Стиральная машина,Бытовая,2.2,0.11711644568499427,10,2,0,0,normal
2026-01-03T11:00:00,Стиральная машина,Бытовая,2.2,0.0,11,2,0,0,normal
2026-01-03T12:00:00,Стиральная машина,Бытовая,2.2,0.3582553806892251,12,2,0,0,normal
2026-01-03T13:00:00,Стиральная машина,Бытовая,2.2,0.14789096315192513,13,2,0,0,normal
2026-01-03T14:00:00,Стиральная машина,Бытовая,2.2,0.1683570006228445,14,2,0,0,normal
2026-01-03T15:00:00,Стиральная машина,Бытовая,2.2,0.0,15,2,0,0,normal
2026-01-03T16:00:00,Стиральная машина,Бытовая,2.2,0.4183064838347689,16,2,0,0,normal
2026-01-03T17:00:00,Стиральная машина,Бытовая,2.2,0.33397945270587365,17,2,0,0,normal
2026-01-03T18:00:00,Стиральная машина,Бытовая,2.2,0.6638468681789312,18,2,0,0,normal
2026-01-03T19:00:00,Стиральная машина,Бытовая,2.2,1.8371449405105926,19,2,0,0,normal
2026-01-03T20:00:00,Стиральная машина,Бытовая,2.2,2.243874462158501,20,2,0,0,normal
2026-01-03T21:00:00,Стиральная машина,Бытовая,2.2,1.073165786388234,21,2,0,0,normal
2026-01-03T22:00:00,Стиральная машина,Бытовая,2.2,0.6564478466843952,22,2,0,0,normal
2026-01-03T23:00:00,Стиральная машина,Бытовая,2.2,0.05704897412863533,23,2,0,0,normal
2026-01-04T00:00:00,Стиральная машина,Бытовая,2.2,0.0,0,3,0,0,normal
2026-01-04T01:00:00,Стиральная машина,Бытовая,2.2,0.0,1,3,0,0,normal
2026-01-04T02:00:00,Стиральная машина,Бытовая,2.2,0.0,2,3,0,0,normal
2026-01-04T03:00:00,Стиральная машина,Бытовая,2.2,0.050736600023564796,3,3,0,0,normal
2026-01-04T04:00:00,Стиральная машина,Бытовая,2.2,0.02477183542762391,4,3,0,0,normal
2026-01-04T05:00:00,Стиральная машина,Бытовая,2.2,0.18893496792149242,5,3,0,0,normal
2026-01-04T06:00:00,Стиральная машина,Бытовая,2.2,0.24046497207600465,6,3,0,0,normal
2026-01-04T07:00:00,Стиральная машина,Бытовая,2.2,0.05973022669325153,7,3,0,0,normal
2026-01-04T08:00:00,Стиральная машина,Бытовая,2.2,0.42912504937666207,8,3,0,0,normal
2026-01-04T09:00:00,Стиральная машина,Бытовая,2.2,0.0,9,3,0,0,normal
2026-01-04T10:00:00,Стиральная машина,Бытовая,2.2,0.10992763734815937,10,3,0,0,normal
2026-01-04T11:00:00,Стиральная машина,Бытовая,2.2,0.0,11,3,0,0,normal
2026-01-04T12:00:00,Стиральная машина,Бытовая,2.2,0.0,12,3,0,0,normal
2026-01-04T13:00:00,Стиральная машина,Бытовая,2.2,0.10890191375184109,13,3,0,0,normal
2026-01-04T14:00:00,Стиральная машина,Бытовая,2.2,0.0,14,3,0,0,normal
2026-01-04T15:00:00,Стиральная машина,Бытовая,2.2,0.0803191541805172,15,3,0,0,normal
2026-01-04T16:00:00,Стиральная машина,Бытовая,2.2,0.0,16,3,0,0,normal
2026-01-04T17:00:00,Стиральная машина,Бытовая,2.2,0.21996211756103834,17,3,0,0,normal
2026-01-04T18:00:00,Стиральная машина,Бытовая,2.2,0.9934435767233772,18,3,0,0,normal
2026-01-04T19:00:00,Стиральная машина,Бытовая,2.2,2.056302371339162,19,3,0,0,normal
2026-01-04T20:00:00,Стиральная машина,Бытовая,2.2,1.8159904748305085,20,3,0,0,normal
2026-01-04T21:00:00,Стиральная машина,Бытовая,2.2,1.6317008625973224,21,3,0,0,normal
2026-01-04T22:00:00,Стиральная машина,Бытовая,2.2,0.4892580962167008,22,3,0,0,normal
2026-01-04T23:00:00,Стиральная машина,Бытовая,2.2,0.5118971945684305,23,3,0,0,normal
2026-01-05T00:00:00,Стиральная машина,Бытовая,2.2,0.0,0,4,0,0,normal
2026-01-05T01:00:00,Стиральная машина,Бытовая,2.2,0.0,1,4,0,0,normal
2026-01-05T02:00:00,Стиральная машина,Бытовая,2.2,0.06012800607700323,2,4,0,0,normal
2026-01-05T03:00:00,Стиральная машина,Бытовая,2.2,0.0,3,4,0,0,normal
2026-01-05T04:00:00,Стиральная машина,Бытовая,2.2,0.006825540562450647,4,4,0,0,normal
2026-01-05T05:00:00,Стиральная машина,Бытовая,2.2,0.0,5,4,0,0,normal
2026-01-05T06:00:00,Стиральная машина,Бытовая,2.2,0.2342158598826975,6,4,0,0,normal
2026-01-05T07:00:00,Стиральная машина,Бытовая,2.2,0.1770534612078081,7,4,0,0,normal
2026-01-05T08:00:00,Стиральная машина,Бытовая,2.2,0.0,8,4,0,0,normal
2026-01-05T09:00:00,Стиральная машина,Бытовая,2.2,0.0,9,4,0,0,normal
2026-01-05T10:00:00,Стиральная машина,Бытовая,2.2,0.0,10,4,0,0,normal
2026-01-05T11:00:00,Стиральная машина,Бытовая,2.2,0.0,11,4,0,0,normal
2026-01-05T12:00:00,Стиральная машина,Бытовая,2.2,0.0,12,4,0,0,normal
2026-01-05T13:00:00,Стиральная машина,Бытовая,2.2,0.3673882786510698,13,4,0,0,normal
2026-01-05T14:00:00,Стиральная машина,Бытовая,2.2,0.0,14,4,0,0,normal
2026-01-05T15:00:00,Стиральная машина,Бытовая,2.2,0.22878449257618036,15,4,0,0,normal
2026-01-05T16:00:00,Стиральная машина,Бытовая,2.2,0.0,16,4,0,0,normal
2026-01-05T17:00:00,Стиральная машина,Бытовая,2.2,0.27312720721260314,17,4,0,0,normal
2026-01-05T18:00:00,Стиральная машина,Бытовая,2.2,0.5942574988803884,18,4,0,0,normal
2026-01-05T19:00:00,Стиральная машина,Бытовая,2.2,2.034196775505228,19,4,0,0,normal
2026-01-05T20:00:00,Стиральная машина,Бытовая,2.2,1.9679008133973361,20,4,0,0,normal
2026-01-05T21:00:00,Стиральная машина,Бытовая,2.2,1.6593949810611814,21,4,0,0,normal
2026-01-05T22:00:00,Стиральная машина,Бытовая,2.2,0.3257954378056759,22,4,0,0,normal
2026-01-05T23:00:00,Стиральная машина,Бытовая,2.2,0.3437812733160047,23,4,0,0,normal
2026-01-06T00:00:00,Стиральная машина,Бытовая,2.2,0.2514672560818363,0,5,0,0,normal
2026-01-06T01:00:00,Стиральная машина,Бытовая,2.2,0.0,1,5,0,0,normal
2026-01-06T02:00:00,Стиральная машина,Бытовая,2.2,0.08524814694411066,2,5,0,0,normal
2026-01-06T03:00:00,Стиральная машина,Бытовая,2.2,0.0,3,5,0,0,normal
2026-01-06T04:00:00,Стиральная машина,Бытовая,2.2,0.0,4,5,0,0,normal
2026-01-06T05:00:00,Стиральная машина,Бытовая,2.2,0.0234985877879122,5,5,0,0,normal
2026-01-06T06:00:00,Стиральная машина,Бытовая,2.2,0.14744869059569785,6,5,0,0,normal
2026-01-06T07:00:00,Стиральная машина,Бытовая,2.2,0.38096602369919175,7,5,0,0,normal
2026-01-06T08:00:00,Стиральная машина,Бытовая,2.2,0.20410167292168904,8,5,0,1,drift
2026-01-06T09:00:00,Стиральная машина,Бытовая,2.2,0.30025835765607856,9,5,0,1,drift
2026-01-06T10:00:00,Стиральная машина,Бытовая,2.2,0.10050083770631915,10,5,0,1,drift
2026-01-06T11:00:00,Стиральная машина,Бытовая,2.2,0.0074046834794293265,11,5,0,1,drift
2026-01-06T12:00:00,Стиральная машина,Бытовая,2.2,0.0,12,5,0,1,drift
2026-01-06T13:00:00,Стиральная машина,Бытовая,2.2,0.0001981823217714643,13,5,0,1,drift
2026-01-06T14:00:00,Стиральная машина,Бытовая,2.2,0.6411848121800587,14,5,0,1,drift
2026-01-06T15:00:00,Стиральная машина,Бытовая,2.2,0.0,15,5,0,1,drift
2026-01-06T16:00:00,Стиральная машина,Бытовая,2.2,0.09713864168379413,16,5,0,1,drift
2026-01-06T17:00:00,Стиральная машина,Бытовая,2.2,0.21364763706452417,17,5,0,1,drift
2026-01-06T18:00:00,Стиральная машина,Бытовая,2.2,1.294779590089153,18,5,0,1,drift
2026-01-06T19:00:00,Стиральная машина,Бытовая,2.2,2.423236904733571,19,5,0,1,drift
2026-01-06T20:00:00,Стиральная машина,Бытовая,2.2,2.5971163469483214,20,5,0,1,drift
2026-01-06T21:00:00,Стиральная машина,Бытовая,2.2,1.9282832654804591,21,5,0,1,drift
2026-01-06T22:00:00,Стиральная машина,Бытовая,2.2,0.5017924811955303,22,5,0,1,drift
2026-01-06T23:00:00,Стиральная машина,Бытовая,2.2,0.43595682357891036,23,5,0,1,drift
2026-01-07T00:00:00,Стиральная машина,Бытовая,2.2,0.0,0,6,0,1,drift
2026-01-07T01:00:00,Стиральная машина,Бытовая,2.2,0.2835122353179195,1,6,0,1,drift
2026-01-07T02:00:00,Стиральная машина,Бытовая,2.2,0.27041475980782714,2,6,0,1,drift
2026-01-07T03:00:00,Стиральная машина,Бытовая,2.2,0.0,3,6,0,1,drift
2026-01-07T04:00:00,Стиральная машина,Бытовая,2.2,0.251254233337944,4,6,1,0,normal
2026-01-07T05:00:00,Стиральная машина,Бытовая,2.2,0.0,5,6,1,0,normal
2026-01-07T06:00:00,Стиральная машина,Бытовая,2.2,0.0,6,6,0,1,drift
2026-01-07T07:00:00,Стиральная машина,Бытовая,2.2,0.0,7,6,0,1,drift
2026-01-07T08:00:00,Стиральная машина,Бытовая,2.2,0.08732407743675491,8,6,0,1,drift
2026-01-07T09:00:00,Стиральная машина,Бытовая,2.2,0.0,9,6,0,1,drift
2026-01-07T10:00:00,Стиральная машина,Бытовая,2.2,0.0,10,6,0,1,drift
2026-01-07T11:00:00,Стиральная машина,Бытовая,2.2,0.30589473490412594,11,6,0,1,drift
2026-01-07T12:00:00,Стиральная машина,Бытовая,2.2,0.0,12,6,0,1,drift
2026-01-07T13:00:00,Стиральная машина,Бытовая,2.2,0.0,13,6,0,1,drift
2026-01-07T14:00:00,Стиральная машина,Бытовая,2.2,0.12589468636854165,14,6,0,1,drift
2026-01-07T15:00:00,Стиральная машина,Бытовая,2.2,0.0,15,6,0,1,drift
2026-01-07T16:00:00,Стиральная машина,Бытовая,2.2,0.15539379958940625,16,6,0,1,drift
2026-01-07T17:00:00,Стиральная машина,Бытовая,2.2,0.48589348920299624,17,6,0,1,drift
2026-01-07T18:00:00,Стиральная машина,Бытовая,2.2,1.1559165490254029,18,6,0,0,normal
2026-01-07T19:00:00,Стиральная машина,Бытовая,2.2,2.0662249557326158,19,6,0,0,normal
2026-01-07T20:00:00,Стиральная машина,Бытовая,2.2,2.412090171104012,20,6,0,0,normal
2026-01-07T21:00:00,Стиральная машина,Бытовая,2.2,1.8317535249576298,21,6,0,0,normal
2026-01-07T22:00:00,Стиральная машина,Бытовая,2.2,0.47683458064681933,22,6,0,0,normal
2026-01-07T23:00:00,Стиральная машина,Бытовая,2.2,0.08708302600322212,23,6,0,0,normal
2026-01-08T00:00:00,Стиральная машина,Бытовая,2.2,0.057739006183319265,0,0,0,0,normal
2026-01-08T01:00:00,Стиральная машина,Бытовая,2.2,0.08389131352287077,1,0,0,0,normal
2026-01-08T02:00:00,Стиральная машина,Бытовая,2.2,0.0,2,0,0,0,normal
2026-01-08T03:00:00,Стиральная машина,Бытовая,2.2,0.09233990518847737,3,0,0,0,normal
2026-01-08T04:00:00,Стиральная машина,Бытовая,2.2,0.0,4,0,0,0,normal
2026-01-08T05:00:00,Стиральная машина,Бытовая,2.2,0.0,5,0,0,0,normal
2026-01-08T06:00:00,Стиральная машина,Бытовая,2.2,0.1126376751594124,6,0,0,0,normal
2026-01-08T07:00:00,Стиральная машина,Бытовая,2.2,0.0,7,0,0,0,normal
2026-01-08T08:00:00,Стиральная машина,Бытовая,2.2,0.7806309724373468,8,0,0,0,normal
2026-01-08T09:00:00,Стиральная машина,Бытовая,2.2,0.1707176957019122,9,0,0,0,normal
2026-01-08T10:00:00,Стиральная машина,Бытовая,2.2,0.0,10,0,0,0,normal
2026-01-08T11:00:00,Стиральная машина,Бытовая,2.2,0.1580139881969206,11,0,0,0,normal
2026-01-08T12:00:00,Стиральная машина,Бытовая,2.2,0.25788048413157755,12,0,0,0,normal
2026-01-08T13:00:00,Стиральная машина,Бытовая,2.2,0.280631328188292,13,0,0,0,normal
2026-01-08T14:00:00,Стиральная машина,Бытовая,2.2,0.06259794465436072,14,0,0,0,normal
2026-01-08T15:00:00,Стиральная машина,Бытовая,2.2,0.20216022205147927,15,0,0,0,normal
2026-01-08T16:00:00,Стиральная машина,Бытовая,2.2,0.233904199643051,16,0,0,0,normal
2026-01-08T17:00:00,Стиральная машина,Бытовая,2.2,0.35987366700365847,17,0,0,0,normal
2026-01-08T18:00:00,Стиральная машина,Бытовая,2.2,0.6411893254964183,18,0,0,0,normal
2026-01-08T19:00:00,Стиральная машина,Бытовая,2.2,1.8717834917364267,19,0,0,0,normal
2026-01-08T20:00:00,Стиральная машина,Бытовая,2.2,1.6024675543427949,20,0,0,0,normal
2026-01-08T21:00:00,Стиральная машина,Бытовая,2.2,1.213415410250876,21,0,0,0,normal
2026-01-08T22:00:00,Стиральная машина,Бытовая,2.2,0.7212300312857691,22,0,0,0,normal
2026-01-08T23:00:00,Стиральная машина,Бытовая,2.2,0.14543896201022363,23,0,0,0,normal
2026-01-09T00:00:00,Стиральная машина,Бытовая,2.2,0.0,0,1,0,0,normal
2026-01-09T01:00:00,Стиральная машина,Бытовая,2.2,0.0,1,1,0,1,point_outlier
2026-01-09T02:00:00,Стиральная машина,Бытовая,2.2,0.0,2,1,0,1,point_outlier
2026-01-09T03:00:00,Стиральная машина,Бытовая,2.2,0.0,3,1,0,0,normal
2026-01-09T04:00:00,Стиральная машина,Бытовая,2.2,0.0,4,1,0,0,normal
2026-01-09T05:00:00,Стиральная машина,Бытовая,2.2,0.0,5,1,0,0,normal
2026-01-09T06:00:00,Стиральная машина,Бытовая,2.2,0.19056110355697248,6,1,0,0,normal
2026-01-09T07:00:00,Стиральная машина,Бытовая,2.2,0.40954843228937415,7,1,0,0,normal
2026-01-09T08:00:00,Стиральная машина,Бытовая,2.2,0.12285816174867276,8,1,0,0,normal
2026-01-09T09:00:00,Стиральная машина,Бытовая,2.2,0.26707866023097615,9,1,0,0,normal
2026-01-09T10:00:00,Стиральная машина,Бытовая,2.2,0.0,10,1,0,0,normal
2026-01-09T11:00:00,Стиральная машина,Бытовая,2.2,0.050743461701453316,11,1,0,0,normal
2026-01-09T12:00:00,Стиральная машина,Бытовая,2.2,0.0,12,1,0,0,normal
2026-01-09T13:00:00,Стиральная машина,Бытовая,2.2,0.16763411687394097,13,1,0,0,normal
2026-01-09T14:00:00,Стиральная машина,Бытовая,2.2,0.017960231783768103,14,1,0,0,normal
2026-01-09T15:00:00,Стиральная машина,Бытовая,2.2,0.0,15,1,0,0,normal
2026-01-09T16:00:00,Стиральная машина,Бытовая,2.2,0.1936179686492367,16,1,0,0,normal
2026-01-09T17:00:00,Стиральная машина,Бытовая,2.2,0.644755882683551,17,1,0,0,normal
2026-01-09T18:00:00,Стиральная машина,Бытовая,2.2,0.9152712094266399,18,1,0,0,normal
2026-01-09T19:00:00,Стиральная машина,Бытовая,2.2,1.8319119003557005,19,1,0,0,normal
2026-01-09T20:00:00,Стиральная машина,Бытовая,2.2,2.0873976231803515,20,1,0,0,normal
2026-01-09T21:00:00,Стиральная машина,Бытовая,2.2,1.3978989753159716,21,1,0,0,normal
2026-01-09T22:00:00,Стиральная машина,Бытовая,2.2,0.6990591514825828,22,1,0,0,normal
2026-01-09T23:00:00,Стиральная машина,Бытовая,2.2,0.34857657716705376,23,1,0,0,normal
2026-01-10T00:00:00,Стиральная машина,Бытовая,2.2,0.0,0,2,0,0,normal
2026-01-10T01:00:00,Стиральная машина,Бытовая,2.2,0.22894980126544784,1,2,0,0,normal
2026-01-10T02:00:00,Стиральная машина,Бытовая,2.2,0.0,2,2,0,0,normal
2026-01-10T03:00:00,Стиральная машина,Бытовая,2.2,0.28867131487121794,3,2,0,0,normal
2026-01-10T04:00:00,Стиральная машина,Бытовая,2.2,0.07210614584110872,4,2,0,0,normal
2026-01-10T05:00:00,Стиральная машина,Бытовая,2.2,0.17298664121673402,5,2,0,0,normal
2026-01-10T06:00:00,Стиральная машина,Бытовая,2.2,0.0,6,2,0,0,normal
2026-01-10T07:00:00,Стиральная машина,Бытовая,2.2,0.0,7,2,0,0,normal
2026-01-10T08:00:00,Стиральная машина,Бытовая,2.2,0.2665142370829972,8,2,0,0,normal
2026-01-10T09:00:00,Стиральная машина,Бытовая,2.2,0.280005920939639,9,2,0,0,normal
2026-01-10T10:00:00,Стиральная машина,Бытовая,2.2,0.14018344689401466,10,2,0,0,normal
2026-01-10T11:00:00,Стиральная машина,Бытовая,2.2,0.14850980628937832,11,2,0,0,normal
2026-01-10T12:00:00,Стиральная машина,Бытовая,2.2,0.012721067896518957,12,2,0,0,normal
2026-01-10T13:00:00,Стиральная машина,Бытовая,2.2,0.13540346150689112,13,2,0,0,normal
2026-01-10T14:00:00,Стиральная машина,Бытовая,2.2,0.0,14,2,0,0,normal
2026-01-10T15:00:00,Стиральная машина,Бытовая,2.2,0.0,15,2,0,0,normal
2026-01-10T16:00:00,Стиральная машина,Бытовая,2.2,0.0,16,2,0,0,normal
2026-01-10T17:00:00,Стиральная машина,Бытовая,2.2,0.33407196954731444,17,2,0,0,normal
2026-01-10T18:00:00,Стиральная машина,Бытовая,2.2,0.8594848447203899,18,2,0,0,normal
2026-01-10T19:00:00,Стиральная машина,Бытовая,2.2,1.8439756122417823,19,2,0,0,normal
2026-01-10T20:00:00,Стиральная машина,Бытовая,2.2,2.2679465064014486,20,2,0,0,normal
2026-01-10T21:00:00,Стиральная машина,Бытовая,2.2,1.398971735524407,21,2,0,0,normal
2026-01-10T22:00:00,Стиральная машина,Бытовая,2.2,0.0,22,2,0,0,normal
2026-01-10T23:00:00,Стиральная машина,Бытовая,2.2,0.3608015290058784,23,2,0,0,normal
2026-01-11T00:00:00,Стиральная машина,Бытовая,2.2,0.04512297016649989,0,3,0,0,normal
2026-01-11T01:00:00,Стиральная машина,Бытовая,2.2,0.13966997329827482,1,3,0,0,normal
2026-01-11T02:00:00,Стиральная машина,Бытовая,2.2,0.0,2,3,0,0,normal
2026-01-11T03:00:00,Стиральная машина,Бытовая,2.2,0.15118260207980247,3,3,0,0,normal
2026-01-11T04:00:00,Стиральная машина,Бытовая,2.2,0.2981307987618642,4,3,0,0,normal
2026-01-11T05:00:00,Стиральная машина,Бытовая,2.2,0.0,5,3,0,0,normal
2026-01-11T06:00:00,Стиральная машина,Бытовая,2.2,0.21665221151051345,6,3,0,0,normal
2026-01-11T07:00:00,Стиральная машина,Бытовая,2.2,0.0,7,3,0,0,normal
2026-01-11T08:00:00,Стиральная машина,Бытовая,2.2,0.0840811439190652,8,3,0,0,normal
2026-01-11T09:00:00,Стиральная машина,Бытовая,2.2,0.12065579842893093,9,3,0,0,normal
2026-01-11T10:00:00,Стиральная машина,Бытовая,2.2,0.37470391952208437,10,3,0,0,normal
2026-01-11T11:00:00,Стиральная машина,Бытовая,2.2,0.0,11,3,0,0,normal
2026-01-11T12:00:00,Стиральная машина,Бытовая,2.2,0.0,12,3,0,0,normal
2026-01-11T13:00:00,Стиральная машина,Бытовая,2.2,0.012935253724261898,13,3,0,0,normal
2026-01-11T14:00:00,Стиральная машина,Бытовая,2.2,0.1303797419673618,14,3,0,0,normal
2026-01-11T15:00:00,Стиральная машина,Бытовая,2.2,0.0,15,3,0,0,normal
2026-01-11T16:00:00,Стиральная машина,Бытовая,2.2,0.19645555377333332,16,3,0,0,normal
2026-01-11T17:00:00,Стиральная машина,Бытовая,2.2,0.16040637804859167,17,3,0,0,normal
2026-01-11T18:00:00,Стиральная машина,Бытовая,2.2,1.0681114315168716,18,3,0,0,normal
2026-01-11T19:00:00,Стиральная машина,Бытовая,2.2,2.0389444379190316,19,3,0,0,normal
2026-01-11T20:00:00,Стиральная машина,Бытовая,2.2,1.8695626965948366,20,3,0,0,normal
2026-01-11T21:00:00,Стиральная машина,Бытовая,2.2,1.2524103685589705,21,3,0,0,normal
2026-01-11T22:00:00,Стиральная машина,Бытовая,2.2,0.526508571370948,22,3,0,0,normal
2026-01-11T23:00:00,Стиральная машина,Бытовая,2.2,0.18224843120352627,23,3,0,0,normal
2026-01-12T00:00:00,Стиральная машина,Бытовая,2.2,0.09724875208500665,0,4,0,0,normal
2026-01-12T01:00:00,Стиральная машина,Бытовая,2.2,0.0,1,4,0,0,normal
2026-01-12T02:00:00,Стиральная машина,Бытовая,2.2,0.0,2,4,0,0,normal
2026-01-12T03:00:00,Стиральная машина,Бытовая,2.2,0.0,3,4,0,0,normal
2026-01-12T04:00:00,Стиральная машина,Бытовая,2.2,0.22844775299892467,4,4,0,0,normal
2026-01-12T05:00:00,Стиральная машина,Бытовая,2.2,0.0,5,4,0,0,normal
2026-01-12T06:00:00,Стиральная машина,Бытовая,2.2,0.0,6,4,0,0,normal
2026-01-12T07:00:00,Стиральная машина,Бытовая,2.2,0.0,7,4,0,0,normal
2026-01-12T08:00:00,Стиральная машина,Бытовая,2.2,0.24087166346215907,8,4,0,0,normal
2026-01-12T09:00:00,Стиральная машина,Бытовая,2.2,0.33446399294933593,9,4,0,0,normal
2026-01-12T10:00:00,Стиральная машина,Бытовая,2.2,0.0,10,4,0,0,normal
2026-01-12T11:00:00,Стиральная машина,Бытовая,2.2,0.01689087980304635,11,4,0,0,normal
2026-01-12T12:00:00,Стиральная машина,Бытовая,2.2,0.11564353498636107,12,4,0,0,normal
2026-01-12T13:00:00,Стиральная машина,Бытовая,2.2,0.35584595159224947,13,4,0,0,normal
2026-01-12T14:00:00,Стиральная машина,Бытовая,2.2,0.12427523727178368,14,4,0,0,normal
2026-01-12T15:00:00,Стиральная машина,Бытовая,2.2,0.24669029343601467,15,4,0,0,normal
2026-01-12T16:00:00,Стиральная машина,Бытовая,2.2,0.10821016554213002,16,4,0,0,normal
2026-01-12T17:00:00,Стиральная машина,Бытовая,2.2,0.07466306329616546,17,4,0,0,normal
2026-01-12T18:00:00,Стиральная машина,Бытовая,2.2,0.6561628145901878,18,4,0,0,normal
2026-01-12T19:00:00,Стиральная машина,Бытовая,2.2,1.6927011241588041,19,4,0,0,normal
2026-01-12T20:00:00,Стиральная машина,Бытовая,2.2,2.1003484227275506,20,4,0,0,normal
2026-01-12T21:00:00,Стиральная машина,Бытовая,2.2,1.3364891969056085,21,4,0,0,normal
2026-01-12T22:00:00,Стиральная машина,Бытовая,2.2,0.3596468961826715,22,4,0,0,normal
2026-01-12T23:00:00,Стиральная машина,Бытовая,2.2,0.4405559311018722,23,4,0,0,normal
2026-01-13T00:00:00,Стиральная машина,Бытовая,2.2,0.0,0,5,0,0,normal
2026-01-13T01:00:00,Стиральная машина,Бытовая,2.2,0.0,1,5,0,0,normal
2026-01-13T02:00:00,Стиральная машина,Бытовая,2.2,0.4398900756834375,2,5,0,0,normal
2026-01-13T03:00:00,Стиральная машина,Бытовая,2.2,0.04482920486050173,3,5,0,0,normal
2026-01-13T04:00:00,Стиральная машина,Бытовая,2.2,0.0,4,5,0,0,normal
2026-01-13T05:00:00,Стиральная машина,Бытовая,2.2,0.0,5,5,0,0,normal
2026-01-13T06:00:00,Стиральная машина,Бытовая,2.2,0.14966757361906932,6,5,0,0,normal
2026-01-13T07:00:00,Стиральная машина,Бытовая,2.2,0.24638745358864506,7,5,0,0,normal
2026-01-13T08:00:00,Стиральная машина,Бытовая,2.2,0.406934895618773,8,5,0,0,normal
2026-01-13T09:00:00,Стиральная машина,Бытовая,2.2,0.0,9,5,0,0,normal
2026-01-13T10:00:00,Стиральная машина,Бытовая,2.2,0.004152509287242569,10,5,0,0,normal
2026-01-13T11:00:00,Стиральная машина,Бытовая,2.2,0.0,11,5,0,0,normal
2026-01-13T12:00:00,Стиральная машина,Бытовая,2.2,0.08261659278786437,12,5,0,0,normal
2026-01-13T13:00:00,Стиральная машина,Бытовая,2.2,0.0,13,5,0,0,normal
2026-01-13T14:00:00,Стиральная машина,Бытовая,2.2,0.0974747200508466,14,5,0,0,normal
2026-01-13T15:00:00,Стиральная машина,Бытовая,2.2,0.29313486389571425,15,5,0,0,normal
2026-01-13T16:00:00,Стиральная машина,Бытовая,2.2,0.0,16,5,0,0,normal
2026-01-13T17:00:00,Стиральная машина,Бытовая,2.2,0.5498380148923742,17,5,0,0,normal
2026-01-13T18:00:00,Стиральная машина,Бытовая,2.2,1.3661253896352454,18,5,0,0,normal
2026-01-13T19:00:00,Стиральная машина,Бытовая,2.2,2.293406363832713,19,5,0,0,normal
2026-01-13T20:00:00,Стиральная машина,Бытовая,2.2,2.37055505471264,20,5,0,0,normal
2026-01-13T21:00:00,Стиральная машина,Бытовая,2.2,1.62476714279145,21,5,0,0,normal
2026-01-13T22:00:00,Стиральная машина,Бытовая,2.2,0.44440577018480276,22,5,0,0,normal
2026-01-13T23:00:00,Стиральная машина,Бытовая,2.2,0.1702671714334317,23,5,0,0,normal
2026-01-14T00:00:00,Стиральная машина,Бытовая,2.2,0.0,0,6,0,0,normal
2026-01-14T01:00:00,Стиральная машина,Бытовая,2.2,0.00804353766154774,1,6,0,0,normal
2026-01-14T02:00:00,Стиральная машина,Бытовая,2.2,0.0,2,6,0,0,normal
2026-01-14T03:00:00,Стиральная машина,Бытовая,2.2,0.0,3,6,0,0,normal
2026-01-14T04:00:00,Стиральная машина,Бытовая,2.2,0.26724223526547,4,6,0,0,normal
2026-01-14T05:00:00,Стиральная машина,Бытовая,2.2,0.0,5,6,0,0,normal
2026-01-14T06:00:00,Стиральная машина,Бытовая,2.2,0.3248651252931075,6,6,0,0,normal
2026-01-14T07:00:00,Стиральная машина,Бытовая,2.2,0.0,7,6,0,0,normal
2026-01-14T08:00:00,Стиральная машина,Бытовая,2.2,0.43921339206798093,8,6,0,0,normal
2026-01-14T09:00:00,Стиральная машина,Бытовая,2.2,0.18077871665120737,9,6,0,0,normal
2026-01-14T10:00:00,Стиральная машина,Бытовая,2.2,0.0,10,6,0,0,normal
2026-01-14T11:00:00,Стиральная машина,Бытовая,2.2,0.0,11,6,0,0,normal
2026-01-14T12:00:00,Стиральная машина,Бытовая,2.2,0.0,12,6,0,0,normal
2026-01-14T13:00:00,Стиральная машина,Бытовая,2.2,0.0,13,6,0,0,normal
2026-01-14T14:00:00,Стиральная машина,Бытовая,2.2,0.18401994603196042,14,6,0,0,normal
2026-01-14T15:00:00,Стиральная машина,Бытовая,2.2,0.0,15,6,0,0,normal
2026-01-14T16:00:00,Стиральная машина,Бытовая,2.2,0.0,16,6,0,0,normal
2026-01-14T17:00:00,Стиральная машина,Бытовая,2.2,0.6126019745269502,17,6,0,0,normal
2026-01-14T18:00:00,Стиральная машина,Бытовая,2.2,1.1685169796889103,18,6,0,0,normal
2026-01-14T19:00:00,Стиральная машина,Бытовая,2.2,2.2153373160718375,19,6,0,0,normal
2026-01-14T20:00:00,Стиральная машина,Бытовая,2.2,2.427221636771232,20,6,0,0,normal
2026-01-14T21:00:00,Стиральная машина,Бытовая,2.2,1.789551350612122,21,6,0,0,normal
2026-01-14T22:00:00,Стиральная машина,Бытовая,2.2,0.639032091622687,22,6,0,0,normal
2026-01-14T23:00:00,Стиральная машина,Бытовая,2.2,0.11459277406057186,23,6,0,0,normal
2026-01-15T00:00:00,Стиральная машина,Бытовая,2.2,0.0,0,0,0,0,normal
2026-01-15T01:00:00,Стиральная машина,Бытовая,2.2,0.20430772782593856,1,0,0,0,normal
2026-01-15T02:00:00,Стиральная машина,Бытовая,2.2,0.27349259049918906,2,0,0,0,normal
2026-01-15T03:00:00,Стиральная машина,Бытовая,2.2,0.07606154548515869,3,0,0,0,normal
2026-01-15T04:00:00,Стиральная машина,Бытовая,2.2,0.5396150178903051,4,0,0,0,normal
2026-01-15T05:00:00,Стиральная машина,Бытовая,2.2,0.03923565162792331,5,0,0,0,normal
2026-01-15T06:00:00,Стиральная машина,Бытовая,2.2,0.029325174440271922,6,0,0,0,normal
2026-01-15T07:00:00,Стиральная машина,Бытовая,2.2,0.3925264956696689,7,0,0,0,normal
2026-01-15T08:00:00,Стиральная машина,Бытовая,2.2,0.2844659404471781,8,0,0,0,normal
2026-01-15T09:00:00,Стиральная машина,Бытовая,2.2,0.16776703048757124,9,0,0,0,normal
2026-01-15T10:00:00,Стиральная машина,Бытовая,2.2,0.0,10,0,0,0,normal
2026-01-15T11:00:00,Стиральная машина,Бытовая,2.2,0.09632436239044084,11,0,0,0,normal
2026-01-15T12:00:00,Стиральная машина,Бытовая,2.2,0.0,12,0,0,0,normal
2026-01-15T13:00:00,Стиральная машина,Бытовая,2.2,0.0,13,0,0,0,normal
2026-01-15T14:00:00,Стиральная машина,Бытовая,2.2,0.0,14,0,0,0,normal
2026-01-15T15:00:00,Стиральная машина,Бытовая,2.2,0.0,15,0,0,0,normal
2026-01-15T16:00:00,Стиральная машина,Бытовая,2.2,0.33058634777651014,16,0,0,0,normal
2026-01-15T17:00:00,Стиральная машина,Бытовая,2.2,0.2865771592471113,17,0,0,0,normal
2026-01-15T18:00:00,Стиральная машина,Бытовая,2.2,0.7531594402673722,18,0,0,0,normal
2026-01-15T19:00:00,Стиральная машина,Бытовая,2.2,1.911736984229186,19,0,0,0,normal
2026-01-15T20:00:00,Стиральная машина,Бытовая,2.2,1.837863735862791,20,0,0,0,normal
2026-01-15T21:00:00,Стиральная машина,Бытовая,2.2,1.5378371853347665,21,0,0,0,normal
2026-01-15T22:00:00,Стиральная машина,Бытовая,2.2,0.7212315371136215,22,0,0,0,normal
2026-01-15T23:00:00,Стиральная машина,Бытовая,2.2,0.0,23,0,0,0,normal
2026-01-16T00:00:00,Стиральная машина,Бытовая,2.2,0.22385468310907686,0,1,0,0,normal
2026-01-16T01:00:00,Стиральная машина,Бытовая,2.2,0.020440495134260783,1,1,0,0,normal
2026-01-16T02:00:00,Стиральная машина,Бытовая,2.2,0.19630654362138997,2,1,0,0,normal
2026-01-16T03:00:00,Стиральная машина,Бытовая,2.2,0.013855540055121046,3,1,0,0,normal
2026-01-16T04:00:00,Стиральная машина,Бытовая,2.2,0.0,4,1,0,0,normal
2026-01-16T05:00:00,Стиральная машина,Бытовая,2.2,0.0,5,1,0,0,normal
2026-01-16T06:00:00,Стиральная машина,Бытовая,2.2,0.0,6,1,0,0,normal
2026-01-16T07:00:00,Стиральная машина,Бытовая,2.2,0.000639494147386137,7,1,0,0,normal
2026-01-16T08:00:00,Стиральная машина,Бытовая,2.2,0.43090120247801483,8,1,0,0,normal
2026-01-16T09:00:00,Стиральная машина,Бытовая,2.2,0.2350960115435859,9,1,0,0,normal
2026-01-16T10:00:00,Стиральная машина,Бытовая,2.2,0.06980566647453346,10,1,0,0,normal
2026-01-16T11:00:00,Стиральная машина,Бытовая,2.2,0.2885248090351702,11,1,0,0,normal
2026-01-16T12:00:00,Стиральная машина,Бытовая,2.2,0.0,12,1,0,0,normal
2026-01-16T13:00:00,Стиральная машина,Бытовая,2.2,0.0,13,1,0,0,normal
2026-01-16T14:00:00,Стиральная машина,Бытовая,2.2,0.0,14,1,0,0,normal
2026-01-16T15:00:00,Стиральная машина,Бытовая,2.2,0.011626189051452362,15,1,0,0,normal
2026-01-16T16:00:00,Стиральная машина,Бытовая,2.2,0.0,16,1,0,0,normal
2026-01-16T17:00:00,Стиральная машина,Бытовая,2.2,0.23477009234853993,17,1,0,0,normal
2026-01-16T18:00:00,Стиральная машина,Бытовая,2.2,1.1718598152240907,18,1,0,0,normal
2026-01-16T19:00:00,Стиральная машина,Бытовая,2.2,2.0087568603131736,19,1,0,0,normal
2026-01-16T20:00:00,Стиральная машина,Бытовая,2.2,2.3438401672269213,20,1,0,0,normal
2026-01-16T21:00:00,Стиральная машина,Бытовая,2.2,1.2869598478827387,21,1,0,0,normal
2026-01-16T22:00:00,Стиральная машина,Бытовая,2.2,0.26134653004519925,22,1,0,0,normal
2026-01-16T23:00:00,Стиральная машина,Бытовая,2.2,0.1607570521796715,23,1,0,0,normal
2026-01-17T00:00:00,Стиральная машина,Бытовая,2.2,0.0,0,2,0,1,stuck
2026-01-17T01:00:00,Стиральная машина,Бытовая,2.2,0.0,1,2,0,1,stuck
2026-01-17T02:00:00,Стиральная машина,Бытовая,2.2,0.0,2,2,0,1,stuck
2026-01-17T03:00:00,Стиральная машина,Бытовая,2.2,0.08511371109154889,3,2,0,1,stuck
2026-01-17T04:00:00,Стиральная машина,Бытовая,2.2,0.26702614846633277,4,2,0,1,stuck
2026-01-17T05:00:00,Стиральная машина,Бытовая,2.2,0.248623245824403,5,2,0,1,stuck
2026-01-17T06:00:00,Стиральная машина,Бытовая,2.2,0.1536061097663727,6,2,0,0,normal
2026-01-17T07:00:00,Стиральная машина,Бытовая,2.2,0.08155961435044945,7,2,0,0,normal
2026-01-17T08:00:00,Стиральная машина,Бытовая,2.2,0.3598973229471832,8,2,0,0,normal
2026-01-17T09:00:00,Стиральная машина,Бытовая,2.2,0.043111808232406824,9,2,0,0,normal
2026-01-17T10:00:00,Стиральная машина,Бытовая,2.2,0.0,10,2,0,0,normal
2026-01-17T11:00:00,Стиральная машина,Бытовая,2.2,0.0,11,2,0,0,normal
2026-01-17T12:00:00,Стиральная машина,Бытовая,2.2,0.0,12,2,0,0,normal
2026-01-17T13:00:00,Стиральная машина,Бытовая,2.2,0.09576254321661767,13,2,0,0,normal
2026-01-17T14:00:00,Стиральная машина,Бытовая,2.2,0.13881501635459015,14,2,0,0,normal
2026-01-17T15:00:00,Стиральная машина,Бытовая,2.2,0.008807748838354864,15,2,0,0,normal
2026-01-17T16:00:00,Стиральная машина,Бытовая,2.2,0.2196579273104377,16,2,0,0,normal
2026-01-17T17:00:00,Стиральная машина,Бытовая,2.2,0.22898850965689166,17,2,0,0,normal
2026-01-17T18:00:00,Стиральная машина,Бытовая,2.2,1.2415093766143352,18,2,0,0,normal
2026-01-17T19:00:00,Стиральная машина,Бытовая,2.2,1.847880217582321,19,2,0,0,normal
2026-01-17T20:00:00,Стиральная машина,Бытовая,2.2,2.0010407752981787,20,2,0,0,normal
2026-01-17T21:00:00,Стиральная машина,Бытовая,2.2,1.4952945991402091,21,2,0,0,normal
2026-01-17T22:00:00,Стиральная машина,Бытовая,2.2,0.41580954463672304,22,2,0,0,normal
2026-01-17T23:00:00,Стиральная машина,Бытовая,2.2,0.18851079223024728,23,2,0,0,normal
2026-01-18T00:00:00,Стиральная машина,Бытовая,2.2,0.27141907643407776,0,3,0,0,normal
2026-01-18T01:00:00,Стиральная машина,Бытовая,2.2,0.0,1,3,0,0,normal
2026-01-18T02:00:00,Стиральная машина,Бытовая,2.2,0.0,2,3,0,0,normal
2026-01-18T03:00:00,Стиральная машина,Бытовая,2.2,0.0,3,3,0,1,contextual
2026-01-18T04:00:00,Стиральная машина,Бытовая,2.2,0.03229290795364331,4,3,0,1,contextual
2026-01-18T05:00:00,Стиральная машина,Бытовая,2.2,0.37027351046999035,5,3,0,1,contextual
2026-01-18T06:00:00,Стиральная машина,Бытовая,2.2,0.17356675856294196,6,3,0,1,contextual
2026-01-18T07:00:00,Стиральная машина,Бытовая,2.2,0.37078639595706,7,3,0,1,contextual
2026-01-18T08:00:00,Стиральная машина,Бытовая,2.2,0.0,8,3,0,1,contextual
2026-01-18T09:00:00,Стиральная машина,Бытовая,2.2,0.233515783892069,9,3,0,0,normal
2026-01-18T10:00:00,Стиральная машина,Бытовая,2.2,0.058192222551277914,10,3,0,0,normal
2026-01-18T11:00:00,Стиральная машина,Бытовая,2.2,0.13131680544232605,11,3,0,0,normal
2026-01-18T12:00:00,Стиральная машина,Бытовая,2.2,0.005365956936957334,12,3,0,0,normal
2026-01-18T13:00:00,Стиральная машина,Бытовая,2.2,0.0,13,3,0,0,normal
2026-01-18T14:00:00,Стиральная машина,Бытовая,2.2,0.14901549264734745,14,3,0,0,normal
2026-01-18T15:00:00,Стиральная машина,Бытовая,2.2,0.0,15,3,0,0,normal
2026-01-18T16:00:00,Стиральная машина,Бытовая,2.2,0.1413915109069535,16,3,0,0,normal
2026-01-18T17:00:00,Стиральная машина,Бытовая,2.2,0.22203268386389197,17,3,0,0,normal
2026-01-18T18:00:00,Стиральная машина,Бытовая,2.2,0.8804977419296196,18,3,0,0,normal
2026-01-18T19:00:00,Стиральная машина,Бытовая,2.2,1.9280899608442774,19,3,0,0,normal
2026-01-18T20:00:00,Стиральная машина,Бытовая,2.2,2.182950150710755,20,3,0,0,normal
2026-01-18T21:00:00,Стиральная машина,Бытовая,2.2,1.374828275696092,21,3,0,0,normal
2026-01-18T22:00:00,Стиральная машина,Бытовая,2.2,0.46409479315716534,22,3,0,0,normal
2026-01-18T23:00:00,Стиральная машина,Бытовая,2.2,0.09020257023925958,23,3,0,0,normal
2026-01-19T00:00:00,Стиральная машина,Бытовая,2.2,0.17570567588466446,0,4,0,0,normal
2026-01-19T01:00:00,Стиральная машина,Бытовая,2.2,0.0,1,4,0,0,normal
2026-01-19T02:00:00,Стиральная машина,Бытовая,2.2,0.0,2,4,0,0,normal
2026-01-19T03:00:00,Стиральная машина,Бытовая,2.2,0.03807741333875944,3,4,0,0,normal
2026-01-19T04:00:00,Стиральная машина,Бытовая,2.2,0.0,4,4,0,0,normal
2026-01-19T05:00:00,Стиральная машина,Бытовая,2.2,0.05371156477535913,5,4,0,0,normal
2026-01-19T06:00:00,Стиральная машина,Бытовая,2.2,0.31145776900930444,6,4,0,0,normal
2026-01-19T07:00:00,Стиральная машина,Бытовая,2.2,0.10426622120889116,7,4,0,0,normal
2026-01-19T08:00:00,Стиральная машина,Бытовая,2.2,0.518839862149112,8,4,0,0,normal
2026-01-19T09:00:00,Стиральная машина,Бытовая,2.2,0.2920331460636322,9,4,0,0,normal
2026-01-19T10:00:00,Стиральная машина,Бытовая,2.2,0.0689485193149475,10,4,0,0,normal
2026-01-19T11:00:00,Стиральная машина,Бытовая,2.2,0.14437958940485154,11,4,0,0,normal
2026-01-19T12:00:00,Стиральная машина,Бытовая,2.2,0.2694157889894977,12,4,0,0,normal
2026-01-19T13:00:00,Стиральная машина,Бытовая,2.2,0.0,13,4,0,0,normal
2026-01-19T14:00:00,Стиральная машина,Бытовая,2.2,0.15479008843873807,14,4,0,0,normal
2026-01-19T15:00:00,Стиральная машина,Бытовая,2.2,0.20583448109537344,15,4,0,0,normal
2026-01-19T16:00:00,Стиральная машина,Бытовая,2.2,0.0,16,4,0,0,normal
2026-01-19T17:00:00,Стиральная машина,Бытовая,2.2,0.6181991693198001,17,4,0,0,normal
2026-01-19T18:00:00,Стиральная машина,Бытовая,2.2,1.035140696169777,18,4,0,0,normal
2026-01-19T19:00:00,Стиральная машина,Бытовая,2.2,1.6769879978414022,19,4,0,0,normal
2026-01-19T20:00:00,Стиральная машина,Бытовая,2.2,2.1254855535104054,20,4,0,0,normal
2026-01-19T21:00:00,Стиральная машина,Бытовая,2.2,1.1134430483918623,21,4,0,0,normal
2026-01-19T22:00:00,Стиральная машина,Бытовая,2.2,0.23266372006855127,22,4,0,0,normal
2026-01-19T23:00:00,Стиральная машина,Бытовая,2.2,0.0,23,4,0,0,normal
2026-01-20T00:00:00,Стиральная машина,Бытовая,2.2,0.07133821345512158,0,5,0,0,normal
2026-01-20T01:00:00,Стиральная машина,Бытовая,2.2,0.0,1,5,0,0,normal
2026-01-20T02:00:00,Стиральная машина,Бытовая,2.2,0.0,2,5,0,0,normal
2026-01-20T03:00:00,Стиральная машина,Бытовая,2.2,0.0,3,5,0,0,normal
2026-01-20T04:00:00,Стиральная машина,Бытовая,2.2,0.003311100636677579,4,5,0,0,normal
2026-01-20T05:00:00,Стиральная машина,Бытовая,2.2,0.0,5,5,0,0,normal
2026-01-20T06:00:00,Стиральная машина,Бытовая,2.2,0.0,6,5,0,1,stuck
2026-01-20T07:00:00,Стиральная машина,Бытовая,2.2,0.15359776985170112,7,5,0,1,stuck
2026-01-20T08:00:00,Стиральная машина,Бытовая,2.2,0.09445655970881713,8,5,0,1,stuck
2026-01-20T09:00:00,Стиральная машина,Бытовая,2.2,0.03766903934310472,9,5,0,1,stuck
2026-01-20T10:00:00,Стиральная машина,Бытовая,2.2,0.23382853191119055,10,5,0,1,stuck
2026-01-20T11:00:00,Стиральная машина,Бытовая,2.2,0.10161952874416104,11,5,0,1,stuck
2026-01-20T12:00:00,Стиральная машина,Бытовая,2.2,0.0,12,5,0,1,stuck
2026-01-20T13:00:00,Стиральная машина,Бытовая,2.2,0.28136593351477557,13,5,0,1,stuck
2026-01-20T14:00:00,Стиральная машина,Бытовая,2.2,0.0,14,5,0,1,stuck
2026-01-20T15:00:00,Стиральная машина,Бытовая,2.2,0.2884013528834853,15,5,0,1,stuck
2026-01-20T16:00:00,Стиральная машина,Бытовая,2.2,0.155692229744914,16,5,0,1,stuck
2026-01-20T17:00:00,Стиральная машина,Бытовая,2.2,0.5702495486156443,17,5,0,1,stuck
2026-01-20T18:00:00,Стиральная машина,Бытовая,2.2,0.7260705035962868,18,5,0,1,stuck
2026-01-20T19:00:00,Стиральная машина,Бытовая,2.2,1.916534343684557,19,5,0,1,stuck
2026-01-20T20:00:00,Стиральная машина,Бытовая,2.2,2.2090802953267983,20,5,0,1,stuck
2026-01-20T21:00:00,Стиральная машина,Бытовая,2.2,1.4469943390053557,21,5,0,1,stuck
2026-01-20T22:00:00,Стиральная машина,Бытовая,2.2,0.386643351450161,22,5,0,1,stuck
2026-01-20T23:00:00,Стиральная машина,Бытовая,2.2,0.00262969530000523,23,5,0,1,stuck
2026-01-21T00:00:00,Стиральная машина,Бытовая,2.2,0.0,0,6,0,1,stuck
2026-01-21T01:00:00,Стиральная машина,Бытовая,2.2,0.0,1,6,0,1,stuck
2026-01-21T02:00:00,Стиральная машина,Бытовая,2.2,0.0,2,6,0,1,stuck
2026-01-21T03:00:00,Стиральная машина,Бытовая,2.2,0.04799273839690593,3,6,0,0,normal
2026-01-21T04:00:00,Стиральная машина,Бытовая,2.2,0.0,4,6,0,0,normal
2026-01-21T05:00:00,Стиральная машина,Бытовая,2.2,0.0,5,6,0,0,normal
2026-01-21T06:00:00,Стиральная машина,Бытовая,2.2,0.0,6,6,0,0,normal
2026-01-21T07:00:00,Стиральная машина,Бытовая,2.2,0.11817677929023872,7,6,0,0,normal
2026-01-21T08:00:00,Стиральная машина,Бытовая,2.2,0.3647464924284894,8,6,0,0,normal
2026-01-21T09:00:00,Стиральная машина,Бытовая,2.2,0.0,9,6,0,0,normal
2026-01-21T10:00:00,Стиральная машина,Бытовая,2.2,0.0,10,6,0,0,normal
2026-01-21T11:00:00,Стиральная машина,Бытовая,2.2,0.1446313232041135,11,6,0,0,normal
2026-01-21T12:00:00,Стиральная машина,Бытовая,2.2,0.17216202237713288,12,6,0,0,normal
2026-01-21T13:00:00,Стиральная машина,Бытовая,2.2,0.0,13,6,0,0,normal
2026-01-21T14:00:00,Стиральная машина,Бытовая,2.2,0.16264056176942288,14,6,0,0,normal
2026-01-21T15:00:00,Стиральная машина,Бытовая,2.2,0.053197373314919305,15,6,0,0,normal
2026-01-21T16:00:00,Стиральная машина,Бытовая,2.2,0.15723467878924338,16,6,0,0,normal
2026-01-21T17:00:00,Стиральная машина,Бытовая,2.2,0.31469151500801257,17,6,0,0,normal
2026-01-21T18:00:00,Стиральная машина,Бытовая,2.2,1.117627787183365,18,6,0,0,normal
2026-01-21T19:00:00,Стиральная машина,Бытовая,2.2,2.252259529085906,19,6,0,0,normal
2026-01-21T20:00:00,Стиральная машина,Бытовая,2.2,2.290420212719541,20,6,0,0,normal
2026-01-21T21:00:00,Стиральная машина,Бытовая,2.2,1.6840755326411632,21,6,0,0,normal
2026-01-21T22:00:00,Стиральная машина,Бытовая,2.2,0.30954786929781075,22,6,0,0,normal
2026-01-21T23:00:00,Стиральная машина,Бытовая,2.2,0.0,23,6,0,0,normal
2026-01-22T00:00:00,Стиральная машина,Бытовая,2.2,0.09695171539007329,0,0,0,0,normal
2026-01-22T01:00:00,Стиральная машина,Бытовая,2.2,0.0,1,0,0,0,normal
2026-01-22T02:00:00,Стиральная машина,Бытовая,2.2,0.0,2,0,0,0,normal
2026-01-22T03:00:00,Стиральная машина,Бытовая,2.2,0.06785683433671012,3,0,0,0,normal
2026-01-22T04:00:00,Стиральная машина,Бытовая,2.2,0.13402228305679065,4,0,0,0,normal
2026-01-22T05:00:00,Стиральная машина,Бытовая,2.2,0.015219991636383276,5,0,0,0,normal
2026-01-22T06:00:00,Стиральная машина,Бытовая,2.2,0.2556276028911467,6,0,0,0,normal
2026-01-22T07:00:00,Стиральная машина,Бытовая,2.2,0.0,7,0,0,0,normal
2026-01-22T08:00:00,Стиральная машина,Бытовая,2.2,0.10922757761649173,8,0,0,0,normal
2026-01-22T09:00:00,Стиральная машина,Бытовая,2.2,0.2766501217169649,9,0,0,0,normal
2026-01-22T10:00:00,Стиральная машина,Бытовая,2.2,0.0,10,0,0,0,normal
2026-01-22T11:00:00,Стиральная машина,Бытовая,2.2,0.12939230816548025,11,0,0,0,normal
2026-01-22T12:00:00,Стиральная машина,Бытовая,2.2,0.0,12,0,0,0,normal
2026-01-22T13:00:00,Стиральная машина,Бытовая,2.2,0.0,13,0,0,0,normal
2026-01-22T14:00:00,Стиральная машина,Бытовая,2.2,0.0,14,0,0,0,normal
2026-01-22T15:00:00,Стиральная машина,Бытовая,2.2,0.0,15,0,0,0,normal
2026-01-22T16:00:00,Стиральная машина,Бытовая,2.2,0.3784084775416025,16,0,0,0,normal
2026-01-22T17:00:00,Стиральная машина,Бытовая,2.2,0.1499677222304805,17,0,0,0,normal
2026-01-22T18:00:00,Стиральная машина,Бытовая,2.2,0.8624759798734581,18,0,0,0,normal
2026-01-22T19:00:00,Стиральная машина,Бытовая,2.2,1.7854501924824029,19,0,0,0,normal
2026-01-22T20:00:00,Стиральная машина,Бытовая,2.2,1.9643460233601369,20,0,0,0,normal
2026-01-22T21:00:00,Стиральная машина,Бытовая,2.2,1.5401581362818508,21,0,0,0,normal
2026-01-22T22:00:00,Стиральная машина,Бытовая,2.2,0.3462951230657619,22,0,0,0,normal
2026-01-22T23:00:00,Стиральная машина,Бытовая,2.2,0.0,23,0,0,0,normal
2026-01-23T00:00:00,Стиральная машина,Бытовая,2.2,0.0,0,1,0,0,normal
2026-01-23T01:00:00,Стиральная машина,Бытовая,2.2,0.15502658073015305,1,1,0,0,normal
2026-01-23T02:00:00,Стиральная машина,Бытовая,2.2,0.05599672884777153,2,1,0,0,normal
2026-01-23T03:00:00,Стиральная машина,Бытовая,2.2,0.046976195947378924,3,1,0,0,normal
2026-01-23T04:00:00,Стиральная машина,Бытовая,2.2,0.05534067511204079,4,1,0,0,normal
2026-01-23T05:00:00,Стиральная машина,Бытовая,2.2,0.0,5,1,0,0,normal
2026-01-23T06:00:00,Стиральная машина,Бытовая,2.2,0.1081931371179659,6,1,0,0,normal
2026-01-23T07:00:00,Стиральная машина,Бытовая,2.2,0.16268872440178528,7,1,0,0,normal
2026-01-23T08:00:00,Стиральная машина,Бытовая,2.2,0.47008873162243364,8,1,0,0,normal
2026-01-23T09:00:00,Стиральная машина,Бытовая,2.2,0.18838803718411448,9,1,0,0,normal
2026-01-23T10:00:00,Стиральная машина,Бытовая,2.2,0.0,10,1,0,0,normal
2026-01-23T11:00:00,Стиральная машина,Бытовая,2.2,0.0,11,1,0,0,normal
2026-01-23T12:00:00,Стиральная машина,Бытовая,2.2,0.3183881658913225,12,1,0,0,normal
2026-01-23T13:00:00,Стиральная машина,Бытовая,2.2,0.0,13,1,0,0,normal
2026-01-23T14:00:00,Стиральная машина,Бытовая,2.2,0.0,14,1,0,0,normal
2026-01-23T15:00:00,Стиральная машина,Бытовая,2.2,0.051647309969605815,15,1,0,0,normal
2026-01-23T16:00:00,Стиральная машина,Бытовая,2.2,0.3561432958488441,16,1,0,0,normal
2026-01-23T17:00:00,Стиральная машина,Бытовая,2.2,0.3492188578088826,17,1,0,0,normal
2026-01-23T18:00:00,Стиральная машина,Бытовая,2.2,0.6686741609416558,18,1,0,0,normal
2026-01-23T19:00:00,Стиральная машина,Бытовая,2.2,2.1213578897235688,19,1,0,0,normal
2026-01-23T20:00:00,Стиральная машина,Бытовая,2.2,1.841860992856835,20,1,0,0,normal
2026-01-23T21:00:00,Стиральная машина,Бытовая,2.2,1.454491674602115,21,1,0,0,normal
2026-01-23T22:00:00,Стиральная машина,Бытовая,2.2,0.683502225693055,22,1,0,0,normal
2026-01-23T23:00:00,Стиральная машина,Бытовая,2.2,0.13701334955003305,23,1,0,0,normal
2026-01-24T00:00:00,Стиральная машина,Бытовая,2.2,0.10544947995980533,0,2,0,0,normal
2026-01-24T01:00:00,Стиральная машина,Бытовая,2.2,0.24803124691501902,1,2,0,0,normal
2026-01-24T02:00:00,Стиральная машина,Бытовая,2.2,0.0,2,2,0,0,normal
2026-01-24T03:00:00,Стиральная машина,Бытовая,2.2,0.13984486395450513,3,2,0,0,normal
2026-01-24T04:00:00,Стиральная машина,Бытовая,2.2,0.18499437953736636,4,2,0,0,normal
2026-01-24T05:00:00,Стиральная машина,Бытовая,2.2,0.22338810330430542,5,2,0,0,normal
2026-01-24T06:00:00,Стиральная машина,Бытовая,2.2,0.0,6,2,0,0,normal
2026-01-24T07:00:00,Стиральная машина,Бытовая,2.2,0.19358085370821257,7,2,0,0,normal
2026-01-24T08:00:00,Стиральная машина,Бытовая,2.2,0.1337980217174321,8,2,0,0,normal
2026-01-24T09:00:00,Стиральная машина,Бытовая,2.2,0.01962771280232009,9,2,0,0,normal
2026-01-24T10:00:00,Стиральная машина,Бытовая,2.2,0.0,10,2,0,0,normal
2026-01-24T11:00:00,Стиральная машина,Бытовая,2.2,0.12054483796640793,11,2,0,0,normal
2026-01-24T12:00:00,Стиральная машина,Бытовая,2.2,0.03711639232947658,12,2,0,0,normal
2026-01-24T13:00:00,Стиральная машина,Бытовая,2.2,0.18533060377579197,13,2,0,0,normal
2026-01-24T14:00:00,Стиральная машина,Бытовая,2.2,0.0,14,2,0,0,normal
2026-01-24T15:00:00,Стиральная машина,Бытовая,2.2,0.0,15,2,0,0,normal
2026-01-24T16:00:00,Стиральная машина,Бытовая,2.2,0.17191528514229867,16,2,0,0,normal
2026-01-24T17:00:00,Стиральная машина,Бытовая,2.2,0.6200112494915863,17,2,0,0,normal
2026-01-24T18:00:00,Стиральная машина,Бытовая,2.2,0.7426455095653256,18,2,0,0,normal
2026-01-24T19:00:00,Стиральная машина,Бытовая,2.2,1.4446033237650808,19,2,0,0,normal
2026-01-24T20:00:00,Стиральная машина,Бытовая,2.2,1.8565333121944747,20,2,0,0,normal
2026-01-24T21:00:00,Стиральная машина,Бытовая,2.2,1.2928540290688582,21,2,0,0,normal
2026-01-24T22:00:00,Стиральная машина,Бытовая,2.2,0.5732349716409256,22,2,0,0,normal
2026-01-24T23:00:00,Стиральная машина,Бытовая,2.2,0.3114441115351072,23,2,0,0,normal
2026-01-25T00:00:00,Стиральная машина,Бытовая,2.2,0.12995234785097484,0,3,0,0,normal
2026-01-25T01:00:00,Стиральная машина,Бытовая,2.2,0.0,1,3,0,0,normal
2026-01-25T02:00:00,Стиральная машина,Бытовая,2.2,0.33702475859568454,2,3,0,0,normal
2026-01-25T03:00:00,Стиральная машина,Бытовая,2.2,0.0,3,3,0,0,normal
2026-01-25T04:00:00,Стиральная машина,Бытовая,2.2,0.0,4,3,0,0,normal
2026-01-25T05:00:00,Стиральная машина,Бытовая,2.2,0.10911535494185706,5,3,0,0,normal
2026-01-25T06:00:00,Стиральная машина,Бытовая,2.2,0.0,6,3,0,0,normal
2026-01-25T07:00:00,Стиральная машина,Бытовая,2.2,0.057817873783075395,7,3,0,0,normal
2026-01-25T08:00:00,Стиральная машина,Бытовая,2.2,0.3393206337083482,8,3,0,0,normal
2026-01-25T09:00:00,Стиральная машина,Бытовая,2.2,0.0,9,3,0,0,normal
2026-01-25T10:00:00,Стиральная машина,Бытовая,2.2,0.0,10,3,0,0,normal
2026-01-25T11:00:00,Стиральная машина,Бытовая,2.2,0.0,11,3,0,0,normal
2026-01-25T12:00:00,Стиральная машина,Бытовая,2.2,0.419309895853086,12,3,0,0,normal
2026-01-25T13:00:00,Стиральная машина,Бытовая,2.2,0.14428781633391596,13,3,0,0,normal
2026-01-25T14:00:00,Стиральная машина,Бытовая,2.2,0.0,14,3,0,0,normal
2026-01-25T15:00:00,Стиральная машина,Бытовая,2.2,0.13233034932114487,15,3,0,0,normal
2026-01-25T16:00:00,Стиральная машина,Бытовая,2.2,0.0,16,3,0,0,normal
2026-01-25T17:00:00,Стиральная машина,Бытовая,2.2,0.41116417354586304,17,3,0,0,normal
2026-01-25T18:00:00,Стиральная машина,Бытовая,2.2,0.5946322299950456,18,3,0,0,normal
2026-01-25T19:00:00,Стиральная машина,Бытовая,2.2,1.8699111304842242,19,3,0,0,normal
2026-01-25T20:00:00,Стиральная машина,Бытовая,2.2,1.9323678088898917,20,3,0,0,normal
2026-01-25T21:00:00,Стиральная машина,Бытовая,2.2,1.0834004205182106,21,3,0,0,normal
2026-01-25T22:00:00,Стиральная машина,Бытовая,2.2,0.5151087310120039,22,3,0,0,normal
2026-01-25T23:00:00,Стиральная машина,Бытовая,2.2,0.2894487987428084,23,3,0,0,normal
2026-01-26T00:00:00,Стиральная машина,Бытовая,2.2,0.07168466939253747,0,4,0,0,normal
2026-01-26T01:00:00,Стиральная машина,Бытовая,2.2,0.04379489676191792,1,4,0,0,normal
2026-01-26T02:00:00,Стиральная машина,Бытовая,2.2,0.0,2,4,0,0,normal
2026-01-26T03:00:00,Стиральная машина,Бытовая,2.2,0.1574842901815878,3,4,0,0,normal
2026-01-26T04:00:00,Стиральная машина,Бытовая,2.2,0.0,4,4,0,0,normal
2026-01-26T05:00:00,Стиральная машина,Бытовая,2.2,0.0,5,4,0,0,normal
2026-01-26T06:00:00,Стиральная машина,Бытовая,2.2,0.33890361615206016,6,4,0,0,normal
2026-01-26T07:00:00,Стиральная машина,Бытовая,2.2,0.0,7,4,0,0,normal
2026-01-26T08:00:00,Стиральная машина,Бытовая,2.2,0.0,8,4,0,0,normal
2026-01-26T09:00:00,Стиральная машина,Бытовая,2.2,0.0,9,4,0,0,normal
2026-01-26T10:00:00,Стиральная машина,Бытовая,2.2,0.06827592852490934,10,4,0,0,normal
2026-01-26T11:00:00,Стиральная машина,Бытовая,2.2,0.0,11,4,0,0,normal
2026-01-26T12:00:00,Стиральная машина,Бытовая,2.2,0.17949260882779605,12,4,0,0,normal
2026-01-26T13:00:00,Стиральная машина,Бытовая,2.2,0.019833795344794673,13,4,0,0,normal
2026-01-26T14:00:00,Стиральная машина,Бытовая,2.2,0.0,14,4,0,0,normal
2026-01-26T15:00:00,Стиральная машина,Бытовая,2.2,0.1640601730589605,15,4,0,0,normal
2026-01-26T16:00:00,Стиральная машина,Бытовая,2.2,0.02290570019454575,16,4,0,0,normal
2026-01-26T17:00:00,Стиральная машина,Бытовая,2.2,0.45276207006248853,17,4,0,0,normal
2026-01-26T18:00:00,Стиральная машина,Бытовая,2.2,1.1026415566818792,18,4,0,0,normal
2026-01-26T19:00:00,Стиральная машина,Бытовая,2.2,1.8316872670758335,19,4,0,0,normal
2026-01-26T20:00:00,Стиральная машина,Бытовая,2.2,2.167507055655108,20,4,0,0,normal
2026-01-26T21:00:00,Стиральная машина,Бытовая,2.2,1.1083254900852029,21,4,0,0,normal
2026-01-26T22:00:00,Стиральная машина,Бытовая,2.2,0.37455212710939945,22,4,0,0,normal
2026-01-26T23:00:00,Стиральная машина,Бытовая,2.2,0.15967495780008623,23,4,0,0,normal
2026-01-27T00:00:00,Стиральная машина,Бытовая,2.2,0.0,0,5,0,0,normal
2026-01-27T01:00:00,Стиральная машина,Бытовая,2.2,0.2393671413995452,1,5,0,0,normal
2026-01-27T02:00:00,Стиральная машина,Бытовая,2.2,0.22682940197722826,2,5,0,0,normal
2026-01-27T03:00:00,Стиральная машина,Бытовая,2.2,0.09076786544263277,3,5,0,0,normal
2026-01-27T04:00:00,Стиральная машина,Бытовая,2.2,0.13224904477840246,4,5,0,0,normal
2026-01-27T05:00:00,Стиральная машина,Бытовая,2.2,0.0,5,5,0,0,normal
2026-01-27T06:00:00,Стиральная машина,Бытовая,2.2,0.0,6,5,0,0,normal
2026-01-27T07:00:00,Стиральная машина,Бытовая,2.2,0.0338593335678091,7,5,0,0,normal
2026-01-27T08:00:00,Стиральная машина,Бытовая,2.2,0.23010819302461905,8,5,0,0,normal
2026-01-27T09:00:00,Стиральная машина,Бытовая,2.2,0.18420166400075388,9,5,0,0,normal
2026-01-27T10:00:00,Стиральная машина,Бытовая,2.2,0.007518019869321311,10,5,0,0,normal
2026-01-27T11:00:00,Стиральная машина,Бытовая,2.2,0.09328388069541779,11,5,0,0,normal
2026-01-27T12:00:00,Стиральная машина,Бытовая,2.2,0.0,12,5,0,0,normal
2026-01-27T13:00:00,Стиральная машина,Бытовая,2.2,0.0,13,5,0,0,normal
2026-01-27T14:00:00,Стиральная машина,Бытовая,2.2,0.04775585960134183,14,5,0,0,normal
2026-01-27T15:00:00,Стиральная машина,Бытовая,2.2,0.17220906011598708,15,5,0,0,normal
2026-01-27T16:00:00,Стиральная машина,Бытовая,2.2,0.0,16,5,0,0,normal
2026-01-27T17:00:00,Стиральная машина,Бытовая,2.2,0.43139735102493676,17,5,0,0,normal
2026-01-27T18:00:00,Стиральная машина,Бытовая,2.2,1.1282517721128742,18,5,0,0,normal
2026-01-27T19:00:00,Стиральная машина,Бытовая,2.2,1.9607321063473004,19,5,0,0,normal
2026-01-27T20:00:00,Стиральная машина,Бытовая,2.2,2.2588692403729165,20,5,0,0,normal
2026-01-27T21:00:00,Стиральная машина,Бытовая,2.2,1.422432873162591,21,5,0,0,normal
2026-01-27T22:00:00,Стиральная машина,Бытовая,2.2,0.49150779780334786,22,5,0,0,normal
2026-01-27T23:00:00,Стиральная машина,Бытовая,2.2,0.07403425875189906,23,5,0,0,normal
2026-01-28T00:00:00,Стиральная машина,Бытовая,2.2,0.0,0,6,0,0,normal
2026-01-28T01:00:00,Стиральная машина,Бытовая,2.2,0.2327596962052056,1,6,0,0,normal
2026-01-28T02:00:00,Стиральная машина,Бытовая,2.2,0.08719874401226281,2,6,0,0,normal
2026-01-28T03:00:00,Стиральная машина,Бытовая,2.2,0.0,3,6,0,0,normal
2026-01-28T04:00:00,Стиральная машина,Бытовая,2.2,0.2332487144058961,4,6,0,0,normal
2026-01-28T05:00:00,Стиральная машина,Бытовая,2.2,0.0,5,6,0,0,normal
2026-01-28T06:00:00,Стиральная машина,Бытовая,2.2,0.1268821539939121,6,6,0,0,normal
2026-01-28T07:00:00,Стиральная машина,Бытовая,2.2,0.0,7,6,0,0,normal
2026-01-28T08:00:00,Стиральная машина,Бытовая,2.2,0.18191260201010884,8,6,0,0,normal
2026-01-28T09:00:00,Стиральная машина,Бытовая,2.2,0.3244190436244043,9,6,0,0,normal
2026-01-28T10:00:00,Стиральная машина,Бытовая,2.2,0.253932216204151,10,6,0,0,normal
2026-01-28T11:00:00,Стиральная машина,Бытовая,2.2,0.3383746408829239,11,6,0,0,normal
2026-01-28T12:00:00,Стиральная машина,Бытовая,2.2,0.25483756007984704,12,6,0,0,normal
2026-01-28T13:00:00,Стиральная машина,Бытовая,2.2,0.3084343674667844,13,6,0,0,normal
2026-01-28T14:00:00,Стиральная машина,Бытовая,2.2,0.0,14,6,0,0,normal
2026-01-28T15:00:00,Стиральная машина,Бытовая,2.2,0.0,15,6,0,0,normal
2026-01-28T16:00:00,Стиральная машина,Бытовая,2.2,0.0,16,6,0,0,normal
2026-01-28T17:00:00,Стиральная машина,Бытовая,2.2,0.4260375412108963,17,6,0,0,normal
2026-01-28T18:00:00,Стиральная машина,Бытовая,2.2,0.9740313986375563,18,6,0,0,normal
2026-01-28T19:00:00,Стиральная машина,Бытовая,2.2,2.3221732429281476,19,6,0,0,normal
2026-01-28T20:00:00,Стиральная машина,Бытовая,2.2,2.2721224259184427,20,6,0,0,normal
2026-01-28T21:00:00,Стиральная машина,Бытовая,2.2,1.8157840393326439,21,6,0,0,normal
2026-01-28T22:00:00,Стиральная машина,Бытовая,2.2,0.2628658920696149,22,6,0,0,normal
2026-01-28T23:00:00,Стиральная машина,Бытовая,2.2,0.44509507922308844,23,6,0,0,normal
2026-01-29T00:00:00,Стиральная машина,Бытовая,2.2,0.0,0,0,0,0,normal
2026-01-29T01:00:00,Стиральная машина,Бытовая,2.2,0.24831468444634708,1,0,0,0,normal
2026-01-29T02:00:00,Стиральная машина,Бытовая,2.2,0.19513693421203412,2,0,0,0,normal
2026-01-29T03:00:00,Стиральная машина,Бытовая,2.2,0.0,3,0,0,0,normal
2026-01-29T04:00:00,Стиральная машина,Бытовая,2.2,0.161915586667799,4,0,0,0,normal
2026-01-29T05:00:00,Стиральная машина,Бытовая,2.2,0.0,5,0,0,0,normal
2026-01-29T06:00:00,Стиральная машина,Бытовая,2.2,0.15693689104085307,6,0,0,0,normal
2026-01-29T07:00:00,Стиральная машина,Бытовая,2.2,0.2127891447726873,7,0,0,0,normal
2026-01-29T08:00:00,Стиральная машина,Бытовая,2.2,0.3131708794985189,8,0,0,0,normal
2026-01-29T09:00:00,Стиральная машина,Бытовая,2.2,0.1102011300624633,9,0,0,0,normal
2026-01-29T10:00:00,Стиральная машина,Бытовая,2.2,0.0,10,0,0,0,normal
2026-01-29T11:00:00,Стиральная машина,Бытовая,2.2,0.051226010634465524,11,0,0,0,normal
2026-01-29T12:00:00,Стиральная машина,Бытовая,2.2,0.0,12,0,0,0,normal
2026-01-29T13:00:00,Стиральная машина,Бытовая,2.2,0.1928780165635098,13,0,0,0,normal
2026-01-29T14:00:00,Стиральная машина,Бытовая,2.2,0.005608238384059237,14,0,0,0,normal
2026-01-29T15:00:00,Стиральная машина,Бытовая,2.2,0.054241447820262134,15,0,0,0,normal
2026-01-29T16:00:00,Стиральная машина,Бытовая,2.2,0.0,16,0,0,0,normal
2026-01-29T17:00:00,Стиральная машина,Бытовая,2.2,0.3961885877058148,17,0,0,0,normal
2026-01-29T18:00:00,Стиральная машина,Бытовая,2.2,0.776735688731539,18,0,0,0,normal
2026-01-29T19:00:00,Стиральная машина,Бытовая,2.2,1.9827324480081725,19,0,0,0,normal
2026-01-29T20:00:00,Стиральная машина,Бытовая,2.2,1.6910568560842623,20,0,0,0,normal
2026-01-29T21:00:00,Стиральная машина,Бытовая,2.2,1.5134484622853792,21,0,0,0,normal
2026-01-29T22:00:00,Стиральная машина,Бытовая,2.2,0.3021957388317399,22,0,0,0,normal
2026-01-29T23:00:00,Стиральная машина,Бытовая,2.2,0.18548246174629612,23,0,0,0,normal
2026-01-30T00:00:00,Стиральная машина,Бытовая,2.2,0.0,0,1,0,0,normal
2026-01-30T01:00:00,Стиральная машина,Бытовая,2.2,0.0,1,1,0,0,normal
2026-01-30T02:00:00,Стиральная машина,Бытовая,2.2,0.0,2,1,0,0,normal
2026-01-30T03:00:00,Стиральная машина,Бытовая,2.2,0.15852645886772138,3,1,0,0,normal
2026-01-30T04:00:00,Стиральная машина,Бытовая,2.2,0.0,4,1,0,0,normal
2026-01-30T05:00:00,Стиральная машина,Бытовая,2.2,0.0,5,1,0,0,normal
2026-01-30T06:00:00,Стиральная машина,Бытовая,2.2,0.23088871500637712,6,1,0,0,normal
2026-01-30T07:00:00,Стиральная машина,Бытовая,2.2,0.3479473984681145,7,1,0,0,normal
2026-01-30T08:00:00,Стиральная машина,Бытовая,2.2,0.28945333071516544,8,1,0,0,normal
2026-01-30T09:00:00,Стиральная машина,Бытовая,2.2,0.0,9,1,0,0,normal
2026-01-30T10:00:00,Стиральная машина,Бытовая,2.2,0.004512937785010678,10,1,0,0,normal
2026-01-30T11:00:00,Стиральная машина,Бытовая,2.2,0.03671901330921717,11,1,0,0,normal
2026-01-30T12:00:00,Стиральная машина,Бытовая,2.2,0.0,12,1,0,0,normal
2026-01-30T13:00:00,Стиральная машина,Бытовая,2.2,0.22655594780142044,13,1,0,0,normal
2026-01-30T14:00:00,Стиральная машина,Бытовая,2.2,0.06003703785836483,14,1,0,0,normal
2026-01-30T15:00:00,Стиральная машина,Бытовая,2.2,0.07095498531733588,15,1,0,0,normal
2026-01-30T16:00:00,Стиральная машина,Бытовая,2.2,0.1033846953601974,16,1,0,0,normal
2026-01-30T17:00:00,Стиральная машина,Бытовая,2.2,0.1006712674039129,17,1,0,0,normal
2026-01-30T18:00:00,Стиральная машина,Бытовая,2.2,0.7018969371160295,18,1,0,0,normal
2026-01-30T19:00:00,Стиральная машина,Бытовая,2.2,1.5315305313514012,19,1,0,0,normal
2026-01-30T20:00:00,Стиральная машина,Бытовая,2.2,2.1093887172744608,20,1,0,0,normal
2026-01-30T21:00:00,Стиральная машина,Бытовая,2.2,1.2814448567288097,21,1,0,0,normal
2026-01-30T22:00:00,Стиральная машина,Бытовая,2.2,0.5168196652788565,22,1,0,0,normal
2026-01-30T23:00:00,Стиральная машина,Бытовая,2.2,0.20862293544471425,23,1,0,0,normal
2026-01-31T00:00:00,Стиральная машина,Бытовая,2.2,0.09147685842109742,0,2,0,0,normal
2026-01-31T01:00:00,Стиральная машина,Бытовая,2.2,0.28023132447607757,1,2,0,0,normal
2026-01-31T02:00:00,Стиральная машина,Бытовая,2.2,0.1618044261170651,2,2,0,0,normal
2026-01-31T03:00:00,Стиральная машина,Бытовая,2.2,0.07339440140966344,3,2,0,0,normal
2026-01-31T04:00:00,Стиральная машина,Бытовая,2.2,0.05144766770398695,4,2,0,0,normal
2026-01-31T05:00:00,Стиральная машина,Бытовая,2.2,0.257436840110609,5,2,0,0,normal
2026-01-31T06:00:00,Стиральная машина,Бытовая,2.2,0.0,6,2,0,0,normal
2026-01-31T07:00:00,Стиральная машина,Бытовая,2.2,0.356295600400422,7,2,0,0,normal
2026-01-31T08:00:00,Стиральная машина,Бытовая,2.2,0.1368636034841412,8,2,0,0,normal
2026-01-31T09:00:00,Стиральная машина,Бытовая,2.2,0.22329390997169188,9,2,0,0,normal
2026-01-31T10:00:00,Стиральная машина,Бытовая,2.2,0.0,10,2,0,0,normal
2026-01-31T11:00:00,Стиральная машина,Бытовая,2.2,0.043106931301507834,11,2,0,0,normal
2026-01-31T12:00:00,Стиральная машина,Бытовая,2.2,0.0,12,2,0,0,normal
2026-01-31T13:00:00,Стиральная машина,Бытовая,2.2,0.0,13,2,0,0,normal
2026-01-31T14:00:00,Стиральная машина,Бытовая,2.2,0.0,14,2,0,0,normal
2026-01-31T15:00:00,Стиральная машина,Бытовая,2.2,0.0,15,2,0,0,normal
2026-01-31T16:00:00,Стиральная машина,Бытовая,2.2,0.0,16,2,0,0,normal
2026-01-31T17:00:00,Стиральная машина,Бытовая,2.2,0.022987519638972262,17,2,0,0,normal
2026-01-31T18:00:00,Стиральная машина,Бытовая,2.2,0.9409401724944743,18,2,0,0,normal
2026-01-31T19:00:00,Стиральная машина,Бытовая,2.2,1.5251601284355432,19,2,0,0,normal
2026-01-31T20:00:00,Стиральная машина,Бытовая,2.2,1.9049214489637598,20,2,0,0,normal
2026-01-31T21:00:00,Стиральная машина,Бытовая,2.2,1.467771907355643,21,2,0,0,normal
2026-01-31T22:00:00,Стиральная машина,Бытовая,2.2,0.23488027453805968,22,2,0,0,normal
2026-01-31T23:00:00,Стиральная машина,Бытовая,2.2,0.0822712539316417,23,2,0,0,normal
2026-02-01T00:00:00,Стиральная машина,Бытовая,2.2,0.20072036364699058,0,3,0,0,normal
2026-02-01T01:00:00,Стиральная машина,Бытовая,2.2,0.0,1,3,0,0,normal
2026-02-01T02:00:00,Стиральная машина,Бытовая,2.2,0.0,2,3,0,0,normal
2026-02-01T03:00:00,Стиральная машина,Бытовая,2.2,0.0,3,3,0,0,normal
2026-02-01T04:00:00,Стиральная машина,Бытовая,2.2,0.23762463285013258,4,3,0,0,normal
2026-02-01T05:00:00,Стиральная машина,Бытовая,2.2,0.0,5,3,0,0,normal
2026-02-01T06:00:00,Стиральная машина,Бытовая,2.2,0.0,6,3,0,0,normal
2026-02-01T07:00:00,Стиральная машина,Бытовая,2.2,0.24244176649544494,7,3,0,0,normal
2026-02-01T08:00:00,Стиральная машина,Бытовая,2.2,0.13803801401847118,8,3,0,0,normal
2026-02-01T09:00:00,Стиральная машина,Бытовая,2.2,0.09536287058726316,9,3,0,0,normal
2026-02-01T10:00:00,Стиральная машина,Бытовая,2.2,0.0,10,3,0,0,normal
2026-02-01T11:00:00,Стиральная машина,Бытовая,2.2,0.11987103407995268,11,3,0,0,normal
2026-02-01T12:00:00,Стиральная машина,Бытовая,2.2,0.09876380581603042,12,3,0,0,normal
2026-02-01T13:00:00,Стиральная машина,Бытовая,2.2,0.0,13,3,0,0,normal
2026-02-01T14:00:00,Стиральная машина,Бытовая,2.2,0.017300643698504013,14,3,0,0,normal
2026-02-01T15:00:00,Стиральная машина,Бытовая,2.2,0.2577825023117629,15,3,0,0,normal
2026-02-01T16:00:00,Стиральная машина,Бытовая,2.2,0.11322740139024173,16,3,0,0,normal
2026-02-01T17:00:00,Стиральная машина,Бытовая,2.2,0.24075605992896948,17,3,0,0,normal
2026-02-01T18:00:00,Стиральная машина,Бытовая,2.2,1.0697277795266729,18,3,0,0,normal
2026-02-01T19:00:00,Стиральная машина,Бытовая,2.2,1.5487027266598805,19,3,0,0,normal
2026-02-01T20:00:00,Стиральная машина,Бытовая,2.2,1.889870528870799,20,3,0,0,normal
2026-02-01T21:00:00,Стиральная машина,Бытовая,2.2,1.0512292662061757,21,3,0,0,normal
2026-02-01T22:00:00,Стиральная машина,Бытовая,2.2,0.2742834910763165,22,3,0,0,normal
2026-02-01T23:00:00,Стиральная машина,Бытовая,2.2,0.006130555799259359,23,3,0,0,normal
2026-02-02T00:00:00,Стиральная машина,Бытовая,2.2,0.10342506549873941,0,4,0,0,normal
2026-02-02T01:00:00,Стиральная машина,Бытовая,2.2,0.17169030898235252,1,4,0,0,normal
2026-02-02T02:00:00,Стиральная машина,Бытовая,2.2,0.0,2,4,0,0,normal
2026-02-02T03:00:00,Стиральная машина,Бытовая,2.2,0.13513673367890527,3,4,0,0,normal
2026-02-02T04:00:00,Стиральная машина,Бытовая,2.2,0.0,4,4,0,0,normal
2026-02-02T05:00:00,Стиральная машина,Бытовая,2.2,0.13030225077955204,5,4,0,0,normal
2026-02-02T06:00:00,Стиральная машина,Бытовая,2.2,0.0,6,4,0,0,normal
2026-02-02T07:00:00,Стиральная машина,Бытовая,2.2,0.16316657226654374,7,4,0,0,normal
2026-02-02T08:00:00,Стиральная машина,Бытовая,2.2,0.2098151479673205,8,4,0,0,normal
2026-02-02T09:00:00,Стиральная машина,Бытовая,2.2,0.14487339168405516,9,4,0,0,normal
2026-02-02T10:00:00,Стиральная машина,Бытовая,2.2,0.4223710112473925,10,4,0,0,normal
2026-02-02T11:00:00,Стиральная машина,Бытовая,2.2,0.040918571930378955,11,4,0,0,normal
2026-02-02T12:00:00,Стиральная машина,Бытовая,2.2,0.24840145391621998,12,4,0,0,normal
2026-02-02T13:00:00,Стиральная машина,Бытовая,2.2,0.17839307164006252,13,4,0,0,normal
2026-02-02T14:00:00,Стиральная машина,Бытовая,2.2,0.0,14,4,0,0,normal
2026-02-02T15:00:00,Стиральная машина,Бытовая,2.2,0.08075029524946802,15,4,0,0,normal
2026-02-02T16:00:00,Стиральная машина,Бытовая,2.2,0.29904929571982714,16,4,0,0,normal
2026-02-02T17:00:00,Стиральная машина,Бытовая,2.2,0.050838492162492845,17,4,0,0,normal
2026-02-02T18:00:00,Стиральная машина,Бытовая,2.2,0.715603628313028,18,4,0,0,normal
2026-02-02T19:00:00,Стиральная машина,Бытовая,2.2,2.2574360567598175,19,4,0,0,normal
2026-02-02T20:00:00,Стиральная машина,Бытовая,2.2,1.8998515214066791,20,4,0,0,normal
2026-02-02T21:00:00,Стиральная машина,Бытовая,2.2,1.1841748329685706,21,4,0,0,normal
2026-02-02T22:00:00,Стиральная машина,Бытовая,2.2,0.43398338039438156,22,4,0,0,normal
2026-02-02T23:00:00,Стиральная машина,Бытовая,2.2,0.0,23,4,0,0,normal
2026-02-03T00:00:00,Стиральная машина,Бытовая,2.2,0.02103552954230428,0,5,0,0,normal
2026-02-03T01:00:00,Стиральная машина,Бытовая,2.2,0.05305102947015714,1,5,0,0,normal
2026-02-03T02:00:00,Стиральная машина,Бытовая,2.2,0.0,2,5,0,0,normal
2026-02-03T03:00:00,Стиральная машина,Бытовая,2.2,0.23874153029456663,3,5,0,0,normal
2026-02-03T04:00:00,Стиральная машина,Бытовая,2.2,0.2922957479137956,4,5,0,0,normal
2026-02-03T05:00:00,Стиральная машина,Бытовая,2.2,0.1797605323351562,5,5,0,0,normal
2026-02-03T06:00:00,Стиральная машина,Бытовая,2.2,0.0,6,5,0,0,normal
2026-02-03T07:00:00,Стиральная машина,Бытовая,2.2,0.03305774655968555,7,5,0,0,normal
2026-02-03T08:00:00,Стиральная машина,Бытовая,2.2,0.016595595814172533,8,5,0,0,normal
2026-02-03T09:00:00,Стиральная машина,Бытовая,2.2,0.18886784018727362,9,5,0,0,normal
2026-02-03T10:00:00,Стиральная машина,Бытовая,2.2,0.0,10,5,0,0,normal
2026-02-03T11:00:00,Стиральная машина,Бытовая,2.2,0.0,11,5,0,0,normal
2026-02-03T12:00:00,Стиральная машина,Бытовая,2.2,0.0,12,5,0,0,normal
2026-02-03T13:00:00,Стиральная машина,Бытовая,2.2,0.0562056009218318,13,5,0,0,normal
2026-02-03T14:00:00,Стиральная машина,Бытовая,2.2,0.030831293762418575,14,5,0,0,normal
2026-02-03T15:00:00,Стиральная машина,Бытовая,2.2,0.0,15,5,0,0,normal
2026-02-03T16:00:00,Стиральная машина,Бытовая,2.2,0.37304236554986997,16,5,0,0,normal
2026-02-03T17:00:00,Стиральная машина,Бытовая,2.2,0.410226049246592,17,5,0,0,normal
2026-02-03T18:00:00,Стиральная машина,Бытовая,2.2,0.7471295598694851,18,5,0,0,normal
2026-02-03T19:00:00,Стиральная машина,Бытовая,2.2,2.0847510487925454,19,5,0,0,normal
2026-02-03T20:00:00,Стиральная машина,Бытовая,2.2,2.036075709168884,20,5,0,0,normal
2026-02-03T21:00:00,Стиральная машина,Бытовая,2.2,1.7505637833400487,21,5,0,0,normal
2026-02-03T22:00:00,Стиральная машина,Бытовая,2.2,0.7158549245461163,22,5,0,0,normal
2026-02-03T23:00:00,Стиральная машина,Бытовая,2.2,0.2183066928322531,23,5,0,0,normal
2026-02-04T00:00:00,Стиральная машина,Бытовая,2.2,0.4182461918340987,0,6,0,0,normal
2026-02-04T01:00:00,Стиральная машина,Бытовая,2.2,0.0,1,6,0,0,normal
2026-02-04T02:00:00,Стиральная машина,Бытовая,2.2,0.07253315324846565,2,6,0,0,normal
2026-02-04T03:00:00,Стиральная машина,Бытовая,2.2,0.0,3,6,0,0,normal
2026-02-04T04:00:00,Стиральная машина,Бытовая,2.2,0.0,4,6,0,0,normal
2026-02-04T05:00:00,Стиральная машина,Бытовая,2.2,0.0,5,6,0,0,normal
2026-02-04T06:00:00,Стиральная машина,Бытовая,2.2,0.18748294210451918,6,6,0,0,normal
2026-02-04T07:00:00,Стиральная машина,Бытовая,2.2,0.10391356483708225,7,6,0,0,normal
2026-02-04T08:00:00,Стиральная машина,Бытовая,2.2,0.09049360146892005,8,6,0,0,normal
2026-02-04T09:00:00,Стиральная машина,Бытовая,2.2,0.04075356797557571,9,6,0,0,normal
2026-02-04T10:00:00,Стиральная машина,Бытовая,2.2,0.5333336909767052,10,6,0,0,normal
2026-02-04T11:00:00,Стиральная машина,Бытовая,2.2,0.014576104363550998,11,6,0,0,normal
2026-02-04T12:00:00,Стиральная машина,Бытовая,2.2,0.0,12,6,0,0,normal
2026-02-04T13:00:00,Стиральная машина,Бытовая,2.2,0.0,13,6,0,0,normal
2026-02-04T14:00:00,Стиральная машина,Бытовая,2.2,0.21721270473764362,14,6,0,0,normal
2026-02-04T15:00:00,Стиральная машина,Бытовая,2.2,0.0,15,6,0,0,normal
2026-02-04T16:00:00,Стиральная машина,Бытовая,2.2,0.07493850537523425,16,6,0,0,normal
2026-02-04T17:00:00,Стиральная машина,Бытовая,2.2,0.3797863523968327,17,6,0,0,normal
2026-02-04T18:00:00,Стиральная машина,Бытовая,2.2,0.9158892407528094,18,6,0,0,normal
2026-02-04T19:00:00,Стиральная машина,Бытовая,2.2,1.965995843186457,19,6,0,0,normal
2026-02-04T20:00:00,Стиральная машина,Бытовая,2.2,2.501690468031704,20,6,0,0,normal
2026-02-04T21:00:00,Стиральная машина,Бытовая,2.2,1.4688985581881047,21,6,0,0,normal
2026-02-04T22:00:00,Стиральная машина,Бытовая,2.2,0.48970082860038383,22,6,0,0,normal
2026-02-04T23:00:00,Стиральная машина,Бытовая,2.2,0.0,23,6,0,0,normal
2026-02-05T00:00:00,Стиральная машина,Бытовая,2.2,0.12654321395705656,0,0,0,0,normal
2026-02-05T01:00:00,Стиральная машина,Бытовая,2.2,0.21035163598549061,1,0,0,0,normal
2026-02-05T02:00:00,Стиральная машина,Бытовая,2.2,0.0,2,0,0,0,normal
2026-02-05T03:00:00,Стиральная машина,Бытовая,2.2,0.07344919503338476,3,0,0,0,normal
2026-02-05T04:00:00,Стиральная машина,Бытовая,2.2,0.0,4,0,0,0,normal
2026-02-05T05:00:00,Стиральная машина,Бытовая,2.2,0.06153734730977167,5,0,0,0,normal
2026-02-05T06:00:00,Стиральная машина,Бытовая,2.2,0.05360880861726145,6,0,0,0,normal
2026-02-05T07:00:00,Стиральная машина,Бытовая,2.2,0.0,7,0,0,0,normal
2026-02-05T08:00:00,Стиральная машина,Бытовая,2.2,0.37394516379403736,8,0,0,0,normal
2026-02-05T09:00:00,Стиральная машина,Бытовая,2.2,0.3337124680722638,9,0,0,0,normal
2026-02-05T10:00:00,Стиральная машина,Бытовая,2.2,0.0,10,0,0,0,normal
2026-02-05T11:00:00,Стиральная машина,Бытовая,2.2,0.0,11,0,0,0,normal
2026-02-05T12:00:00,Стиральная машина,Бытовая,2.2,0.011077582856688991,12,0,0,0,normal
2026-02-05T13:00:00,Стиральная машина,Бытовая,2.2,0.0,13,0,0,0,normal
2026-02-05T14:00:00,Стиральная машина,Бытовая,2.2,0.15499600313227077,14,0,0,0,normal
2026-02-05T15:00:00,Стиральная машина,Бытовая,2.2,0.0,15,0,0,0,normal
2026-02-05T16:00:00,Стиральная машина,Бытовая,2.2,0.08233838156002507,16,0,0,0,normal
2026-02-05T17:00:00,Стиральная машина,Бытовая,2.2,0.49251387361952104,17,0,0,0,normal
2026-02-05T18:00:00,Стиральная машина,Бытовая,2.2,0.9570186037226253,18,0,0,0,normal
2026-02-05T19:00:00,Стиральная машина,Бытовая,2.2,1.6909338717365798,19,0,0,0,normal
2026-02-05T20:00:00,Стиральная машина,Бытовая,2.2,1.76222139135494,20,0,0,0,normal
2026-02-05T21:00:00,Стиральная машина,Бытовая,2.2,1.1319067978821384,21,0,0,0,normal
2026-02-05T22:00:00,Стиральная машина,Бытовая,2.2,0.313436948271986,22,0,0,0,normal
2026-02-05T23:00:00,Стиральная машина,Бытовая,2.2,0.0,23,0,0,0,normal
2026-02-06T00:00:00,Стиральная машина,Бытовая,2.2,0.0,0,1,0,0,normal
2026-02-06T01:00:00,Стиральная машина,Бытовая,2.2,0.2015904467493295,1,1,0,0,normal
2026-02-06T02:00:00,Стиральная машина,Бытовая,2.2,0.0,2,1,0,0,normal
2026-02-06T03:00:00,Стиральная машина,Бытовая,2.2,0.0,3,1,0,0,normal
2026-02-06T04:00:00,Стиральная машина,Бытовая,2.2,0.0,4,1,0,0,normal
2026-02-06T05:00:00,Стиральная машина,Бытовая,2.2,0.16322378512264418,5,1,0,0,normal
2026-02-06T06:00:00,Стиральная машина,Бытовая,2.2,0.0,6,1,0,0,normal
2026-02-06T07:00:00,Стиральная машина,Бытовая,2.2,0.2218638451576363,7,1,0,0,normal
2026-02-06T08:00:00,Стиральная машина,Бытовая,2.2,0.29517194003726055,8,1,0,0,normal
2026-02-06T09:00:00,Стиральная машина,Бытовая,2.2,0.009453757306181075,9,1,0,0,normal
2026-02-06T10:00:00,Стиральная машина,Бытовая,2.2,0.07018366048401989,10,1,0,0,normal
2026-02-06T11:00:00,Стиральная машина,Бытовая,2.2,0.0,11,1,0,0,normal
2026-02-06T12:00:00,Стиральная машина,Бытовая,2.2,0.0,12,1,0,0,normal
2026-02-06T13:00:00,Стиральная машина,Бытовая,2.2,0.24688321187865442,13,1,0,0,normal
2026-02-06T14:00:00,Стиральная машина,Бытовая,2.2,0.0,14,1,0,0,normal
2026-02-06T15:00:00,Стиральная машина,Бытовая,2.2,0.06901943524190907,15,1,0,0,normal
2026-02-06T16:00:00,Стиральная машина,Бытовая,2.2,0.11074113936478164,16,1,0,0,normal
2026-02-06T17:00:00,Стиральная машина,Бытовая,2.2,0.1782239964536106,17,1,0,0,normal
2026-02-06T18:00:00,Стиральная машина,Бытовая,2.2,1.1064271859120296,18,1,0,0,normal
2026-02-06T19:00:00,Стиральная машина,Бытовая,2.2,1.6459248168525578,19,1,0,0,normal
2026-02-06T20:00:00,Стиральная машина,Бытовая,2.2,2.0250735015486754,20,1,0,0,normal
2026-02-06T21:00:00,Стиральная машина,Бытовая,2.2,1.6061823329747176,21,1,0,0,normal
2026-02-06T22:00:00,Стиральная машина,Бытовая,2.2,0.1629016225765,22,1,0,0,normal
2026-02-06T23:00:00,Стиральная машина,Бытовая,2.2,0.10359143358014049,23,1,0,0,normal
2026-02-07T00:00:00,Стиральная машина,Бытовая,2.2,0.15135775511847638,0,2,0,0,normal
2026-02-07T01:00:00,Стиральная машина,Бытовая,2.2,0.0,1,2,0,0,normal
2026-02-07T02:00:00,Стиральная машина,Бытовая,2.2,0.20774231643499944,2,2,0,0,normal
2026-02-07T03:00:00,Стиральная машина,Бытовая,2.2,0.11257969403438055,3,2,0,0,normal
2026-02-07T04:00:00,Стиральная машина,Бытовая,2.2,0.04929362675196024,4,2,0,0,normal
2026-02-07T05:00:00,Стиральная машина,Бытовая,2.2,0.09519952242835975,5,2,0,0,normal
2026-02-07T06:00:00,Стиральная машина,Бытовая,2.2,0.0,6,2,0,0,normal
2026-02-07T07:00:00,Стиральная машина,Бытовая,2.2,0.0,7,2,0,0,normal
2026-02-07T08:00:00,Стиральная машина,Бытовая,2.2,0.0,8,2,0,0,normal
2026-02-07T09:00:00,Стиральная машина,Бытовая,2.2,0.150625600643292,9,2,0,0,normal
2026-02-07T10:00:00,Стиральная машина,Бытовая,2.2,0.0,10,2,0,0,normal
2026-02-07T11:00:00,Стиральная машина,Бытовая,2.2,0.22453301936568568,11,2,0,0,normal
2026-02-07T12:00:00,Стиральная машина,Бытовая,2.2,0.0,12,2,0,0,normal
2026-02-07T13:00:00,Стиральная машина,Бытовая,2.2,0.0,13,2,0,0,normal
2026-02-07T14:00:00,Стиральная машина,Бытовая,2.2,0.0,14,2,0,0,normal
2026-02-07T15:00:00,Стиральная машина,Бытовая,2.2,0.2245587719266115,15,2,0,0,normal
2026-02-07T16:00:00,Стиральная машина,Бытовая,2.2,0.12298351423408205,16,2,0,0,normal
2026-02-07T17:00:00,Стиральная машина,Бытовая,2.2,0.4124174333167432,17,2,0,0,normal
2026-02-07T18:00:00,Стиральная машина,Бытовая,2.2,0.6323624673763005,18,2,0,0,normal
2026-02-07T19:00:00,Стиральная машина,Бытовая,2.2,1.948596321134887,19,2,0,0,normal
2026-02-07T20:00:00,Стиральная машина,Бытовая,2.2,1.6436709571035502,20,2,0,0,normal
2026-02-07T21:00:00,Стиральная машина,Бытовая,2.2,1.2613480385995879,21,2,0,0,normal
2026-02-07T22:00:00,Стиральная машина,Бытовая,2.2,0.34372058774701986,22,2,0,0,normal
2026-02-07T23:00:00,Стиральная машина,Бытовая,2.2,0.2756189156943057,23,2,0,0,normal
2026-02-08T00:00:00,Стиральная машина,Бытовая,2.2,0.0,0,3,0,0,normal
2026-02-08T01:00:00,Стиральная машина,Бытовая,2.2,0.0,1,3,0,0,normal
2026-02-08T02:00:00,Стиральная машина,Бытовая,2.2,0.0,2,3,0,0,normal
2026-02-08T03:00:00,Стиральная машина,Бытовая,2.2,0.0,3,3,0,0,normal
2026-02-08T04:00:00,Стиральная машина,Бытовая,2.2,0.010945582649068412,4,3,0,0,normal
2026-02-08T05:00:00,Стиральная машина,Бытовая,2.2,0.13160077601647205,5,3,0,0,normal
2026-02-08T06:00:00,Стиральная машина,Бытовая,2.2,0.1683447883409418,6,3,0,0,normal
2026-02-08T07:00:00,Стиральная машина,Бытовая,2.2,0.046194492987237754,7,3,0,0,normal
2026-02-08T08:00:00,Стиральная машина,Бытовая,2.2,0.19845110864559462,8,3,0,0,normal
2026-02-08T09:00:00,Стиральная машина,Бытовая,2.2,0.13986655193437522,9,3,0,0,normal
2026-02-08T10:00:00,Стиральная машина,Бытовая,2.2,0.06525229397734439,10,3,0,0,normal
2026-02-08T11:00:00,Стиральная машина,Бытовая,2.2,0.0,11,3,0,0,normal
2026-02-08T12:00:00,Стиральная машина,Бытовая,2.2,0.11008442689560843,12,3,0,0,normal
2026-02-08T13:00:00,Стиральная машина,Бытовая,2.2,0.05488883366844314,13,3,0,0,normal
2026-02-08T14:00:00,Стиральная машина,Бытовая,2.2,0.1406501063517695,14,3,0,0,normal
2026-02-08T15:00:00,Стиральная машина,Бытовая,2.2,0.0,15,3,0,0,normal
2026-02-08T16:00:00,Стиральная машина,Бытовая,2.2,0.15246839007433663,16,3,0,0,normal
2026-02-08T17:00:00,Стиральная машина,Бытовая,2.2,0.22141649903198243,17,3,0,0,normal
2026-02-08T18:00:00,Стиральная машина,Бытовая,2.2,0.5632087910018102,18,3,0,0,normal
2026-02-08T19:00:00,Стиральная машина,Бытовая,2.2,1.5782040719398078,19,3,0,0,normal
2026-02-08T20:00:00,Стиральная машина,Бытовая,2.2,1.9403780700658542,20,3,0,0,normal
2026-02-08T21:00:00,Стиральная машина,Бытовая,2.2,1.1787954067290056,21,3,0,0,normal
2026-02-08T22:00:00,Стиральная машина,Бытовая,2.2,0.24634640934538074,22,3,0,0,normal
2026-02-08T23:00:00,Стиральная машина,Бытовая,2.2,0.21503956866954732,23,3,0,0,normal
2026-02-09T00:00:00,Стиральная машина,Бытовая,2.2,0.20690055610315367,0,4,0,0,normal
2026-02-09T01:00:00,Стиральная машина,Бытовая,2.2,0.10577545197956913,1,4,0,0,normal
2026-02-09T02:00:00,Стиральная машина,Бытовая,2.2,0.11057530574390376,2,4,0,0,normal
2026-02-09T03:00:00,Стиральная машина,Бытовая,2.2,0.0,3,4,0,0,normal
2026-02-09T04:00:00,Стиральная машина,Бытовая,2.2,0.09994673961605474,4,4,0,0,normal
2026-02-09T05:00:00,Стиральная машина,Бытовая,2.2,0.2918533525966581,5,4,0,0,normal
2026-02-09T06:00:00,Стиральная машина,Бытовая,2.2,0.2203506913978857,6,4,0,0,normal
2026-02-09T07:00:00,Стиральная машина,Бытовая,2.2,0.14030005170602053,7,4,0,0,normal
2026-02-09T08:00:00,Стиральная машина,Бытовая,2.2,0.4209015153290421,8,4,0,0,normal
2026-02-09T09:00:00,Стиральная машина,Бытовая,2.2,0.07025118699484344,9,4,0,0,normal
2026-02-09T10:00:00,Стиральная машина,Бытовая,2.2,0.0,10,4,0,0,normal
2026-02-09T11:00:00,Стиральная машина,Бытовая,2.2,0.10175092968298273,11,4,0,0,normal
2026-02-09T12:00:00,Стиральная машина,Бытовая,2.2,0.08567579783919428,12,4,0,0,normal
2026-02-09T13:00:00,Стиральная машина,Бытовая,2.2,0.0,13,4,0,0,normal
2026-02-09T14:00:00,Стиральная машина,Бытовая,2.2,0.002222926626567871,14,4,0,0,normal
2026-02-09T15:00:00,Стиральная машина,Бытовая,2.2,0.18631201484715054,15,4,0,0,normal
2026-02-09T16:00:00,Стиральная машина,Бытовая,2.2,0.026493484659025804,16,4,0,0,normal
2026-02-09T17:00:00,Стиральная машина,Бытовая,2.2,0.3561484803276822,17,4,0,0,normal
2026-02-09T18:00:00,Стиральная машина,Бытовая,2.2,0.9028671667932935,18,4,0,0,normal
2026-02-09T19:00:00,Стиральная машина,Бытовая,2.2,1.868367947614612,19,4,0,0,normal
2026-02-09T20:00:00,Стиральная машина,Бытовая,2.2,1.900515519581305,20,4,0,0,normal
2026-02-09T21:00:00,Стиральная машина,Бытовая,2.2,1.350081937918428,21,4,0,0,normal
2026-02-09T22:00:00,Стиральная машина,Бытовая,2.2,0.6416924782221703,22,4,0,0,normal
2026-02-09T23:00:00,Стиральная машина,Бытовая,2.2,0.027898601803914205,23,4,0,0,normal
2026-02-10T00:00:00,Стиральная машина,Бытовая,2.2,0.0,0,5,0,0,normal
2026-02-10T01:00:00,Стиральная машина,Бытовая,2.2,0.0,1,5,0,0,normal
2026-02-10T02:00:00,Стиральная машина,Бытовая,2.2,0.14136118552962118,2,5,0,0,normal
2026-02-10T03:00:00,Стиральная машина,Бытовая,2.2,0.0,3,5,0,0,normal
2026-02-10T04:00:00,Стиральная машина,Бытовая,2.2,0.0,4,5,0,0,normal
2026-02-10T05:00:00,Стиральная машина,Бытовая,2.2,0.0,5,5,0,0,normal
2026-02-10T06:00:00,Стиральная машина,Бытовая,2.2,0.0,6,5,0,0,normal
2026-02-10T07:00:00,Стиральная машина,Бытовая,2.2,0.0,7,5,0,0,normal
2026-02-10T08:00:00,Стиральная машина,Бытовая,2.2,0.19421047068510566,8,5,0,0,normal
2026-02-10T09:00:00,Стиральная машина,Бытовая,2.2,0.05536596315734629,9,5,0,0,normal
2026-02-10T10:00:00,Стиральная машина,Бытовая,2.2,0.009896241960439745,10,5,0,0,normal
2026-02-10T11:00:00,Стиральная машина,Бытовая,2.2,0.28607537277295586,11,5,0,0,normal
2026-02-10T12:00:00,Стиральная машина,Бытовая,2.2,0.0,12,5,0,0,normal
2026-02-10T13:00:00,Стиральная машина,Бытовая,2.2,0.0,13,5,0,0,normal
2026-02-10T14:00:00,Стиральная машина,Бытовая,2.2,0.0,14,5,0,0,normal
2026-02-10T15:00:00,Стиральная машина,Бытовая,2.2,0.0,15,5,0,0,normal
2026-02-10T16:00:00,Стиральная машина,Бытовая,2.2,0.16125919669642136,16,5,0,0,normal
2026-02-10T17:00:00,Стиральная машина,Бытовая,2.2,0.5232475619669054,17,5,0,0,normal
2026-02-10T18:00:00,Стиральная машина,Бытовая,2.2,0.9998475927581302,18,5,0,0,normal
2026-02-10T19:00:00,Стиральная машина,Бытовая,2.2,2.009722328990822,19,5,0,0,normal
2026-02-10T20:00:00,Стиральная машина,Бытовая,2.2,2.3333606704042884,20,5,0,0,normal
2026-02-10T21:00:00,Стиральная машина,Бытовая,2.2,1.5034000163028571,21,5,0,1,point_outlier
2026-02-10T22:00:00,Стиральная машина,Бытовая,2.2,0.43264179475839337,22,5,0,1,point_outlier
2026-02-10T23:00:00,Стиральная машина,Бытовая,2.2,0.12635991871544763,23,5,0,1,point_outlier
2026-02-11T00:00:00,Стиральная машина,Бытовая,2.2,0.02923850620375073,0,6,0,0,normal
2026-02-11T01:00:00,Стиральная машина,Бытовая,2.2,0.0,1,6,0,0,normal
2026-02-11T02:00:00,Стиральная машина,Бытовая,2.2,0.12794502794226753,2,6,0,0,normal
2026-02-11T03:00:00,Стиральная машина,Бытовая,2.2,0.04567639751031696,3,6,0,0,normal
2026-02-11T04:00:00,Стиральная машина,Бытовая,2.2,0.13176290209052002,4,6,0,0,normal
2026-02-11T05:00:00,Стиральная машина,Бытовая,2.2,0.046250073814454735,5,6,0,0,normal
2026-02-11T06:00:00,Стиральная машина,Бытовая,2.2,0.0,6,6,0,0,normal
2026-02-11T07:00:00,Стиральная машина,Бытовая,2.2,0.038311888579935505,7,6,0,0,normal
2026-02-11T08:00:00,Стиральная машина,Бытовая,2.2,0.2648066168454545,8,6,0,0,normal
2026-02-11T09:00:00,Стиральная машина,Бытовая,2.2,0.0,9,6,0,0,normal
2026-02-11T10:00:00,Стиральная машина,Бытовая,2.2,0.21095869538419385,10,6,0,0,normal
2026-02-11T11:00:00,Стиральная машина,Бытовая,2.2,0.0,11,6,0,0,normal
2026-02-11T12:00:00,Стиральная машина,Бытовая,2.2,0.27341082426489327,12,6,0,0,normal
2026-02-11T13:00:00,Стиральная машина,Бытовая,2.2,0.07024575391558696,13,6,0,0,normal
2026-02-11T14:00:00,Стиральная машина,Бытовая,2.2,0.10295031815279192,14,6,0,0,normal
2026-02-11T15:00:00,Стиральная машина,Бытовая,2.2,0.0,15,6,0,0,normal
2026-02-11T16:00:00,Стиральная машина,Бытовая,2.2,0.12081854828734848,16,6,0,0,normal
2026-02-11T17:00:00,Стиральная машина,Бытовая,2.2,0.3556704385461847,17,6,0,0,normal
2026-02-11T18:00:00,Стиральная машина,Бытовая,2.2,1.2906194146024492,18,6,0,0,normal
2026-02-11T19:00:00,Стиральная машина,Бытовая,2.2,2.421421677573875,19,6,0,0,normal
2026-02-11T20:00:00,Стиральная машина,Бытовая,2.2,2.6614274144349284,20,6,0,0,normal
2026-02-11T21:00:00,Стиральная машина,Бытовая,2.2,1.1558923070836913,21,6,0,0,normal
2026-02-11T22:00:00,Стиральная машина,Бытовая,2.2,0.5415068228209722,22,6,0,0,normal
2026-02-11T23:00:00,Стиральная машина,Бытовая,2.2,0.0,23,6,0,0,normal
2026-02-12T00:00:00,Стиральная машина,Бытовая,2.2,0.0319525122070292,0,0,0,0,normal
2026-02-12T01:00:00,Стиральная машина,Бытовая,2.2,0.0,1,0,0,1,point_outlier
2026-02-12T02:00:00,Стиральная машина,Бытовая,2.2,0.0,2,0,0,0,normal
2026-02-12T03:00:00,Стиральная машина,Бытовая,2.2,0.0,3,0,0,0,normal
2026-02-12T04:00:00,Стиральная машина,Бытовая,2.2,0.13682745345779831,4,0,0,0,normal
2026-02-12T05:00:00,Стиральная машина,Бытовая,2.2,0.0,5,0,0,0,normal
2026-02-12T06:00:00,Стиральная машина,Бытовая,2.2,0.0,6,0,0,0,normal
2026-02-12T07:00:00,Стиральная машина,Бытовая,2.2,0.14735948565135532,7,0,0,0,normal
2026-02-12T08:00:00,Стиральная машина,Бытовая,2.2,0.0752501436429299,8,0,0,0,normal
2026-02-12T09:00:00,Стиральная машина,Бытовая,2.2,0.24517162319939015,9,0,0,0,normal
2026-02-12T10:00:00,Стиральная машина,Бытовая,2.2,0.0,10,0,0,0,normal
2026-02-12T11:00:00,Стиральная машина,Бытовая,2.2,0.21650087901900172,11,0,0,0,normal
2026-02-12T12:00:00,Стиральная машина,Бытовая,2.2,0.0,12,0,0,0,normal
2026-02-12T13:00:00,Стиральная машина,Бытовая,2.2,0.060795343114404675,13,0,0,0,normal
2026-02-12T14:00:00,Стиральная машина,Бытовая,2.2,0.0,14,0,0,0,normal
2026-02-12T15:00:00,Стиральная машина,Бытовая,2.2,0.0,15,0,0,0,normal
2026-02-12T16:00:00,Стиральная машина,Бытовая,2.2,0.0,16,0,0,0,normal
2026-02-12T17:00:00,Стиральная машина,Бытовая,2.2,0.3528666662930808,17,0,0,0,normal
2026-02-12T18:00:00,Стиральная машина,Бытовая,2.2,0.9867253068378078,18,0,0,0,normal
2026-02-12T19:00:00,Стиральная машина,Бытовая,2.2,1.6880699359478608,19,0,0,0,normal
2026-02-12T20:00:00,Стиральная машина,Бытовая,2.2,1.9170281377818623,20,0,0,0,normal
2026-02-12T21:00:00,Стиральная машина,Бытовая,2.2,1.2511393639933375,21,0,0,0,normal
2026-02-12T22:00:00,Стиральная машина,Бытовая,2.2,0.3770747883482562,22,0,0,0,normal
2026-02-12T23:00:00,Стиральная машина,Бытовая,2.2,0.4537500282810104,23,0,0,0,normal
2026-02-13T00:00:00,Стиральная машина,Бытовая,2.2,0.14403684461940797,0,1,0,0,normal
2026-02-13T01:00:00,Стиральная машина,Бытовая,2.2,0.30590845508775827,1,1,0,0,normal
2026-02-13T02:00:00,Стиральная машина,Бытовая,2.2,0.0,2,1,0,0,normal
2026-02-13T03:00:00,Стиральная машина,Бытовая,2.2,0.06821496422973845,3,1,0,0,normal
2026-02-13T04:00:00,Стиральная машина,Бытовая,2.2,0.016693392495827814,4,1,0,0,normal
2026-02-13T05:00:00,Стиральная машина,Бытовая,2.2,0.18955471900976859,5,1,0,0,normal
2026-02-13T06:00:00,Стиральная машина,Бытовая,2.2,0.06958538028287742,6,1,0,0,normal
2026-02-13T07:00:00,Стиральная машина,Бытовая,2.2,0.4215725927291519,7,1,0,0,normal
2026-02-13T08:00:00,Стиральная машина,Бытовая,2.2,0.26362152700064484,8,1,0,0,normal
2026-02-13T09:00:00,Стиральная машина,Бытовая,2.2,0.06640517336606913,9,1,0,0,normal
2026-02-13T10:00:00,Стиральная машина,Бытовая,2.2,0.0,10,1,0,0,normal
2026-02-13T11:00:00,Стиральная машина,Бытовая,2.2,0.0,11,1,0,0,normal
2026-02-13T12:00:00,Стиральная машина,Бытовая,2.2,0.1593271348942115,12,1,0,0,normal
2026-02-13T13:00:00,Стиральная машина,Бытовая,2.2,0.0,13,1,0,0,normal
2026-02-13T14:00:00,Стиральная машина,Бытовая,2.2,0.03141542239559528,14,1,0,0,normal
2026-02-13T15:00:00,Стиральная машина,Бытовая,2.2,0.15257847886834755,15,1,0,0,normal
2026-02-13T16:00:00,Стиральная машина,Бытовая,2.2,0.34129394297780674,16,1,0,0,normal
2026-02-13T17:00:00,Стиральная машина,Бытовая,2.2,0.16911734626554153,17,1,0,0,normal
2026-02-13T18:00:00,Стиральная машина,Бытовая,2.2,0.855119354619364,18,1,0,0,normal
2026-02-13T19:00:00,Стиральная машина,Бытовая,2.2,1.5669420521812965,19,1,0,0,normal
2026-02-13T20:00:00,Стиральная машина,Бытовая,2.2,1.995781954309914,20,1,0,0,normal
2026-02-13T21:00:00,Стиральная машина,Бытовая,2.2,1.3121705796782308,21,1,0,0,normal
2026-02-13T22:00:00,Стиральная машина,Бытовая,2.2,0.4843923452667835,22,1,0,0,normal
2026-02-13T23:00:00,Стиральная машина,Бытовая,2.2,0.0,23,1,0,0,normal
2026-02-14T00:00:00,Стиральная машина,Бытовая,2.2,0.0,0,2,0,0,normal
2026-02-14T01:00:00,Стиральная машина,Бытовая,2.2,0.0,1,2,0,0,normal
2026-02-14T02:00:00,Стиральная машина,Бытовая,2.2,0.13648670636361615,2,2,0,0,normal
2026-02-14T03:00:00,Стиральная машина,Бытовая,2.2,0.0,3,2,0,1,point_outlier
2026-02-14T04:00:00,Стиральная машина,Бытовая,2.2,0.0,4,2,0,1,point_outlier
2026-02-14T05:00:00,Стиральная машина,Бытовая,2.2,0.04994274584816152,5,2,0,1,point_outlier
2026-02-14T06:00:00,Стиральная машина,Бытовая,2.2,0.1175466114613697,6,2,0,0,normal
2026-02-14T07:00:00,Стиральная машина,Бытовая,2.2,0.04235707183643338,7,2,0,0,normal
2026-02-14T08:00:00,Стиральная машина,Бытовая,2.2,0.22741535178319533,8,2,0,0,normal
2026-02-14T09:00:00,Стиральная машина,Бытовая,2.2,0.16467451931056598,9,2,0,0,normal
2026-02-14T10:00:00,Стиральная машина,Бытовая,2.2,0.0,10,2,0,0,normal
2026-02-14T11:00:00,Стиральная машина,Бытовая,2.2,0.0,11,2,0,0,normal
2026-02-14T12:00:00,Стиральная машина,Бытовая,2.2,0.0,12,2,0,0,normal
2026-02-14T13:00:00,Стиральная машина,Бытовая,2.2,0.12324612299895282,13,2,0,0,normal
2026-02-14T14:00:00,Стиральная машина,Бытовая,2.2,0.03894018568481061,14,2,0,0,normal
2026-02-14T15:00:00,Стиральная машина,Бытовая,2.2,0.0,15,2,0,0,normal
2026-02-14T16:00:00,Стиральная машина,Бытовая,2.2,0.03516384582732242,16,2,0,0,normal
2026-02-14T17:00:00,Стиральная машина,Бытовая,2.2,0.4534558098446901,17,2,0,0,normal
2026-02-14T18:00:00,Стиральная машина,Бытовая,2.2,0.8857410015755981,18,2,0,0,normal
2026-02-14T19:00:00,Стиральная машина,Бытовая,2.2,1.6124230276554306,19,2,0,0,normal
2026-02-14T20:00:00,Стиральная машина,Бытовая,2.2,1.7837673292310119,20,2,0,0,normal
2026-02-14T21:00:00,Стиральная машина,Бытовая,2.2,1.337136101631593,21,2,0,0,normal
2026-02-14T22:00:00,Стиральная машина,Бытовая,2.2,0.7121885129567094,22,2,0,0,normal
2026-02-14T23:00:00,Стиральная машина,Бытовая,2.2,0.07411921426231127,23,2,0,0,normal
2026-01-01T00:00:00,Водонагреватель,ГВС,3.0,0.22309051725097315,0,0,0,0,normal
2026-01-01T01:00:00,Водонагреватель,ГВС,3.0,0.2143716660647403,1,0,0,0,normal
2026-01-01T02:00:00,Водонагреватель,ГВС,3.0,0.3096493846380422,2,0,0,0,normal
2026-01-01T03:00:00,Водонагреватель,ГВС,3.0,0.4203653262538172,3,0,0,0,normal
2026-01-01T04:00:00,Водонагреватель,ГВС,3.0,0.27604407612176046,4,0,0,0,normal
2026-01-01T05:00:00,Водонагреватель,ГВС,3.0,0.6398682729523754,5,0,0,0,normal
2026-01-01T06:00:00,Водонагреватель,ГВС,3.0,1.8824573666103204,6,0,0,0,normal
2026-01-01T07:00:00,Водонагреватель,ГВС,3.0,2.6344206518648656,7,0,0,0,normal
2026-01-01T08:00:00,Водонагреватель,ГВС,3.0,2.2988362476668045,8,0,0,0,normal
2026-01-01T09:00:00,Водонагреватель,ГВС,3.0,1.2516883744341936,9,0,0,0,normal
2026-01-01T10:00:00,Водонагреватель,ГВС,3.0,0.5994658131011645,10,0,0,0,normal
2026-01-01T11:00:00,Водонагреватель,ГВС,3.0,0.3761715812601241,11,0,0,0,normal
2026-01-01T12:00:00,Водонагреватель,ГВС,3.0,0.36077526678636224,12,0,0,0,normal
2026-01-01T13:00:00,Водонагреватель,ГВС,3.0,0.4330096220418864,13,0,0,0,normal
2026-01-01T14:00:00,Водонагреватель,ГВС,3.0,0.3313209487120802,14,0,0,0,normal
2026-01-01T15:00:00,Водонагреватель,ГВС,3.0,0.43625548856526486,15,0,0,0,normal
2026-01-01T16:00:00,Водонагреватель,ГВС,3.0,0.7541372749800405,16,0,0,0,normal
2026-01-01T17:00:00,Водонагреватель,ГВС,3.0,0.9940471846721851,17,0,0,0,normal
2026-01-01T18:00:00,Водонагреватель,ГВС,3.0,1.6246200628976308,18,0,0,0,normal
2026-01-01T19:00:00,Водонагреватель,ГВС,3.0,2.650994751567666,19,0,0,0,normal
2026-01-01T20:00:00,Водонагреватель,ГВС,3.0,2.6617099049239887,20,0,0,0,normal
2026-01-01T21:00:00,Водонагреватель,ГВС,3.0,1.995745791558259,21,0,0,0,normal
2026-01-01T22:00:00,Водонагреватель,ГВС,3.0,1.0410924881947528,22,0,0,0,normal
2026-01-01T23:00:00,Водонагреватель,ГВС,3.0,0.4945729970221987,23,0,0,0,normal
2026-01-02T00:00:00,Водонагреватель,ГВС,3.0,0.4970984627642428,0,1,0,0,normal
2026-01-02T01:00:00,Водонагреватель,ГВС,3.0,0.2829988066150776,1,1,0,0,normal
2026-01-02T02:00:00,Водонагреватель,ГВС,3.0,0.06916955231959417,2,1,0,0,normal
2026-01-02T03:00:00,Водонагреватель,ГВС,3.0,0.3014676897650609,3,1,0,0,normal
2026-01-02T04:00:00,Водонагреватель,ГВС,3.0,0.271213019617078,4,1,0,0,normal
2026-01-02T05:00:00,Водонагреватель,ГВС,3.0,0.5447182380129536,5,1,0,0,normal
2026-01-02T06:00:00,Водонагреватель,ГВС,3.0,1.7417275992067267,6,1,0,0,normal
2026-01-02T07:00:00,Водонагреватель,ГВС,3.0,2.476307418836171,7,1,0,0,normal
2026-01-02T08:00:00,Водонагреватель,ГВС,3.0,2.372051508695117,8,1,0,0,normal
2026-01-02T09:00:00,Водонагреватель,ГВС,3.0,0.994343063990979,9,1,0,0,normal
2026-01-02T10:00:00,Водонагреватель,ГВС,3.0,0.46550791092602034,10,1,0,0,normal
2026-01-02T11:00:00,Водонагреватель,ГВС,3.0,0.4078883828151949,11,1,0,0,normal
2026-01-02T12:00:00,Водонагреватель,ГВС,3.0,0.5460837988106148,12,1,0,0,normal
2026-01-02T13:00:00,Водонагреватель,ГВС,3.0,0.5187871066030771,13,1,0,0,normal
2026-01-02T14:00:00,Водонагреватель,ГВС,3.0,0.6799011236897238,14,1,0,0,normal
2026-01-02T15:00:00,Водонагреватель,ГВС,3.0,0.7491306596836149,15,1,0,0,normal
2026-01-02T16:00:00,Водонагреватель,ГВС,3.0,0.5304912806999698,16,1,0,0,normal
2026-01-02T17:00:00,Водонагреватель,ГВС,3.0,0.9534035982752356,17,1,0,0,normal
2026-01-02T18:00:00,Водонагреватель,ГВС,3.0,1.8008151299950728,18,1,0,0,normal
2026-01-02T19:00:00,Водонагреватель,ГВС,3.0,2.5948479318015876,19,1,0,0,normal
2026-01-02T20:00:00,Водонагреватель,ГВС,3.0,2.505647058931659,20,1,0,0,normal
2026-01-02T21:00:00,Водонагреватель,ГВС,3.0,2.0833275315481337,21,1,0,0,normal
2026-01-02T22:00:00,Водонагреватель,ГВС,3.0,1.1207166479818909,22,1,0,0,normal
2026-01-02T23:00:00,Водонагреватель,ГВС,3.0,0.6639835329392112,23,1,0,0,normal
2026-01-03T00:00:00,Водонагреватель,ГВС,3.0,0.44752892552712176,0,2,0,0,normal
2026-01-03T01:00:00,Водонагреватель,ГВС,3.0,0.3967328029115243,1,2,0,0,normal
2026-01-03T02:00:00,Водонагреватель,ГВС,3.0,0.18108629177152663,2,2,0,0,normal
2026-01-03T03:00:00,Водонагреватель,ГВС,3.0,0.39964693021496656,3,2,0,0,normal
2026-01-03T04:00:00,Водонагреватель,ГВС,3.0,0.299357636948685,4,2,0,0,normal
2026-01-03T05:00:00,Водонагреватель,ГВС,3.0,0.7152365756073797,5,2,0,0,normal
2026-01-03T06:00:00,Водонагреватель,ГВС,3.0,1.7998519231370822,6,2,0,0,normal
2026-01-03T07:00:00,Водонагреватель,ГВС,3.0,2.61425589991546,7,2,0,0,normal
2026-01-03T08:00:00,Водонагреватель,ГВС,3.0,2.412510791526209,8,2,0,0,normal
2026-01-03T09:00:00,Водонагреватель,ГВС,3.0,1.1911527392970065,9,2,0,0,normal
2026-01-03T10:00:00,Водонагреватель,ГВС,3.0,0.7930805953426513,10,2,0,0,normal
2026-01-03T11:00:00,Водонагреватель,ГВС,3.0,0.5509669723858137,11,2,0,0,normal
2026-01-03T12:00:00,Водонагреватель,ГВС,3.0,0.5013230835334517,12,2,0,0,normal
2026-01-03T13:00:00,Водонагреватель,ГВС,3.0,0.2794121735858381,13,2,0,0,normal
2026-01-03T14:00:00,Водонагреватель,ГВС,3.0,0.3780561211490499,14,2,0,0,normal
2026-01-03T15:00:00,Водонагреватель,ГВС,3.0,0.6042651968225975,15,2,0,0,normal
2026-01-03T16:00:00,Водонагреватель,ГВС,3.0,0.8318922164785457,16,2,0,0,normal
2026-01-03T17:00:00,Водонагреватель,ГВС,3.0,0.6946822925875596,17,2,0,0,normal
2026-01-03T18:00:00,Водонагреватель,ГВС,3.0,1.7800731348609315,18,2,0,0,normal
2026-01-03T19:00:00,Водонагреватель,ГВС,3.0,2.4677058413992468,19,2,0,0,normal
2026-01-03T20:00:00,Водонагреватель,ГВС,3.0,2.615865708402208,20,2,0,0,normal
2026-01-03T21:00:00,Водонагреватель,ГВС,3.0,2.250773583137419,21,2,0,0,normal
2026-01-03T22:00:00,Водонагреватель,ГВС,3.0,1.155403046214419,22,2,0,0,normal
2026-01-03T23:00:00,Водонагреватель,ГВС,3.0,0.6465803675693341,23,2,0,0,normal
2026-01-04T00:00:00,Водонагреватель,ГВС,3.0,0.4319318403971598,0,3,0,0,normal
2026-01-04T01:00:00,Водонагреватель,ГВС,3.0,0.3603570784301185,1,3,0,0,normal
2026-01-04T02:00:00,Водонагреватель,ГВС,3.0,0.16467616610757327,2,3,0,0,normal
2026-01-04T03:00:00,Водонагреватель,ГВС,3.0,0.22211868586887554,3,3,0,0,normal
2026-01-04T04:00:00,Водонагреватель,ГВС,3.0,0.2194735365163237,4,3,0,0,normal
2026-01-04T05:00:00,Водонагреватель,ГВС,3.0,0.6442267022400233,5,3,0,0,normal
2026-01-04T06:00:00,Водонагреватель,ГВС,3.0,1.8597852357289106,6,3,0,0,normal
2026-01-04T07:00:00,Водонагреватель,ГВС,3.0,2.7303763622739434,7,3,0,0,normal
2026-01-04T08:00:00,Водонагреватель,ГВС,3.0,2.4996150210059183,8,3,0,0,normal
2026-01-04T09:00:00,Водонагреватель,ГВС,3.0,1.327303081206544,9,3,0,0,normal
2026-01-04T10:00:00,Водонагреватель,ГВС,3.0,0.5736118400545035,10,3,0,0,normal
2026-01-04T11:00:00,Водонагреватель,ГВС,3.0,0.4194136370310199,11,3,0,0,normal
2026-01-04T12:00:00,Водонагреватель,ГВС,3.0,0.266882287910338,12,3,0,0,normal
2026-01-04T13:00:00,Водонагреватель,ГВС,3.0,0.38051091129423587,13,3,0,0,normal
2026-01-04T14:00:00,Водонагреватель,ГВС,3.0,0.2492286775929855,14,3,0,0,normal
2026-01-04T15:00:00,Водонагреватель,ГВС,3.0,0.51247984552144,15,3,0,0,normal
2026-01-04T16:00:00,Водонагреватель,ГВС,3.0,0.9441505718539864,16,3,0,0,normal
2026-01-04T17:00:00,Водонагреватель,ГВС,3.0,0.9410785629729904,17,3,0,0,normal
2026-01-04T18:00:00,Водонагреватель,ГВС,3.0,1.7048909488122557,18,3,0,0,normal
2026-01-04T19:00:00,Водонагреватель,ГВС,3.0,2.585659757302662,19,3,0,0,normal
2026-01-04T20:00:00,Водонагреватель,ГВС,3.0,2.7304423994098883,20,3,0,0,normal
2026-01-04T21:00:00,Водонагреватель,ГВС,3.0,2.1579124625037056,21,3,0,0,normal
2026-01-04T22:00:00,Водонагреватель,ГВС,3.0,1.361123853957257,22,3,0,0,normal
2026-01-04T23:00:00,Водонагреватель,ГВС,3.0,0.48307838210854387,23,3,0,0,normal
2026-01-05T00:00:00,Водонагреватель,ГВС,3.0,0.21634486316269855,0,4,0,0,normal
2026-01-05T01:00:00,Водонагреватель,ГВС,3.0,0.17033231678953667,1,4,0,0,normal
2026-01-05T02:00:00,Водонагреватель,ГВС,3.0,0.26440278794732214,2,4,0,0,normal
2026-01-05T03:00:00,Водонагреватель,ГВС,3.0,0.620998875300352,3,4,0,0,normal
2026-01-05T04:00:00,Водонагреватель,ГВС,3.0,0.535311194856798,4,4,0,0,normal
2026-01-05T05:00:00,Водонагреватель,ГВС,3.0,0.8554436775811102,5,4,0,1,contextual
2026-01-05T06:00:00,Водонагреватель,ГВС,3.0,1.6793659917310246,6,4,0,1,contextual
2026-01-05T07:00:00,Водонагреватель,ГВС,3.0,2.45656644593141,7,4,0,1,contextual
2026-01-05T08:00:00,Водонагреватель,ГВС,3.0,2.587200611256472,8,4,0,1,contextual
2026-01-05T09:00:00,Водонагреватель,ГВС,3.0,1.125540018347014,9,4,0,1,contextual
2026-01-05T10:00:00,Водонагреватель,ГВС,3.0,0.6631647965583267,10,4,0,1,contextual
2026-01-05T11:00:00,Водонагреватель,ГВС,3.0,0.2824918809025643,11,4,0,1,contextual
2026-01-05T12:00:00,Водонагреватель,ГВС,3.0,0.6129509291052994,12,4,0,0,normal
2026-01-05T13:00:00,Водонагреватель,ГВС,3.0,0.446962814255227,13,4,0,0,normal
2026-01-05T14:00:00,Водонагреватель,ГВС,3.0,0.4123163522441461,14,4,0,0,normal
2026-01-05T15:00:00,Водонагреватель,ГВС,3.0,0.9586032174134217,15,4,0,0,normal
2026-01-05T16:00:00,Водонагреватель,ГВС,3.0,0.7964053530033787,16,4,0,0,normal
2026-01-05T17:00:00,Водонагреватель,ГВС,3.0,0.7910017482856662,17,4,0,0,normal
2026-01-05T18:00:00,Водонагреватель,ГВС,3.0,1.5889943959746538,18,4,0,0,normal
2026-01-05T19:00:00,Водонагреватель,ГВС,3.0,2.7727573076515246,19,4,0,0,normal
2026-01-05T20:00:00,Водонагреватель,ГВС,3.0,2.6756826557932563,20,4,0,0,normal
2026-01-05T21:00:00,Водонагреватель,ГВС,3.0,2.3530792997544103,21,4,0,0,normal
2026-01-05T22:00:00,Водонагреватель,ГВС,3.0,1.0883626894044258,22,4,0,0,normal
2026-01-05T23:00:00,Водонагреватель,ГВС,3.0,0.627224029668052,23,4,0,0,normal
2026-01-06T00:00:00,Водонагреватель,ГВС,3.0,0.19589210597605014,0,5,0,0,normal
2026-01-06T01:00:00,Водонагреватель,ГВС,3.0,0.4767024861047706,1,5,0,0,normal
2026-01-06T02:00:00,Водонагреватель,ГВС,3.0,0.4819382164059417,2,5,0,0,normal
2026-01-06T03:00:00,Водонагреватель,ГВС,3.0,0.4110302299455939,3,5,0,0,normal
2026-01-06T04:00:00,Водонагреватель,ГВС,3.0,0.30194776217612945,4,5,0,0,normal
2026-01-06T05:00:00,Водонагреватель,ГВС,3.0,0.6038578722007396,5,5,0,0,normal
2026-01-06T06:00:00,Водонагреватель,ГВС,3.0,2.100323382524239,6,5,0,0,normal
2026-01-06T07:00:00,Водонагреватель,ГВС,3.0,2.853478232920455,7,5,0,0,normal
2026-01-06T08:00:00,Водонагреватель,ГВС,3.0,2.7590983061241645,8,5,0,0,normal
2026-01-06T09:00:00,Водонагреватель,ГВС,3.0,1.5743484554491265,9,5,0,0,normal
2026-01-06T10:00:00,Водонагреватель,ГВС,3.0,0.6545428728643181,10,5,0,0,normal
2026-01-06T11:00:00,Водонагреватель,ГВС,3.0,0.5100108366863668,11,5,0,0,normal
2026-01-06T12:00:00,Водонагреватель,ГВС,3.0,0.6870424965802423,12,5,0,0,normal
2026-01-06T13:00:00,Водонагреватель,ГВС,3.0,0.5799357272514857,13,5,0,0,normal
2026-01-06T14:00:00,Водонагреватель,ГВС,3.0,0.5224573113962132,14,5,0,0,normal
2026-01-06T15:00:00,Водонагреватель,ГВС,3.0,0.8200319018299516,15,5,0,0,normal
2026-01-06T16:00:00,Водонагреватель,ГВС,3.0,0.9328980112594193,16,5,0,0,normal
2026-01-06T17:00:00,Водонагреватель,ГВС,3.0,1.107506659719321,17,5,0,0,normal
2026-01-06T18:00:00,Водонагреватель,ГВС,3.0,1.9795267915309442,18,5,0,0,normal
2026-01-06T19:00:00,Водонагреватель,ГВС,3.0,3.209762326138384,19,5,0,0,normal
2026-01-06T20:00:00,Водонагреватель,ГВС,3.0,3.4111376672195566,20,5,0,0,normal
2026-01-06T21:00:00,Водонагреватель,ГВС,3.0,2.196248834560208,21,5,0,0,normal
2026-01-06T22:00:00,Водонагреватель,ГВС,3.0,1.6561037452748697,22,5,0,0,normal
2026-01-06T23:00:00,Водонагреватель,ГВС,3.0,0.8095814219250596,23,5,0,0,normal
2026-01-07T00:00:00,Водонагреватель,ГВС,3.0,0.3153678322549103,0,6,0,0,normal
2026-01-07T01:00:00,Водонагреватель,ГВС,3.0,0.46480953430566885,1,6,0,0,normal
2026-01-07T02:00:00,Водонагреватель,ГВС,3.0,0.1755517436074606,2,6,0,0,normal
2026-01-07T03:00:00,Водонагреватель,ГВС,3.0,0.39615934060505004,3,6,0,0,normal
2026-01-07T04:00:00,Водонагреватель,ГВС,3.0,0.5109589217700224,4,6,0,0,normal
2026-01-07T05:00:00,Водонагреватель,ГВС,3.0,0.7096062232573833,5,6,0,0,normal
2026-01-07T06:00:00,Водонагреватель,ГВС,3.0,1.943383036097356,6,6,0,0,normal
2026-01-07T07:00:00,Водонагреватель,ГВС,3.0,3.19245112353125,7,6,0,0,normal
2026-01-07T08:00:00,Водонагреватель,ГВС,3.0,2.973809674778562,8,6,0,0,normal
2026-01-07T09:00:00,Водонагреватель,ГВС,3.0,1.6937509152280457,9,6,0,0,normal
2026-01-07T10:00:00,Водонагреватель,ГВС,3.0,0.8828186545906168,10,6,0,0,normal
2026-01-07T11:00:00,Водонагреватель,ГВС,3.0,0.800164854349716,11,6,0,0,normal
2026-01-07T12:00:00,Водонагреватель,ГВС,3.0,0.5734969599726258,12,6,0,0,normal
2026-01-07T13:00:00,Водонагреватель,ГВС,3.0,0.6504675503836392,13,6,0,0,normal
2026-01-07T14:00:00,Водонагреватель,ГВС,3.0,0.644905475480204,14,6,0,0,normal
2026-01-07T15:00:00,Водонагреватель,ГВС,3.0,0.6644566396694708,15,6,0,0,normal
2026-01-07T16:00:00,Водонагреватель,ГВС,3.0,0.9944991782409389,16,6,0,0,normal
2026-01-07T17:00:00,Водонагреватель,ГВС,3.0,1.4414462036750522,17,6,0,0,normal
2026-01-07T18:00:00,Водонагреватель,ГВС,3.0,1.9878420200382019,18,6,0,0,normal
2026-01-07T19:00:00,Водонагреватель,ГВС,3.0,3.252763401400751,19,6,0,0,normal
2026-01-07T20:00:00,Водонагреватель,ГВС,3.0,3.347291644047448,20,6,0,0,normal
2026-01-07T21:00:00,Водонагреватель,ГВС,3.0,2.726439778827894,21,6,0,0,normal
2026-01-07T22:00:00,Водонагреватель,ГВС,3.0,1.387675149118881,22,6,0,0,normal
2026-01-07T23:00:00,Водонагреватель,ГВС,3.0,0.9170271236348116,23,6,0,0,normal
2026-01-08T00:00:00,Водонагреватель,ГВС,3.0,0.31099925939156475,0,0,0,0,normal
2026-01-08T01:00:00,Водонагреватель,ГВС,3.0,0.3006727921404298,1,0,0,0,normal
2026-01-08T02:00:00,Водонагреватель,ГВС,3.0,0.24658324765061995,2,0,0,0,normal
2026-01-08T03:00:00,Водонагреватель,ГВС,3.0,0.38843947690379826,3,0,0,0,normal
2026-01-08T04:00:00,Водонагреватель,ГВС,3.0,0.20245630691437408,4,0,0,0,normal
2026-01-08T05:00:00,Водонагреватель,ГВС,3.0,0.7167076175130761,5,0,0,0,normal
2026-01-08T06:00:00,Водонагреватель,ГВС,3.0,1.8086493634341299,6,0,0,0,normal
2026-01-08T07:00:00,Водонагреватель,ГВС,3.0,2.646493597091965,7,0,0,0,normal
2026-01-08T08:00:00,Водонагреватель,ГВС,3.0,2.6700182058743303,8,0,0,0,normal
2026-01-08T09:00:00,Водонагреватель,ГВС,3.0,1.4293443380180098,9,0,0,0,normal
2026-01-08T10:00:00,Водонагреватель,ГВС,3.0,0.6489930084471677,10,0,0,0,normal
2026-01-08T11:00:00,Водонагреватель,ГВС,3.0,0.38848606385761136,11,0,0,0,normal
2026-01-08T12:00:00,Водонагреватель,ГВС,3.0,0.475729218730349,12,0,0,0,normal
2026-01-08T13:00:00,Водонагреватель,ГВС,3.0,0.5776844405782784,13,0,0,0,normal
2026-01-08T14:00:00,Водонагреватель,ГВС,3.0,0.487837685746238,14,0,0,0,normal
2026-01-08T15:00:00,Водонагреватель,ГВС,3.0,0.684542219018838,15,0,0,0,normal
2026-01-08T16:00:00,Водонагреватель,ГВС,3.0,0.9374746649057736,16,0,0,0,normal
2026-01-08T17:00:00,Водонагреватель,ГВС,3.0,0.7217194954750761,17,0,0,0,normal
2026-01-08T18:00:00,Водонагреватель,ГВС,3.0,1.7367602388341743,18,0,0,0,normal
2026-01-08T19:00:00,Водонагреватель,ГВС,3.0,2.6717350871799925,19,0,0,0,normal
2026-01-08T20:00:00,Водонагреватель,ГВС,3.0,2.745366456903059,20,0,0,0,normal
2026-01-08T21:00:00,Водонагреватель,ГВС,3.0,2.2466911567353365,21,0,0,0,normal
2026-01-08T22:00:00,Водонагреватель,ГВС,3.0,1.1609256316826007,22,0,0,0,normal
2026-01-08T23:00:00,Водонагреватель,ГВС,3.0,0.5861430693793743,23,0,0,0,normal
2026-01-09T00:00:00,Водонагреватель,ГВС,3.0,0.27736434511987945,0,1,0,0,normal
2026-01-09T01:00:00,Водонагреватель,ГВС,3.0,0.5532018952174667,1,1,0,0,normal
2026-01-09T02:00:00,Водонагреватель,ГВС,3.0,0.16902496743604686,2,1,0,0,normal
2026-01-09T03:00:00,Водонагреватель,ГВС,3.0,0.30471935927844856,3,1,0,0,normal
2026-01-09T04:00:00,Водонагреватель,ГВС,3.0,0.4336411607399316,4,1,0,0,normal
2026-01-09T05:00:00,Водонагреватель,ГВС,3.0,0.6853800254117981,5,1,0,0,normal
2026-01-09T06:00:00,Водонагреватель,ГВС,3.0,1.7254590852140215,6,1,0,0,normal
2026-01-09T07:00:00,Водонагреватель,ГВС,3.0,2.6841395988681396,7,1,0,0,normal
2026-01-09T08:00:00,Водонагреватель,ГВС,3.0,2.279306878895076,8,1,0,0,normal
2026-01-09T09:00:00,Водонагреватель,ГВС,3.0,1.363462127859952,9,1,0,0,normal
2026-01-09T10:00:00,Водонагреватель,ГВС,3.0,0.7169477555753202,10,1,0,0,normal
2026-01-09T11:00:00,Водонагреватель,ГВС,3.0,0.3948695491823752,11,1,0,0,normal
2026-01-09T12:00:00,Водонагреватель,ГВС,3.0,0.33358937395700966,12,1,0,0,normal
2026-01-09T13:00:00,Водонагреватель,ГВС,3.0,0.4783469499786148,13,1,0,0,normal
2026-01-09T14:00:00,Водонагреватель,ГВС,3.0,0.3717033438056809,14,1,0,0,normal
2026-01-09T15:00:00,Водонагреватель,ГВС,3.0,0.4948736876429503,15,1,0,0,normal
2026-01-09T16:00:00,Водонагреватель,ГВС,3.0,0.8084214040643757,16,1,0,0,normal
2026-01-09T17:00:00,Водонагреватель,ГВС,3.0,1.0717023074986936,17,1,0,0,normal
2026-01-09T18:00:00,Водонагреватель,ГВС,3.0,1.6703813016080749,18,1,0,0,normal
2026-01-09T19:00:00,Водонагреватель,ГВС,3.0,2.553591887497512,19,1,0,0,normal
2026-01-09T20:00:00,Водонагреватель,ГВС,3.0,2.7071522556408416,20,1,0,0,normal
2026-01-09T21:00:00,Водонагреватель,ГВС,3.0,2.3349664979116986,21,1,0,0,normal
2026-01-09T22:00:00,Водонагреватель,ГВС,3.0,1.130636284426699,22,1,0,0,normal
2026-01-09T23:00:00,Водонагреватель,ГВС,3.0,0.4917350438057967,23,1,0,0,normal
2026-01-10T00:00:00,Водонагреватель,ГВС,3.0,0.38098674955723244,0,2,0,0,normal
2026-01-10T01:00:00,Водонагреватель,ГВС,3.0,0.3466392694307001,1,2,0,0,normal
2026-01-10T02:00:00,Водонагреватель,ГВС,3.0,0.45624215519011435,2,2,0,0,normal
2026-01-10T03:00:00,Водонагреватель,ГВС,3.0,0.36220487399863716,3,2,0,0,normal
2026-01-10T04:00:00,Водонагреватель,ГВС,3.0,0.20796137327492947,4,2,0,0,normal
2026-01-10T05:00:00,Водонагреватель,ГВС,3.0,0.7684001599092634,5,2,0,0,normal
2026-01-10T06:00:00,Водонагреватель,ГВС,3.0,1.71568649244673,6,2,0,0,normal
2026-01-10T07:00:00,Водонагреватель,ГВС,3.0,2.7338747053070946,7,2,0,0,normal
2026-01-10T08:00:00,Водонагреватель,ГВС,3.0,2.4727876142299574,8,2,0,0,normal
2026-01-10T09:00:00,Водонагреватель,ГВС,3.0,1.394080006474641,9,2,0,0,normal
2026-01-10T10:00:00,Водонагреватель,ГВС,3.0,0.5986250686977921,10,2,0,0,normal
2026-01-10T11:00:00,Водонагреватель,ГВС,3.0,0.5201973957443019,11,2,0,0,normal
2026-01-10T12:00:00,Водонагреватель,ГВС,3.0,0.4299466076586983,12,2,0,0,normal
2026-01-10T13:00:00,Водонагреватель,ГВС,3.0,0.49321582379374646,13,2,0,0,normal
2026-01-10T14:00:00,Водонагреватель,ГВС,3.0,0.5364212832769076,14,2,0,0,normal
2026-01-10T15:00:00,Водонагреватель,ГВС,3.0,0.5693027893547236,15,2,0,0,normal
2026-01-10T16:00:00,Водонагреватель,ГВС,3.0,0.7482204863807038,16,2,0,0,normal
2026-01-10T17:00:00,Водонагреватель,ГВС,3.0,1.1371607932007948,17,2,0,0,normal
2026-01-10T18:00:00,Водонагреватель,ГВС,3.0,1.7167546647675136,18,2,0,0,normal
2026-01-10T19:00:00,Водонагреватель,ГВС,3.0,2.982083587532754,19,2,0,0,normal
2026-01-10T20:00:00,Водонагреватель,ГВС,3.0,2.82573868255675,20,2,0,0,normal
2026-01-10T21:00:00,Водонагреватель,ГВС,3.0,2.014097683611425,21,2,0,0,normal
2026-01-10T22:00:00,Водонагреватель,ГВС,3.0,1.0150783208433296,22,2,0,0,normal
2026-01-10T23:00:00,Водонагреватель,ГВС,3.0,0.7927063364375884,23,2,0,0,normal
2026-01-11T00:00:00,Водонагреватель,ГВС,3.0,0.25771211465173266,0,3,0,0,normal
2026-01-11T01:00:00,Водонагреватель,ГВС,3.0,0.1747458246963532,1,3,0,0,normal
2026-01-11T02:00:00,Водонагреватель,ГВС,3.0,0.5122413391831495,2,3,0,0,normal
2026-01-11T03:00:00,Водонагреватель,ГВС,3.0,0.26678143196180437,3,3,0,0,normal
2026-01-11T04:00:00,Водонагреватель,ГВС,3.0,0.22344085258968507,4,3,0,0,normal
2026-01-11T05:00:00,Водонагреватель,ГВС,3.0,0.7107185458868536,5,3,0,0,normal
2026-01-11T06:00:00,Водонагреватель,ГВС,3.0,1.889151403328273,6,3,0,0,normal
2026-01-11T07:00:00,Водонагреватель,ГВС,3.0,2.7080215150507803,7,3,0,0,normal
2026-01-11T08:00:00,Водонагреватель,ГВС,3.0,2.536402951609662,8,3,0,0,normal
2026-01-11T09:00:00,Водонагреватель,ГВС,3.0,1.1613976222011297,9,3,0,0,normal
2026-01-11T10:00:00,Водонагреватель,ГВС,3.0,0.4837365665378735,10,3,0,0,normal
2026-01-11T11:00:00,Водонагреватель,ГВС,3.0,0.5691935987569151,11,3,0,0,normal
2026-01-11T12:00:00,Водонагреватель,ГВС,3.0,0.5175532346170765,12,3,0,0,normal
2026-01-11T13:00:00,Водонагреватель,ГВС,3.0,0.4305543203414743,13,3,0,0,normal
2026-01-11T14:00:00,Водонагреватель,ГВС,3.0,0.11153985009613294,14,3,0,0,normal
2026-01-11T15:00:00,Водонагреватель,ГВС,3.0,0.5462360660418518,15,3,0,0,normal
2026-01-11T16:00:00,Водонагреватель,ГВС,3.0,0.7648617256726812,16,3,0,0,normal
2026-01-11T17:00:00,Водонагреватель,ГВС,3.0,1.1094823074749858,17,3,0,0,normal
2026-01-11T18:00:00,Водонагреватель,ГВС,3.0,1.7834504981427368,18,3,0,0,normal
2026-01-11T19:00:00,Водонагреватель,ГВС,3.0,2.8934661734197493,19,3,0,0,normal
2026-01-11T20:00:00,Водонагреватель,ГВС,3.0,2.566111541595486,20,3,0,0,normal
2026-01-11T21:00:00,Водонагреватель,ГВС,3.0,2.106228824928946,21,3,0,0,normal
2026-01-11T22:00:00,Водонагреватель,ГВС,3.0,1.3053194468400326,22,3,0,0,normal
2026-01-11T23:00:00,Водонагреватель,ГВС,3.0,0.4662720891932334,23,3,0,0,normal
2026-01-12T00:00:00,Водонагреватель,ГВС,3.0,0.3130539371553182,0,4,0,0,normal
2026-01-12T01:00:00,Водонагреватель,ГВС,3.0,0.3506489568543725,1,4,0,0,normal
2026-01-12T02:00:00,Водонагреватель,ГВС,3.0,0.3698164091577814,2,4,0,0,normal
2026-01-12T03:00:00,Водонагреватель,ГВС,3.0,0.42852590420276726,3,4,0,0,normal
2026-01-12T04:00:00,Водонагреватель,ГВС,3.0,0.08926767781550572,4,4,0,0,normal
2026-01-12T05:00:00,Водонагреватель,ГВС,3.0,0.45848074583157644,5,4,0,0,normal
2026-01-12T06:00:00,Водонагреватель,ГВС,3.0,1.8513716638914612,6,4,0,0,normal
2026-01-12T07:00:00,Водонагреватель,ГВС,3.0,2.6868764962542175,7,4,0,0,normal
2026-01-12T08:00:00,Водонагреватель,ГВС,3.0,2.396544598454823,8,4,0,0,normal
2026-01-12T09:00:00,Водонагреватель,ГВС,3.0,1.1858796022044065,9,4,0,0,normal
2026-01-12T10:00:00,Водонагреватель,ГВС,3.0,0.5729229783340581,10,4,0,0,normal
2026-01-12T11:00:00,Водонагреватель,ГВС,3.0,0.5665340589788895,11,4,0,0,normal
2026-01-12T12:00:00,Водонагреватель,ГВС,3.0,0.5107264202034709,12,4,0,0,normal
2026-01-12T13:00:00,Водонагреватель,ГВС,3.0,0.6017716869558294,13,4,0,0,normal
2026-01-12T14:00:00,Водонагреватель,ГВС,3.0,0.5157067603072518,14,4,0,0,normal
2026-01-12T15:00:00,Водонагреватель,ГВС,3.0,0.967014693170157,15,4,0,0,normal
2026-01-12T16:00:00,Водонагреватель,ГВС,3.0,0.744466404212074,16,4,0,0,normal
2026-01-12T17:00:00,Водонагреватель,ГВС,3.0,0.9369405518830247,17,4,0,0,normal
2026-01-12T18:00:00,Водонагреватель,ГВС,3.0,1.7505092585947992,18,4,0,0,normal
2026-01-12T19:00:00,Водонагреватель,ГВС,3.0,2.8450896659571643,19,4,0,0,normal
2026-01-12T20:00:00,Водонагреватель,ГВС,3.0,3.141579692699737,20,4,0,0,normal
2026-01-12T21:00:00,Водонагреватель,ГВС,3.0,2.2398944124886015,21,4,0,0,normal
2026-01-12T22:00:00,Водонагреватель,ГВС,3.0,1.303104357305085,22,4,0,0,normal
2026-01-12T23:00:00,Водонагреватель,ГВС,3.0,0.7986142262435393,23,4,0,0,normal
2026-01-13T00:00:00,Водонагреватель,ГВС,3.0,0.2890316065314932,0,5,0,0,normal
2026-01-13T01:00:00,Водонагреватель,ГВС,3.0,0.3240710873463937,1,5,0,0,normal
2026-01-13T02:00:00,Водонагреватель,ГВС,3.0,0.007816748483165345,2,5,0,0,normal
2026-01-13T03:00:00,Водонагреватель,ГВС,3.0,0.41074002755990013,3,5,0,0,normal
2026-01-13T04:00:00,Водонагреватель,ГВС,3.0,0.27014341668195485,4,5,0,0,normal
2026-01-13T05:00:00,Водонагреватель,ГВС,3.0,0.8239371791534762,5,5,0,0,normal
2026-01-13T06:00:00,Водонагреватель,ГВС,3.0,2.17744147462068,6,5,0,0,normal
2026-01-13T07:00:00,Водонагреватель,ГВС,3.0,2.920593050248202,7,5,0,0,normal
2026-01-13T08:00:00,Водонагреватель,ГВС,3.0,2.8861135507476603,8,5,0,0,normal
2026-01-13T09:00:00,Водонагреватель,ГВС,3.0,1.4260922311445545,9,5,0,0,normal
2026-01-13T10:00:00,Водонагреватель,ГВС,3.0,0.6942154536358648,10,5,0,0,normal
2026-01-13T11:00:00,Водонагреватель,ГВС,3.0,0.5189186053477217,11,5,0,0,normal
2026-01-13T12:00:00,Водонагреватель,ГВС,3.0,0.5761929713605266,12,5,0,0,normal
2026-01-13T13:00:00,Водонагреватель,ГВС,3.0,0.5576109122654113,13,5,0,0,normal
2026-01-13T14:00:00,Водонагреватель,ГВС,3.0,0.52746231886043,14,5,0,0,normal
2026-01-13T15:00:00,Водонагреватель,ГВС,3.0,0.7814230948653635,15,5,0,0,normal
2026-01-13T16:00:00,Водонагреватель,ГВС,3.0,0.9157476270998723,16,5,0,0,normal
2026-01-13T17:00:00,Водонагреватель,ГВС,3.0,1.10485899782903,17,5,0,0,normal
2026-01-13T18:00:00,Водонагреватель,ГВС,3.0,2.0040704037201107,18,5,0,0,normal
2026-01-13T19:00:00,Водонагреватель,ГВС,3.0,3.0161341904450536,19,5,0,0,normal
2026-01-13T20:00:00,Водонагреватель,ГВС,3.0,3.1491258444893684,20,5,0,0,normal
2026-01-13T21:00:00,Водонагреватель,ГВС,3.0,2.5078438719844582,21,5,0,0,normal
2026-01-13T22:00:00,Водонагреватель,ГВС,3.0,1.3703790789593144,22,5,0,0,normal
2026-01-13T23:00:00,Водонагреватель,ГВС,3.0,0.8664999287865964,23,5,0,0,normal
2026-01-14T00:00:00,Водонагреватель,ГВС,3.0,0.40745484013600874,0,6,0,0,normal
2026-01-14T01:00:00,Водонагреватель,ГВС,3.0,0.18898070730452188,1,6,0,0,normal
2026-01-14T02:00:00,Водонагреватель,ГВС,3.0,0.45076975655132734,2,6,0,0,normal
2026-01-14T03:00:00,Водонагреватель,ГВС,3.0,0.35016130731116485,3,6,0,0,normal
2026-01-14T04:00:00,Водонагреватель,ГВС,3.0,0.4174010794991276,4,6,0,0,normal
2026-01-14T05:00:00,Водонагреватель,ГВС,3.0,0.6786628596987477,5,6,0,0,normal
2026-01-14T06:00:00,Водонагреватель,ГВС,3.0,2.2620994825408682,6,6,0,0,normal
2026-01-14T07:00:00,Водонагреватель,ГВС,3.0,3.2513685492316298,7,6,0,0,normal
2026-01-14T08:00:00,Водонагреватель,ГВС,3.0,2.8630747413142443,8,6,0,0,normal
2026-01-14T09:00:00,Водонагреватель,ГВС,3.0,1.589085543800958,9,6,0,0,normal
2026-01-14T10:00:00,Водонагреватель,ГВС,3.0,0.6711701915943796,10,6,0,0,normal
2026-01-14T11:00:00,Водонагреватель,ГВС,3.0,0.44624381944065494,11,6,0,0,normal
2026-01-14T12:00:00,Водонагреватель,ГВС,3.0,0.5116446388260485,12,6,0,0,normal
2026-01-14T13:00:00,Водонагреватель,ГВС,3.0,0.5822180202560097,13,6,0,0,normal
2026-01-14T14:00:00,Водонагреватель,ГВС,3.0,0.36577251497038743,14,6,0,0,normal
2026-01-14T15:00:00,Водонагреватель,ГВС,3.0,0.9610017284322648,15,6,0,0,normal
2026-01-14T16:00:00,Водонагреватель,ГВС,3.0,1.0414783528461309,16,6,0,0,normal
2026-01-14T17:00:00,Водонагреватель,ГВС,3.0,1.0217641415332823,17,6,0,0,normal
2026-01-14T18:00:00,Водонагреватель,ГВС,3.0,2.06986216814831,18,6,0,0,normal
2026-01-14T19:00:00,Водонагреватель,ГВС,3.0,3.389192468898896,19,6,0,0,normal
2026-01-14T20:00:00,Водонагреватель,ГВС,3.0,3.3116284586449964,20,6,0,0,normal
2026-01-14T21:00:00,Водонагреватель,ГВС,3.0,2.586592342302969,21,6,0,0,normal
2026-01-14T22:00:00,Водонагреватель,ГВС,3.0,1.6890103694466092,22,6,0,0,normal
2026-01-14T23:00:00,Водонагреватель,ГВС,3.0,0.8651667564251261,23,6,0,0,normal
2026-01-15T00:00:00,Водонагреватель,ГВС,3.0,0.16849337016013408,0,0,0,0,normal
2026-01-15T01:00:00,Водонагреватель,ГВС,3.0,0.38871163227055283,1,0,0,0,normal
2026-01-15T02:00:00,Водонагреватель,ГВС,3.0,0.40855484095702077,2,0,0,0,normal
2026-01-15T03:00:00,Водонагреватель,ГВС,3.0,0.3381459082857667,3,0,0,0,normal
2026-01-15T04:00:00,Водонагреватель,ГВС,3.0,0.4135012892834924,4,0,0,0,normal
2026-01-15T05:00:00,Водонагреватель,ГВС,3.0,0.5138385942119331,5,0,0,0,normal
2026-01-15T06:00:00,Водонагреватель,ГВС,3.0,2.1479948656655568,6,0,0,0,normal
2026-01-15T07:00:00,Водонагреватель,ГВС,3.0,2.619829303068357,7,0,0,0,normal
2026-01-15T08:00:00,Водонагреватель,ГВС,3.0,2.378777686613036,8,0,0,0,normal
2026-01-15T09:00:00,Водонагреватель,ГВС,3.0,1.2531702214431004,9,0,0,0,normal
2026-01-15T10:00:00,Водонагреватель,ГВС,3.0,0.40355531680849366,10,0,0,0,normal
2026-01-15T11:00:00,Водонагреватель,ГВС,3.0,0.32389540423790103,11,0,0,0,normal
2026-01-15T12:00:00,Водонагреватель,ГВС,3.0,0.30284847659947783,12,0,0,0,normal
2026-01-15T13:00:00,Водонагреватель,ГВС,3.0,0.554005597656312,13,0,0,0,normal
2026-01-15T14:00:00,Водонагреватель,ГВС,3.0,0.6734725707043531,14,0,0,0,normal
2026-01-15T15:00:00,Водонагреватель,ГВС,3.0,0.6779286215236846,15,0,0,0,normal
2026-01-15T16:00:00,Водонагреватель,ГВС,3.0,0.8900646548950215,16,0,0,0,normal
2026-01-15T17:00:00,Водонагреватель,ГВС,3.0,0.8535658114949365,17,0,0,0,normal
2026-01-15T18:00:00,Водонагреватель,ГВС,3.0,1.798233433928045,18,0,0,0,normal
2026-01-15T19:00:00,Водонагреватель,ГВС,3.0,2.647783436311601,19,0,0,0,normal
2026-01-15T20:00:00,Водонагреватель,ГВС,3.0,3.127235359712616,20,0,0,0,normal
2026-01-15T21:00:00,Водонагреватель,ГВС,3.0,2.3631615737353022,21,0,0,0,normal
2026-01-15T22:00:00,Водонагреватель,ГВС,3.0,1.1905213035132938,22,0,0,0,normal
2026-01-15T23:00:00,Водонагреватель,ГВС,3.0,0.6187071549737769,23,0,0,0,normal
2026-01-16T00:00:00,Водонагреватель,ГВС,3.0,0.04681529638194191,0,1,0,0,normal
2026-01-16T01:00:00,Водонагреватель,ГВС,3.0,0.43674039616091337,1,1,0,0,normal
2026-01-16T02:00:00,Водонагреватель,ГВС,3.0,0.5597913796366433,2,1,0,0,normal
2026-01-16T03:00:00,Водонагреватель,ГВС,3.0,0.3427491541675409,3,1,0,0,normal
2026-01-16T04:00:00,Водонагреватель,ГВС,3.0,0.40708419741416774,4,1,0,0,normal
2026-01-16T05:00:00,Водонагреватель,ГВС,3.0,0.5306463733548763,5,1,0,0,normal
2026-01-16T06:00:00,Водонагреватель,ГВС,3.0,1.951816477912467,6,1,0,0,normal
2026-01-16T07:00:00,Водонагреватель,ГВС,3.0,2.604264686235467,7,1,0,0,normal
2026-01-16T08:00:00,Водонагреватель,ГВС,3.0,2.6049448819113734,8,1,0,1,point_outlier
2026-01-16T09:00:00,Водонагреватель,ГВС,3.0,1.1241696545100957,9,1,0,1,point_outlier
2026-01-16T10:00:00,Водонагреватель,ГВС,3.0,0.5651767240397908,10,1,0,1,point_outlier
2026-01-16T11:00:00,Водонагреватель,ГВС,3.0,0.3753351619334142,11,1,0,0,normal
2026-01-16T12:00:00,Водонагреватель,ГВС,3.0,0.5596516182835453,12,1,0,0,normal
2026-01-16T13:00:00,Водонагреватель,ГВС,3.0,0.16873523882467265,13,1,0,0,normal
2026-01-16T14:00:00,Водонагреватель,ГВС,3.0,0.7215275130436145,14,1,0,0,normal
2026-01-16T15:00:00,Водонагреватель,ГВС,3.0,0.8989552270402036,15,1,0,0,normal
2026-01-16T16:00:00,Водонагреватель,ГВС,3.0,0.7173612199326526,16,1,0,0,normal
2026-01-16T17:00:00,Водонагреватель,ГВС,3.0,0.7331206094254227,17,1,0,0,normal
2026-01-16T18:00:00,Водонагреватель,ГВС,3.0,1.9759405588831462,18,1,0,0,normal
2026-01-16T19:00:00,Водонагреватель,ГВС,3.0,2.6850229832531736,19,1,0,0,normal
2026-01-16T20:00:00,Водонагреватель,ГВС,3.0,2.761011858985295,20,1,0,0,normal
2026-01-16T21:00:00,Водонагреватель,ГВС,3.0,2.163293548368713,21,1,0,0,normal
2026-01-16T22:00:00,Водонагреватель,ГВС,3.0,1.2365651126657613,22,1,0,0,normal
2026-01-16T23:00:00,Водонагреватель,ГВС,3.0,0.816087665387014,23,1,0,0,normal
2026-01-17T00:00:00,Водонагреватель,ГВС,3.0,0.3131219068441528,0,2,0,0,normal
2026-01-17T01:00:00,Водонагреватель,ГВС,3.0,0.3342742181273871,1,2,0,0,normal
2026-01-17T02:00:00,Водонагреватель,ГВС,3.0,0.36868803249920395,2,2,0,0,normal
2026-01-17T03:00:00,Водонагреватель,ГВС,3.0,0.35471610941039433,3,2,0,0,normal
2026-01-17T04:00:00,Водонагреватель,ГВС,3.0,0.18591501583787826,4,2,0,0,normal
2026-01-17T05:00:00,Водонагреватель,ГВС,3.0,0.6563980836294302,5,2,0,0,normal
2026-01-17T06:00:00,Водонагреватель,ГВС,3.0,1.7048943556055063,6,2,0,0,normal
2026-01-17T07:00:00,Водонагреватель,ГВС,3.0,2.7468602431425224,7,2,0,0,normal
2026-01-17T08:00:00,Водонагреватель,ГВС,3.0,2.406508602960505,8,2,0,0,normal
2026-01-17T09:00:00,Водонагреватель,ГВС,3.0,1.2312166188299598,9,2,0,0,normal
2026-01-17T10:00:00,Водонагреватель,ГВС,3.0,0.6771179678845667,10,2,0,0,normal
2026-01-17T11:00:00,Водонагреватель,ГВС,3.0,0.2100599387917942,11,2,0,0,normal
2026-01-17T12:00:00,Водонагреватель,ГВС,3.0,0.3441787205088191,12,2,0,0,normal
2026-01-17T13:00:00,Водонагреватель,ГВС,3.0,0.40116268569688474,13,2,0,0,normal
2026-01-17T14:00:00,Водонагреватель,ГВС,3.0,0.4466085585111657,14,2,0,0,normal
2026-01-17T15:00:00,Водонагреватель,ГВС,3.0,0.672589186351571,15,2,0,0,normal
2026-01-17T16:00:00,Водонагреватель,ГВС,3.0,0.8452098009559789,16,2,0,0,normal
2026-01-17T17:00:00,Водонагреватель,ГВС,3.0,1.0899340559301975,17,2,0,0,normal
2026-01-17T18:00:00,Водонагреватель,ГВС,3.0,1.761961978431366,18,2,0,0,normal
2026-01-17T19:00:00,Водонагреватель,ГВС,3.0,2.6930780007250354,19,2,0,0,normal
2026-01-17T20:00:00,Водонагреватель,ГВС,3.0,2.7284070110041507,20,2,0,0,normal
2026-01-17T21:00:00,Водонагреватель,ГВС,3.0,2.2154662677952066,21,2,0,0,normal
2026-01-17T22:00:00,Водонагреватель,ГВС,3.0,1.354623305047178,22,2,0,0,normal
2026-01-17T23:00:00,Водонагреватель,ГВС,3.0,0.6485148451126933,23,2,0,0,normal
2026-01-18T00:00:00,Водонагреватель,ГВС,3.0,0.4314684704376056,0,3,0,0,normal
2026-01-18T01:00:00,Водонагреватель,ГВС,3.0,0.5633467720104856,1,3,0,0,normal
2026-01-18T02:00:00,Водонагреватель,ГВС,3.0,0.09208606103278133,2,3,0,0,normal
2026-01-18T03:00:00,Водонагреватель,ГВС,3.0,0.2658549875024029,3,3,0,0,normal
2026-01-18T04:00:00,Водонагреватель,ГВС,3.0,0.3828085642086856,4,3,0,0,normal
2026-01-18T05:00:00,Водонагреватель,ГВС,3.0,0.9617781043129688,5,3,0,0,normal
2026-01-18T06:00:00,Водонагреватель,ГВС,3.0,1.6994227711403604,6,3,0,0,normal
2026-01-18T07:00:00,Водонагреватель,ГВС,3.0,2.5924357394603796,7,3,0,0,normal
2026-01-18T08:00:00,Водонагреватель,ГВС,3.0,2.5581124190917075,8,3,0,0,normal
2026-01-18T09:00:00,Водонагреватель,ГВС,3.0,1.3856855386623728,9,3,0,0,normal
2026-01-18T10:00:00,Водонагреватель,ГВС,3.0,0.38451705367641975,10,3,0,0,normal
2026-01-18T11:00:00,Водонагреватель,ГВС,3.0,0.38017384120905295,11,3,0,0,normal
2026-01-18T12:00:00,Водонагреватель,ГВС,3.0,0.4742245114158663,12,3,0,0,normal
2026-01-18T13:00:00,Водонагреватель,ГВС,3.0,0.309786105193641,13,3,0,0,normal
2026-01-18T14:00:00,Водонагреватель,ГВС,3.0,0.3534354805301025,14,3,0,0,normal
2026-01-18T15:00:00,Водонагреватель,ГВС,3.0,0.9053969844144715,15,3,0,0,normal
2026-01-18T16:00:00,Водонагреватель,ГВС,3.0,0.7738877548494681,16,3,0,0,normal
2026-01-18T17:00:00,Водонагреватель,ГВС,3.0,1.0006189568382158,17,3,0,0,normal
2026-01-18T18:00:00,Водонагреватель,ГВС,3.0,1.7050804584320969,18,3,0,0,normal
2026-01-18T19:00:00,Водонагреватель,ГВС,3.0,2.740463503679659,19,3,0,0,normal
2026-01-18T20:00:00,Водонагреватель,ГВС,3.0,2.6915832603722407,20,3,0,0,normal
2026-01-18T21:00:00,Водонагреватель,ГВС,3.0,2.206846970489428,21,3,0,0,normal
2026-01-18T22:00:00,Водонагреватель,ГВС,3.0,1.6542265805958931,22,3,0,0,normal
2026-01-18T23:00:00,Водонагреватель,ГВС,3.0,0.5653606290232065,23,3,0,0,normal
2026-01-19T00:00:00,Водонагреватель,ГВС,3.0,0.5455183865169746,0,4,0,0,normal
2026-01-19T01:00:00,Водонагреватель,ГВС,3.0,0.18081021237042008,1,4,0,0,normal
2026-01-19T02:00:00,Водонагреватель,ГВС,3.0,0.5526468815427077,2,4,0,0,normal
2026-01-19T03:00:00,Водонагреватель,ГВС,3.0,0.2732268726409047,3,4,0,0,normal
2026-01-19T04:00:00,Водонагреватель,ГВС,3.0,0.38755808374775463,4,4,0,0,normal
2026-01-19T05:00:00,Водонагреватель,ГВС,3.0,0.6361763423720531,5,4,0,0,normal
2026-01-19T06:00:00,Водонагреватель,ГВС,3.0,2.014859703064975,6,4,0,0,normal
2026-01-19T07:00:00,Водонагреватель,ГВС,3.0,2.64383293314555,7,4,0,0,normal
2026-01-19T08:00:00,Водонагреватель,ГВС,3.0,2.3508640789844435,8,4,0,0,normal
2026-01-19T09:00:00,Водонагреватель,ГВС,3.0,0.9910516850259057,9,4,0,0,normal
2026-01-19T10:00:00,Водонагреватель,ГВС,3.0,0.7598550230575158,10,4,0,0,normal
2026-01-19T11:00:00,Водонагреватель,ГВС,3.0,0.27057103584771564,11,4,0,0,normal
2026-01-19T12:00:00,Водонагреватель,ГВС,3.0,0.34325025829259487,12,4,0,0,normal
2026-01-19T13:00:00,Водонагреватель,ГВС,3.0,0.3713638967840239,13,4,0,0,normal
2026-01-19T14:00:00,Водонагреватель,ГВС,3.0,0.37311108586612735,14,4,0,0,normal
2026-01-19T15:00:00,Водонагреватель,ГВС,3.0,0.5960490966489038,15,4,0,0,normal
2026-01-19T16:00:00,Водонагреватель,ГВС,3.0,0.7842703174052986,16,4,0,0,normal
2026-01-19T17:00:00,Водонагреватель,ГВС,3.0,0.8607376606303908,17,4,0,0,normal
2026-01-19T18:00:00,Водонагреватель,ГВС,3.0,1.8454594637904211,18,4,0,0,normal
2026-01-19T19:00:00,Водонагреватель,ГВС,3.0,2.645103109227888,19,4,0,0,normal
2026-01-19T20:00:00,Водонагреватель,ГВС,3.0,2.8745983445088448,20,4,0,1,stuck
2026-01-19T21:00:00,Водонагреватель,ГВС,3.0,2.0998893102570175,21,4,0,1,stuck
2026-01-19T22:00:00,Водонагреватель,ГВС,3.0,1.2347654948468347,22,4,0,1,stuck
2026-01-19T23:00:00,Водонагреватель,ГВС,3.0,0.5604122539399908,23,4,0,1,stuck
2026-01-20T00:00:00,Водонагреватель,ГВС,3.0,0.15826605557765602,0,5,0,1,stuck
2026-01-20T01:00:00,Водонагреватель,ГВС,3.0,0.20649129539757852,1,5,0,1,stuck
2026-01-20T02:00:00,Водонагреватель,ГВС,3.0,0.26950839731231463,2,5,0,1,stuck
2026-01-20T03:00:00,Водонагреватель,ГВС,3.0,0.40475916688100094,3,5,0,1,stuck
2026-01-20T04:00:00,Водонагреватель,ГВС,3.0,0.3713726780258714,4,5,0,1,stuck
2026-01-20T05:00:00,Водонагреватель,ГВС,3.0,0.6692099914990238,5,5,0,1,stuck
2026-01-20T06:00:00,Водонагреватель,ГВС,3.0,2.2142835615290526,6,5,0,1,stuck
2026-01-20T07:00:00,Водонагреватель,ГВС,3.0,2.9410389516264437,7,5,0,1,stuck
2026-01-20T08:00:00,Водонагреватель,ГВС,3.0,2.7121859776360835,8,5,0,1,stuck
2026-01-20T09:00:00,Водонагреватель,ГВС,3.0,1.4543419729568718,9,5,0,1,stuck
2026-01-20T10:00:00,Водонагреватель,ГВС,3.0,0.859254017837188,10,5,0,1,stuck
2026-01-20T11:00:00,Водонагреватель,ГВС,3.0,0.5824475388729494,11,5,0,1,stuck
2026-01-20T12:00:00,Водонагреватель,ГВС,3.0,0.4595296078185522,12,5,0,1,stuck
2026-01-20T13:00:00,Водонагреватель,ГВС,3.0,0.5189511701421332,13,5,0,1,stuck
2026-01-20T14:00:00,Водонагреватель,ГВС,3.0,0.7998596137945186,14,5,0,1,stuck
2026-01-20T15:00:00,Водонагреватель,ГВС,3.0,0.5379707686196059,15,5,0,1,stuck
2026-01-20T16:00:00,Водонагреватель,ГВС,3.0,0.8936232083012671,16,5,0,0,normal
2026-01-20T17:00:00,Водонагреватель,ГВС,3.0,0.7981346116132426,17,5,0,0,normal
2026-01-20T18:00:00,Водонагреватель,ГВС,3.0,1.8565306857220283,18,5,0,0,normal
2026-01-20T19:00:00,Водонагреватель,ГВС,3.0,2.994243714496532,19,5,0,0,normal
2026-01-20T20:00:00,Водонагреватель,ГВС,3.0,3.2054906154681784,20,5,0,0,normal
2026-01-20T21:00:00,Водонагреватель,ГВС,3.0,2.4526142804185462,21,5,0,0,normal
2026-01-20T22:00:00,Водонагреватель,ГВС,3.0,1.4850921141341786,22,5,0,0,normal
2026-01-20T23:00:00,Водонагреватель,ГВС,3.0,0.41889261142908873,23,5,0,0,normal
2026-01-21T00:00:00,Водонагреватель,ГВС,3.0,0.3633725094692623,0,6,0,0,normal
2026-01-21T01:00:00,Водонагреватель,ГВС,3.0,0.5187795637914541,1,6,0,0,normal
2026-01-21T02:00:00,Водонагреватель,ГВС,3.0,0.3321569619272952,2,6,0,0,normal
2026-01-21T03:00:00,Водонагреватель,ГВС,3.0,0.24213111959986,3,6,0,0,normal
2026-01-21T04:00:00,Водонагреватель,ГВС,3.0,0.14018940526254603,4,6,0,0,normal
2026-01-21T05:00:00,Водонагреватель,ГВС,3.0,0.5636292896884487,5,6,0,0,normal
2026-01-21T06:00:00,Водонагреватель,ГВС,3.0,2.2232322494593104,6,6,0,0,normal
2026-01-21T07:00:00,Водонагреватель,ГВС,3.0,2.986099864325303,7,6,0,0,normal
2026-01-21T08:00:00,Водонагреватель,ГВС,3.0,2.8464165428793806,8,6,0,0,normal
2026-01-21T09:00:00,Водонагреватель,ГВС,3.0,1.5518898292483614,9,6,0,0,normal
2026-01-21T10:00:00,Водонагреватель,ГВС,3.0,0.5190857202439276,10,6,0,0,normal
2026-01-21T11:00:00,Водонагреватель,ГВС,3.0,0.6580312835109082,11,6,0,0,normal
2026-01-21T12:00:00,Водонагреватель,ГВС,3.0,0.580969221849448,12,6,0,0,normal
2026-01-21T13:00:00,Водонагреватель,ГВС,3.0,0.4816333103380983,13,6,0,0,normal
2026-01-21T14:00:00,Водонагреватель,ГВС,3.0,0.32075494410432487,14,6,0,0,normal
2026-01-21T15:00:00,Водонагреватель,ГВС,3.0,0.663436631688796,15,6,0,0,normal
2026-01-21T16:00:00,Водонагреватель,ГВС,3.0,0.9508708753347945,16,6,0,0,normal
2026-01-21T17:00:00,Водонагреватель,ГВС,3.0,0.8627778121655898,17,6,0,0,normal
2026-01-21T18:00:00,Водонагреватель,ГВС,3.0,1.96206393353721,18,6,0,0,normal
2026-01-21T19:00:00,Водонагреватель,ГВС,3.0,3.081304954866764,19,6,0,0,normal
2026-01-21T20:00:00,Водонагреватель,ГВС,3.0,2.9650338840438555,20,6,0,0,normal
2026-01-21T21:00:00,Водонагреватель,ГВС,3.0,2.410738337221051,21,6,0,0,normal
2026-01-21T22:00:00,Водонагреватель,ГВС,3.0,1.513637767936073,22,6,0,0,normal
2026-01-21T23:00:00,Водонагреватель,ГВС,3.0,0.6835337222974242,23,6,0,0,normal
2026-01-22T00:00:00,Водонагреватель,ГВС,3.0,0.4705245500849444,0,0,0,0,normal
2026-01-22T01:00:00,Водонагреватель,ГВС,3.0,0.4591628056042847,1,0,0,0,normal
2026-01-22T02:00:00,Водонагреватель,ГВС,3.0,0.10783795739632172,2,0,0,0,normal
2026-01-22T03:00:00,Водонагреватель,ГВС,3.0,0.10868190796758798,3,0,0,0,normal
2026-01-22T04:00:00,Водонагреватель,ГВС,3.0,0.3822222828433949,4,0,0,0,normal
2026-01-22T05:00:00,Водонагреватель,ГВС,3.0,0.6265333553841627,5,0,0,0,normal
2026-01-22T06:00:00,Водонагреватель,ГВС,3.0,1.9041786956140727,6,0,0,0,normal
2026-01-22T07:00:00,Водонагреватель,ГВС,3.0,2.6200532275201147,7,0,0,0,normal
2026-01-22T08:00:00,Водонагреватель,ГВС,3.0,2.4550849285856353,8,0,0,0,normal
2026-01-22T09:00:00,Водонагреватель,ГВС,3.0,1.0987765605730164,9,0,0,0,normal
2026-01-22T10:00:00,Водонагреватель,ГВС,3.0,0.7059811370767223,10,0,0,0,normal
2026-01-22T11:00:00,Водонагреватель,ГВС,3.0,0.6553409229214345,11,0,0,0,normal
2026-01-22T12:00:00,Водонагреватель,ГВС,3.0,0.33673415866170325,12,0,0,0,normal
2026-01-22T13:00:00,Водонагреватель,ГВС,3.0,0.6608151996049023,13,0,0,0,normal
2026-01-22T14:00:00,Водонагреватель,ГВС,3.0,0.40596353644487154,14,0,0,0,normal
2026-01-22T15:00:00,Водонагреватель,ГВС,3.0,0.6200280849677577,15,0,0,0,normal
2026-01-22T16:00:00,Водонагреватель,ГВС,3.0,0.6862593009325951,16,0,0,0,normal
2026-01-22T17:00:00,Водонагреватель,ГВС,3.0,0.7746463263420266,17,0,0,0,normal
2026-01-22T18:00:00,Водонагреватель,ГВС,3.0,1.775145518883159,18,0,0,0,normal
2026-01-22T19:00:00,Водонагреватель,ГВС,3.0,2.421211894395167,19,0,0,0,normal
2026-01-22T20:00:00,Водонагреватель,ГВС,3.0,2.7362393791791746,20,0,0,0,normal
2026-01-22T21:00:00,Водонагреватель,ГВС,3.0,2.0685809025322155,21,0,0,0,normal
2026-01-22T22:00:00,Водонагреватель,ГВС,3.0,1.4442125637174503,22,0,0,1,drift
2026-01-22T23:00:00,Водонагреватель,ГВС,3.0,0.5326460290305766,23,0,0,1,drift
2026-01-23T00:00:00,Водонагреватель,ГВС,3.0,0.22704455553582284,0,1,0,1,drift
2026-01-23T01:00:00,Водонагреватель,ГВС,3.0,0.48038355389996074,1,1,0,1,drift
2026-01-23T02:00:00,Водонагреватель,ГВС,3.0,0.27150963062173106,2,1,0,1,drift
2026-01-23T03:00:00,Водонагреватель,ГВС,3.0,0.2216660022946498,3,1,0,1,drift
2026-01-23T04:00:00,Водонагреватель,ГВС,3.0,0.3668911949912084,4,1,0,1,drift
2026-01-23T05:00:00,Водонагреватель,ГВС,3.0,0.6572677845351937,5,1,0,1,drift
2026-01-23T06:00:00,Водонагреватель,ГВС,3.0,1.801486841088614,6,1,0,1,drift
2026-01-23T07:00:00,Водонагреватель,ГВС,3.0,2.467995785801226,7,1,0,1,drift
2026-01-23T08:00:00,Водонагреватель,ГВС,3.0,2.4119859547875264,8,1,0,1,drift
2026-01-23T09:00:00,Водонагреватель,ГВС,3.0,1.3060918386032865,9,1,0,1,drift
2026-01-23T10:00:00,Водонагреватель,ГВС,3.0,0.6166015052523414,10,1,0,1,drift
2026-01-23T11:00:00,Водонагреватель,ГВС,3.0,0.6454275272247515,11,1,0,1,drift
2026-01-23T12:00:00,Водонагреватель,ГВС,3.0,0.3392322808922203,12,1,0,1,drift
2026-01-23T13:00:00,Водонагреватель,ГВС,3.0,0.09473788932406556,13,1,0,1,drift
2026-01-23T14:00:00,Водонагреватель,ГВС,3.0,0.5483477045942253,14,1,0,1,drift
2026-01-23T15:00:00,Водонагреватель,ГВС,3.0,0.7563397295038204,15,1,0,1,drift
2026-01-23T16:00:00,Водонагреватель,ГВС,3.0,0.7558085621968992,16,1,0,1,drift
2026-01-23T17:00:00,Водонагреватель,ГВС,3.0,1.060386202977561,17,1,0,1,drift
2026-01-23T18:00:00,Водонагреватель,ГВС,3.0,1.4375219256065812,18,1,0,1,drift
2026-01-23T19:00:00,Водонагреватель,ГВС,3.0,2.6099369107250294,19,1,0,1,drift
2026-01-23T20:00:00,Водонагреватель,ГВС,3.0,2.6500847059089896,20,1,0,1,drift
2026-01-23T21:00:00,Водонагреватель,ГВС,3.0,2.011630610081793,21,1,0,1,drift
2026-01-23T22:00:00,Водонагреватель,ГВС,3.0,1.3767953604365575,22,1,0,1,drift
2026-01-23T23:00:00,Водонагреватель,ГВС,3.0,0.6294189267605996,23,1,0,1,drift
2026-01-24T00:00:00,Водонагреватель,ГВС,3.0,0.01765935828067869,0,2,0,1,drift
2026-01-24T01:00:00,Водонагреватель,ГВС,3.0,0.35600239387143634,1,2,0,1,drift
2026-01-24T02:00:00,Водонагреватель,ГВС,3.0,0.5117559651236989,2,2,0,1,drift
2026-01-24T03:00:00,Водонагреватель,ГВС,3.0,0.06808510528446349,3,2,0,1,drift
2026-01-24T04:00:00,Водонагреватель,ГВС,3.0,0.09445829939988107,4,2,0,1,drift
2026-01-24T05:00:00,Водонагреватель,ГВС,3.0,0.48777035990757966,5,2,0,1,drift
2026-01-24T06:00:00,Водонагреватель,ГВС,3.0,1.6150953389363636,6,2,0,1,drift
2026-01-24T07:00:00,Водонагреватель,ГВС,3.0,2.4962739950821544,7,2,0,1,drift
2026-01-24T08:00:00,Водонагреватель,ГВС,3.0,2.367731065703347,8,2,0,1,drift
2026-01-24T09:00:00,Водонагреватель,ГВС,3.0,1.3818426016928247,9,2,0,1,drift
2026-01-24T10:00:00,Водонагреватель,ГВС,3.0,0.8616103890540593,10,2,0,1,drift
2026-01-24T11:00:00,Водонагреватель,ГВС,3.0,0.25339132054281494,11,2,0,0,normal
2026-01-24T12:00:00,Водонагреватель,ГВС,3.0,0.5948536120898377,12,2,0,0,normal
2026-01-24T13:00:00,Водонагреватель,ГВС,3.0,0.5115892602546382,13,2,0,0,normal
2026-01-24T14:00:00,Водонагреватель,ГВС,3.0,0.4743254608180685,14,2,0,0,normal
2026-01-24T15:00:00,Водонагреватель,ГВС,3.0,0.7100667637108194,15,2,0,0,normal
2026-01-24T16:00:00,Водонагреватель,ГВС,3.0,0.6376575049664538,16,2,0,0,normal
2026-01-24T17:00:00,Водонагреватель,ГВС,3.0,0.9021365092763579,17,2,0,0,normal
2026-01-24T18:00:00,Водонагреватель,ГВС,3.0,1.5408308809469888,18,2,0,0,normal
2026-01-24T19:00:00,Водонагреватель,ГВС,3.0,2.4873066500434864,19,2,0,0,normal
2026-01-24T20:00:00,Водонагреватель,ГВС,3.0,2.880057189256871,20,2,0,0,normal
2026-01-24T21:00:00,Водонагреватель,ГВС,3.0,2.1464612987700353,21,2,0,0,normal
2026-01-24T22:00:00,Водонагреватель,ГВС,3.0,1.1417279913939526,22,2,0,0,normal
2026-01-24T23:00:00,Водонагреватель,ГВС,3.0,0.48576101776126146,23,2,0,0,normal
2026-01-25T00:00:00,Водонагреватель,ГВС,3.0,0.37512551613136585,0,3,0,0,normal
2026-01-25T01:00:00,Водонагреватель,ГВС,3.0,0.27555221677829705,1,3,0,0,normal
2026-01-25T02:00:00,Водонагреватель,ГВС,3.0,0.14588576259620936,2,3,0,0,normal
2026-01-25T03:00:00,Водонагреватель,ГВС,3.0,0.39748958781405563,3,3,0,0,normal
2026-01-25T04:00:00,Водонагреватель,ГВС,3.0,0.1439001263131871,4,3,0,0,normal
2026-01-25T05:00:00,Водонагреватель,ГВС,3.0,0.6491434129251529,5,3,0,0,normal
2026-01-25T06:00:00,Водонагреватель,ГВС,3.0,1.8288384564094042,6,3,0,0,normal
2026-01-25T07:00:00,Водонагреватель,ГВС,3.0,2.527436716319357,7,3,0,0,normal
2026-01-25T08:00:00,Водонагреватель,ГВС,3.0,2.5105663536692506,8,3,0,0,normal
2026-01-25T09:00:00,Водонагреватель,ГВС,3.0,1.1030725142880529,9,3,0,0,normal
2026-01-25T10:00:00,Водонагреватель,ГВС,3.0,0.5102833964926097,10,3,0,0,normal
2026-01-25T11:00:00,Водонагреватель,ГВС,3.0,0.5135249382922482,11,3,0,0,normal
2026-01-25T12:00:00,Водонагреватель,ГВС,3.0,0.4928396672103784,12,3,0,0,normal
2026-01-25T13:00:00,Водонагреватель,ГВС,3.0,0.5573137014734011,13,3,0,0,normal
2026-01-25T14:00:00,Водонагреватель,ГВС,3.0,0.4626649190327668,14,3,0,0,normal
2026-01-25T15:00:00,Водонагреватель,ГВС,3.0,0.640300298221992,15,3,0,0,normal
2026-01-25T16:00:00,Водонагреватель,ГВС,3.0,0.9083723601692327,16,3,0,0,normal
2026-01-25T17:00:00,Водонагреватель,ГВС,3.0,0.7887215864612639,17,3,0,0,normal
2026-01-25T18:00:00,Водонагреватель,ГВС,3.0,1.5678867479239103,18,3,0,0,normal
2026-01-25T19:00:00,Водонагреватель,ГВС,3.0,2.5967291561686343,19,3,0,0,normal
2026-01-25T20:00:00,Водонагреватель,ГВС,3.0,2.5646107957065754,20,3,0,0,normal
2026-01-25T21:00:00,Водонагреватель,ГВС,3.0,1.9227407654787023,21,3,0,0,normal
2026-01-25T22:00:00,Водонагреватель,ГВС,3.0,1.0887775071224042,22,3,0,0,normal
2026-01-25T23:00:00,Водонагреватель,ГВС,3.0,0.5968060559209353,23,3,0,0,normal
2026-01-26T00:00:00,Водонагреватель,ГВС,3.0,0.41593020544852777,0,4,0,0,normal
2026-01-26T01:00:00,Водонагреватель,ГВС,3.0,0.3384853629020588,1,4,0,0,normal
2026-01-26T02:00:00,Водонагреватель,ГВС,3.0,0.4076113526503843,2,4,0,0,normal
2026-01-26T03:00:00,Водонагреватель,ГВС,3.0,0.4306288052268505,3,4,0,0,normal
2026-01-26T04:00:00,Водонагреватель,ГВС,3.0,0.3951294462896796,4,4,0,0,normal
2026-01-26T05:00:00,Водонагреватель,ГВС,3.0,0.6335980622166973,5,4,0,0,normal
2026-01-26T06:00:00,Водонагреватель,ГВС,3.0,1.7220350455605937,6,4,0,0,normal
2026-01-26T07:00:00,Водонагреватель,ГВС,3.0,2.544671908206131,7,4,0,0,normal
2026-01-26T08:00:00,Водонагреватель,ГВС,3.0,2.5237012087042396,8,4,0,0,normal
2026-01-26T09:00:00,Водонагреватель,ГВС,3.0,1.3374660790749584,9,4,0,1,point_outlier
2026-01-26T10:00:00,Водонагреватель,ГВС,3.0,0.6767932872255561,10,4,0,0,normal
2026-01-26T11:00:00,Водонагреватель,ГВС,3.0,0.4051736388012237,11,4,0,0,normal
2026-01-26T12:00:00,Водонагреватель,ГВС,3.0,0.4372292331178395,12,4,0,0,normal
2026-01-26T13:00:00,Водонагреватель,ГВС,3.0,0.4278615244777104,13,4,0,0,normal
2026-01-26T14:00:00,Водонагреватель,ГВС,3.0,0.5942738224862363,14,4,0,0,normal
2026-01-26T15:00:00,Водонагреватель,ГВС,3.0,0.8118552937011522,15,4,0,0,normal
2026-01-26T16:00:00,Водонагреватель,ГВС,3.0,0.8978143866422023,16,4,0,0,normal
2026-01-26T17:00:00,Водонагреватель,ГВС,3.0,0.6452102044352359,17,4,0,0,normal
2026-01-26T18:00:00,Водонагреватель,ГВС,3.0,1.6512165484428738,18,4,0,0,normal
2026-01-26T19:00:00,Водонагреватель,ГВС,3.0,2.512264266948496,19,4,0,0,normal
2026-01-26T20:00:00,Водонагреватель,ГВС,3.0,2.5952326283064426,20,4,0,0,normal
2026-01-26T21:00:00,Водонагреватель,ГВС,3.0,2.218857417625157,21,4,0,0,normal
2026-01-26T22:00:00,Водонагреватель,ГВС,3.0,1.1428288741614538,22,4,0,0,normal
2026-01-26T23:00:00,Водонагреватель,ГВС,3.0,0.46612421769365775,23,4,0,0,normal
2026-01-27T00:00:00,Водонагреватель,ГВС,3.0,0.27712191093768,0,5,0,0,normal
2026-01-27T01:00:00,Водонагреватель,ГВС,3.0,0.5597855590457117,1,5,0,0,normal
2026-01-27T02:00:00,Водонагреватель,ГВС,3.0,0.5061448880543175,2,5,0,0,normal
2026-01-27T03:00:00,Водонагреватель,ГВС,3.0,0.418443351718222,3,5,0,0,normal
2026-01-27T04:00:00,Водонагреватель,ГВС,3.0,0.40609249826155647,4,5,0,0,normal
2026-01-27T05:00:00,Водонагреватель,ГВС,3.0,0.6354595266829348,5,5,0,0,normal
2026-01-27T06:00:00,Водонагреватель,ГВС,3.0,1.8488780211604232,6,5,0,0,normal
2026-01-27T07:00:00,Водонагреватель,ГВС,3.0,2.869268593227132,7,5,0,0,normal
2026-01-27T08:00:00,Водонагреватель,ГВС,3.0,2.722576074787818,8,5,0,0,normal
2026-01-27T09:00:00,Водонагреватель,ГВС,3.0,1.1919544511833366,9,5,0,0,normal
2026-01-27T10:00:00,Водонагреватель,ГВС,3.0,0.6044636569501834,10,5,0,0,normal
2026-01-27T11:00:00,Водонагреватель,ГВС,3.0,0.6590777180088261,11,5,0,0,normal
2026-01-27T12:00:00,Водонагреватель,ГВС,3.0,0.5861419290046623,12,5,0,0,normal
2026-01-27T13:00:00,Водонагреватель,ГВС,3.0,0.4079011672297271,13,5,0,0,normal
2026-01-27T14:00:00,Водонагреватель,ГВС,3.0,0.5166388962713627,14,5,0,0,normal
2026-01-27T15:00:00,Водонагреватель,ГВС,3.0,0.5677020582961674,15,5,0,0,normal
2026-01-27T16:00:00,Водонагреватель,ГВС,3.0,0.8636713656095345,16,5,0,0,normal
2026-01-27T17:00:00,Водонагреватель,ГВС,3.0,0.8239086829041823,17,5,0,0,normal
2026-01-27T18:00:00,Водонагреватель,ГВС,3.0,1.7660217749175016,18,5,0,0,normal
2026-01-27T19:00:00,Водонагреватель,ГВС,3.0,2.7418250624016527,19,5,0,0,normal
2026-01-27T20:00:00,Водонагреватель,ГВС,3.0,3.0573649401393532,20,5,0,0,normal
2026-01-27T21:00:00,Водонагреватель,ГВС,3.0,2.464389196950277,21,5,0,0,normal
2026-01-27T22:00:00,Водонагреватель,ГВС,3.0,1.579961280282304,22,5,0,0,normal
2026-01-27T23:00:00,Водонагреватель,ГВС,3.0,0.6232981051682794,23,5,0,0,normal
2026-01-28T00:00:00,Водонагреватель,ГВС,3.0,0.16817941511020001,0,6,0,0,normal
2026-01-28T01:00:00,Водонагреватель,ГВС,3.0,0.3107293331132791,1,6,0,0,normal
2026-01-28T02:00:00,Водонагреватель,ГВС,3.0,0.5248758187703595,2,6,0,0,normal
2026-01-28T03:00:00,Водонагреватель,ГВС,3.0,0.2698283236962804,3,6,0,0,normal
2026-01-28T04:00:00,Водонагреватель,ГВС,3.0,0.47293338399751433,4,6,0,0,normal
2026-01-28T05:00:00,Водонагреватель,ГВС,3.0,0.6248977425136634,5,6,0,0,normal
2026-01-28T06:00:00,Водонагреватель,ГВС,3.0,1.9875002548275649,6,6,0,0,normal
2026-01-28T07:00:00,Водонагреватель,ГВС,3.0,2.8792019895739025,7,6,0,0,normal
2026-01-28T08:00:00,Водонагреватель,ГВС,3.0,2.8020981350331025,8,6,0,0,normal
2026-01-28T09:00:00,Водонагреватель,ГВС,3.0,1.4296839809915263,9,6,0,0,normal
2026-01-28T10:00:00,Водонагреватель,ГВС,3.0,0.7443860945441391,10,6,0,0,normal
2026-01-28T11:00:00,Водонагреватель,ГВС,3.0,0.5076266454721611,11,6,0,0,normal
2026-01-28T12:00:00,Водонагреватель,ГВС,3.0,0.5913000436320431,12,6,0,0,normal
2026-01-28T13:00:00,Водонагреватель,ГВС,3.0,0.49256069175847533,13,6,0,0,normal
2026-01-28T14:00:00,Водонагреватель,ГВС,3.0,0.6093140555856753,14,6,0,0,normal
2026-01-28T15:00:00,Водонагреватель,ГВС,3.0,0.8029227970677972,15,6,0,0,normal
2026-01-28T16:00:00,Водонагреватель,ГВС,3.0,0.8903673019703731,16,6,0,0,normal
2026-01-28T17:00:00,Водонагреватель,ГВС,3.0,0.9676488898239956,17,6,0,0,normal
2026-01-28T18:00:00,Водонагреватель,ГВС,3.0,1.8049341249021063,18,6,0,0,normal
2026-01-28T19:00:00,Водонагреватель,ГВС,3.0,3.0097141884952423,19,6,0,0,normal
2026-01-28T20:00:00,Водонагреватель,ГВС,3.0,3.131775756608808,20,6,0,0,normal
2026-01-28T21:00:00,Водонагреватель,ГВС,3.0,2.135165301788996,21,6,0,0,normal
2026-01-28T22:00:00,Водонагреватель,ГВС,3.0,1.250375634256504,22,6,0,0,normal
2026-01-28T23:00:00,Водонагреватель,ГВС,3.0,0.6467935355086767,23,6,0,0,normal
2026-01-29T00:00:00,Водонагреватель,ГВС,3.0,0.18939131465861514,0,0,0,0,normal
2026-01-29T01:00:00,Водонагреватель,ГВС,3.0,0.3612611676873795,1,0,0,0,normal
2026-01-29T02:00:00,Водонагреватель,ГВС,3.0,0.21420699737837376,2,0,0,0,normal
2026-01-29T03:00:00,Водонагреватель,ГВС,3.0,0.20941531159378438,3,0,0,0,normal
2026-01-29T04:00:00,Водонагреватель,ГВС,3.0,0.5072106224378372,4,0,0,0,normal
2026-01-29T05:00:00,Водонагреватель,ГВС,3.0,0.4933853219785029,5,0,0,0,normal
2026-01-29T06:00:00,Водонагреватель,ГВС,3.0,1.7424362013792656,6,0,0,0,normal
2026-01-29T07:00:00,Водонагреватель,ГВС,3.0,2.3741076639596077,7,0,0,0,normal
2026-01-29T08:00:00,Водонагреватель,ГВС,3.0,2.278315879311076,8,0,0,0,normal
2026-01-29T09:00:00,Водонагреватель,ГВС,3.0,1.0855939811663355,9,0,0,0,normal
2026-01-29T10:00:00,Водонагреватель,ГВС,3.0,0.5906497588962806,10,0,0,0,normal
2026-01-29T11:00:00,Водонагреватель,ГВС,3.0,0.4805427969586181,11,0,0,0,normal
2026-01-29T12:00:00,Водонагреватель,ГВС,3.0,0.5688399497946479,12,0,0,0,normal
2026-01-29T13:00:00,Водонагреватель,ГВС,3.0,0.3566996530354276,13,0,0,0,normal
2026-01-29T14:00:00,Водонагреватель,ГВС,3.0,0.5775509597905701,14,0,0,0,normal
2026-01-29T15:00:00,Водонагреватель,ГВС,3.0,0.3281794105832661,15,0,0,0,normal
2026-01-29T16:00:00,Водонагреватель,ГВС,3.0,0.8540909561841986,16,0,0,0,normal
2026-01-29T17:00:00,Водонагреватель,ГВС,3.0,0.7279689827973519,17,0,0,0,normal
2026-01-29T18:00:00,Водонагреватель,ГВС,3.0,1.537428936113687,18,0,0,0,normal
2026-01-29T19:00:00,Водонагреватель,ГВС,3.0,2.61317385971826,19,0,0,0,normal
2026-01-29T20:00:00,Водонагреватель,ГВС,3.0,2.8119319941938654,20,0,0,0,normal
2026-01-29T21:00:00,Водонагреватель,ГВС,3.0,2.0847543450413566,21,0,0,0,normal
2026-01-29T22:00:00,Водонагреватель,ГВС,3.0,1.2914889754696164,22,0,0,0,normal
2026-01-29T23:00:00,Водонагреватель,ГВС,3.0,0.5571457073089082,23,0,0,0,normal
2026-01-30T00:00:00,Водонагреватель,ГВС,3.0,0.5893731023496056,0,1,0,0,normal
2026-01-30T01:00:00,Водонагреватель,ГВС,3.0,0.07988796229486123,1,1,0,0,normal
2026-01-30T02:00:00,Водонагреватель,ГВС,3.0,0.4542308153705024,2,1,0,0,normal
2026-01-30T03:00:00,Водонагреватель,ГВС,3.0,0.19328305245780938,3,1,0,0,normal
2026-01-30T04:00:00,Водонагреватель,ГВС,3.0,0.33694088699688113,4,1,0,0,normal
2026-01-30T05:00:00,Водонагреватель,ГВС,3.0,0.7053130060045059,5,1,0,0,normal
2026-01-30T06:00:00,Водонагреватель,ГВС,3.0,1.6593460022390756,6,1,0,0,normal
2026-01-30T07:00:00,Водонагреватель,ГВС,3.0,2.5939076705854,7,1,0,0,normal
2026-01-30T08:00:00,Водонагреватель,ГВС,3.0,2.4093202749325444,8,1,0,0,normal
2026-01-30T09:00:00,Водонагреватель,ГВС,3.0,1.1769243372684046,9,1,0,0,normal
2026-01-30T10:00:00,Водонагреватель,ГВС,3.0,0.7203408497298733,10,1,0,0,normal
2026-01-30T11:00:00,Водонагреватель,ГВС,3.0,0.6243995108248719,11,1,0,0,normal
2026-01-30T12:00:00,Водонагреватель,ГВС,3.0,0.5346352725007015,12,1,0,0,normal
2026-01-30T13:00:00,Водонагреватель,ГВС,3.0,0.35893782240849553,13,1,0,0,normal
2026-01-30T14:00:00,Водонагреватель,ГВС,3.0,0.5208772925990455,14,1,0,0,normal
2026-01-30T15:00:00,Водонагреватель,ГВС,3.0,0.5796952629666703,15,1,0,0,normal
2026-01-30T16:00:00,Водонагреватель,ГВС,3.0,0.5514063115895157,16,1,0,0,normal
2026-01-30T17:00:00,Водонагреватель,ГВС,3.0,0.8837352738180253,17,1,0,0,normal
2026-01-30T18:00:00,Водонагреватель,ГВС,3.0,1.609552467688277,18,1,0,0,normal
2026-01-30T19:00:00,Водонагреватель,ГВС,3.0,2.3154355246247,19,1,0,0,normal
2026-01-30T20:00:00,Водонагреватель,ГВС,3.0,2.567136622871717,20,1,0,0,normal
2026-01-30T21:00:00,Водонагреватель,ГВС,3.0,1.8013262193835806,21,1,0,0,normal
2026-01-30T22:00:00,Водонагреватель,ГВС,3.0,1.140842088876216,22,1,0,0,normal
2026-01-30T23:00:00,Водонагреватель,ГВС,3.0,0.49018936304463523,23,1,0,0,normal
2026-01-31T00:00:00,Водонагреватель,ГВС,3.0,0.11938276278443244,0,2,0,0,normal
2026-01-31T01:00:00,Водонагреватель,ГВС,3.0,0.3628925557297835,1,2,0,0,normal
2026-01-31T02:00:00,Водонагреватель,ГВС,3.0,0.20890037035195502,2,2,0,0,normal
2026-01-31T03:00:00,Водонагреватель,ГВС,3.0,0.04661091399195992,3,2,0,0,normal
2026-01-31T04:00:00,Водонагреватель,ГВС,3.0,0.32730095923672176,4,2,0,0,normal
2026-01-31T05:00:00,Водонагреватель,ГВС,3.0,0.30701361401012073,5,2,0,0,normal
2026-01-31T06:00:00,Водонагреватель,ГВС,3.0,1.5482011996700786,6,2,0,1,stuck
2026-01-31T07:00:00,Водонагреватель,ГВС,3.0,2.4007034259306743,7,2,0,1,stuck
2026-01-31T08:00:00,Водонагреватель,ГВС,3.0,2.227295997458163,8,2,0,1,stuck
2026-01-31T09:00:00,Водонагреватель,ГВС,3.0,1.1898768315056003,9,2,0,1,stuck
2026-01-31T10:00:00,Водонагреватель,ГВС,3.0,0.5377376650861484,10,2,0,1,stuck
2026-01-31T11:00:00,Водонагреватель,ГВС,3.0,0.3817359582695953,11,2,0,1,stuck
2026-01-31T12:00:00,Водонагреватель,ГВС,3.0,0.48483776376762155,12,2,0,1,stuck
2026-01-31T13:00:00,Водонагреватель,ГВС,3.0,0.3547826837838677,13,2,0,1,stuck
2026-01-31T14:00:00,Водонагреватель,ГВС,3.0,0.28630279099946665,14,2,0,1,stuck
2026-01-31T15:00:00,Водонагреватель,ГВС,3.0,0.5207882989153795,15,2,0,1,stuck
2026-01-31T16:00:00,Водонагреватель,ГВС,3.0,0.7706450675298281,16,2,0,1,stuck
2026-01-31T17:00:00,Водонагреватель,ГВС,3.0,0.9852267861294227,17,2,0,1,stuck
2026-01-31T18:00:00,Водонагреватель,ГВС,3.0,1.5026794136888846,18,2,0,1,stuck
2026-01-31T19:00:00,Водонагреватель,ГВС,3.0,2.276425816147547,19,2,0,1,stuck
2026-01-31T20:00:00,Водонагреватель,ГВС,3.0,2.590853344339779,20,2,0,1,stuck
2026-01-31T21:00:00,Водонагреватель,ГВС,3.0,2.186975479909008,21,2,0,1,stuck
2026-01-31T22:00:00,Водонагреватель,ГВС,3.0,1.2173158430526656,22,2,0,1,stuck
2026-01-31T23:00:00,Водонагреватель,ГВС,3.0,0.7345570138147103,23,2,0,0,normal
2026-02-01T00:00:00,Водонагреватель,ГВС,3.0,0.29568840151677966,0,3,0,0,normal
2026-02-01T01:00:00,Водонагреватель,ГВС,3.0,0.40864716320856304,1,3,0,0,normal
2026-02-01T02:00:00,Водонагреватель,ГВС,3.0,0.39903226101879385,2,3,0,0,normal
2026-02-01T03:00:00,Водонагреватель,ГВС,3.0,0.36819160359646963,3,3,0,0,normal
2026-02-01T04:00:00,Водонагреватель,ГВС,3.0,0.41757386726978973,4,3,0,0,normal
2026-02-01T05:00:00,Водонагреватель,ГВС,3.0,0.4935700917155632,5,3,0,0,normal
2026-02-01T06:00:00,Водонагреватель,ГВС,3.0,1.8432920809047981,6,3,0,0,normal
2026-02-01T07:00:00,Водонагреватель,ГВС,3.0,2.256074781667707,7,3,0,0,normal
2026-02-01T08:00:00,Водонагреватель,ГВС,3.0,2.1717625492446233,8,3,0,0,normal
2026-02-01T09:00:00,Водонагреватель,ГВС,3.0,1.0815035910227666,9,3,0,0,normal
2026-02-01T10:00:00,Водонагреватель,ГВС,3.0,0.6002647347828414,10,3,0,0,normal
2026-02-01T11:00:00,Водонагреватель,ГВС,3.0,0.48426579964543653,11,3,0,0,normal
2026-02-01T12:00:00,Водонагреватель,ГВС,3.0,0.4970494915306588,12,3,0,0,normal
2026-02-01T13:00:00,Водонагреватель,ГВС,3.0,0.34256219604632365,13,3,0,0,normal
2026-02-01T14:00:00,Водонагреватель,ГВС,3.0,0.4147922125130411,14,3,0,0,normal
2026-02-01T15:00:00,Водонагреватель,ГВС,3.0,0.589340694700988,15,3,0,0,normal
2026-02-01T16:00:00,Водонагреватель,ГВС,3.0,0.5641982266098757,16,3,0,0,normal
2026-02-01T17:00:00,Водонагреватель,ГВС,3.0,1.0889752452540395,17,3,0,0,normal
2026-02-01T18:00:00,Водонагреватель,ГВС,3.0,1.5598832861547345,18,3,0,0,normal
2026-02-01T19:00:00,Водонагреватель,ГВС,3.0,2.468379110790957,19,3,0,0,normal
2026-02-01T20:00:00,Водонагреватель,ГВС,3.0,2.469319489837332,20,3,0,0,normal
2026-02-01T21:00:00,Водонагреватель,ГВС,3.0,2.0116455853295157,21,3,0,0,normal
2026-02-01T22:00:00,Водонагреватель,ГВС,3.0,1.0220623258668307,22,3,0,0,normal
2026-02-01T23:00:00,Водонагреватель,ГВС,3.0,0.6846524150048516,23,3,0,0,normal
2026-02-02T00:00:00,Водонагреватель,ГВС,3.0,0.25311996626634337,0,4,0,0,normal
2026-02-02T01:00:00,Водонагреватель,ГВС,3.0,0.025340324094820888,1,4,0,0,normal
2026-02-02T02:00:00,Водонагреватель,ГВС,3.0,0.1592936784822998,2,4,0,0,normal
2026-02-02T03:00:00,Водонагреватель,ГВС,3.0,0.33534991015489674,3,4,0,0,normal
2026-02-02T04:00:00,Водонагреватель,ГВС,3.0,0.384261012393254,4,4,0,0,normal
2026-02-02T05:00:00,Водонагреватель,ГВС,3.0,0.5262388078896267,5,4,0,0,normal
2026-02-02T06:00:00,Водонагреватель,ГВС,3.0,1.6374986693998381,6,4,0,0,normal
2026-02-02T07:00:00,Водонагреватель,ГВС,3.0,2.4620311699065125,7,4,0,0,normal
2026-02-02T08:00:00,Водонагреватель,ГВС,3.0,2.2610755562403066,8,4,0,0,normal
2026-02-02T09:00:00,Водонагреватель,ГВС,3.0,0.9688294041318936,9,4,0,0,normal
2026-02-02T10:00:00,Водонагреватель,ГВС,3.0,0.5659670219865083,10,4,0,0,normal
2026-02-02T11:00:00,Водонагреватель,ГВС,3.0,0.18928468037537885,11,4,0,0,normal
2026-02-02T12:00:00,Водонагреватель,ГВС,3.0,0.3461957267049368,12,4,0,0,normal
2026-02-02T13:00:00,Водонагреватель,ГВС,3.0,0.2020878405903001,13,4,0,0,normal
2026-02-02T14:00:00,Водонагреватель,ГВС,3.0,0.38805875733607487,14,4,0,0,normal
2026-02-02T15:00:00,Водонагреватель,ГВС,3.0,0.4284382553857897,15,4,0,0,normal
2026-02-02T16:00:00,Водонагреватель,ГВС,3.0,0.6743311667420825,16,4,0,0,normal
2026-02-02T17:00:00,Водонагреватель,ГВС,3.0,0.9162762416872631,17,4,0,0,normal
2026-02-02T18:00:00,Водонагреватель,ГВС,3.0,1.3801852681332332,18,4,0,0,normal
2026-02-02T19:00:00,Водонагреватель,ГВС,3.0,2.354851044814018,19,4,0,0,normal
2026-02-02T20:00:00,Водонагреватель,ГВС,3.0,2.3244692677998224,20,4,0,0,normal
2026-02-02T21:00:00,Водонагреватель,ГВС,3.0,2.0549930699634187,21,4,0,0,normal
2026-02-02T22:00:00,Водонагреватель,ГВС,3.0,1.1007668611829835,22,4,0,0,normal
2026-02-02T23:00:00,Водонагреватель,ГВС,3.0,0.4209285942961088,23,4,0,0,normal
2026-02-03T00:00:00,Водонагреватель,ГВС,3.0,0.4426981155077255,0,5,0,0,normal
2026-02-03T01:00:00,Водонагреватель,ГВС,3.0,0.31387995484991704,1,5,0,0,normal
2026-02-03T02:00:00,Водонагреватель,ГВС,3.0,0.35133204078256275,2,5,0,0,normal
2026-02-03T03:00:00,Водонагреватель,ГВС,3.0,0.3310797729804769,3,5,0,0,normal
2026-02-03T04:00:00,Водонагреватель,ГВС,3.0,0.306901633211828,4,5,0,0,normal
2026-02-03T05:00:00,Водонагреватель,ГВС,3.0,0.7696411720558819,5,5,0,0,normal
2026-02-03T06:00:00,Водонагреватель,ГВС,3.0,1.9623514704649891,6,5,0,0,normal
2026-02-03T07:00:00,Водонагреватель,ГВС,3.0,2.695146211469014,7,5,0,0,normal
2026-02-03T08:00:00,Водонагреватель,ГВС,3.0,2.681972941162196,8,5,0,0,normal
2026-02-03T09:00:00,Водонагреватель,ГВС,3.0,1.3619593697897396,9,5,0,0,normal
2026-02-03T10:00:00,Водонагреватель,ГВС,3.0,0.6281114870924138,10,5,0,0,normal
2026-02-03T11:00:00,Водонагреватель,ГВС,3.0,0.5363800545619299,11,5,0,0,normal
2026-02-03T12:00:00,Водонагреватель,ГВС,3.0,0.3427252183673697,12,5,0,0,normal
2026-02-03T13:00:00,Водонагреватель,ГВС,3.0,0.629513204931515,13,5,0,0,normal
2026-02-03T14:00:00,Водонагреватель,ГВС,3.0,0.6126182712541146,14,5,0,0,normal
2026-02-03T15:00:00,Водонагреватель,ГВС,3.0,0.6816176383316744,15,5,0,0,normal
2026-02-03T16:00:00,Водонагреватель,ГВС,3.0,0.8775488322426677,16,5,0,0,normal
2026-02-03T17:00:00,Водонагреватель,ГВС,3.0,1.2527340657895762,17,5,0,0,normal
2026-02-03T18:00:00,Водонагреватель,ГВС,3.0,1.649271949938168,18,5,0,0,normal
2026-02-03T19:00:00,Водонагреватель,ГВС,3.0,2.7850690455552094,19,5,0,0,normal
2026-02-03T20:00:00,Водонагреватель,ГВС,3.0,2.961576220969629,20,5,0,0,normal
2026-02-03T21:00:00,Водонагреватель,ГВС,3.0,2.249572202122526,21,5,0,0,normal
2026-02-03T22:00:00,Водонагреватель,ГВС,3.0,1.0739592687902495,22,5,0,0,normal
2026-02-03T23:00:00,Водонагреватель,ГВС,3.0,0.7613196292788785,23,5,0,0,normal
2026-02-04T00:00:00,Водонагреватель,ГВС,3.0,0.20049007789787437,0,6,0,0,normal
2026-02-04T01:00:00,Водонагреватель,ГВС,3.0,0.26314848266899826,1,6,0,0,normal
2026-02-04T02:00:00,Водонагреватель,ГВС,3.0,0.26453591217611966,2,6,0,0,normal
2026-02-04T03:00:00,Водонагреватель,ГВС,3.0,0.5045754919564258,3,6,0,0,normal
2026-02-04T04:00:00,Водонагреватель,ГВС,3.0,0.2687614866258202,4,6,0,0,normal
2026-02-04T05:00:00,Водонагреватель,ГВС,3.0,0.7472714427807016,5,6,0,0,normal
2026-02-04T06:00:00,Водонагреватель,ГВС,3.0,1.8970076961319837,6,6,0,0,normal
2026-02-04T07:00:00,Водонагреватель,ГВС,3.0,2.901557878879737,7,6,0,0,normal
2026-02-04T08:00:00,Водонагреватель,ГВС,3.0,2.6150567991145928,8,6,0,0,normal
2026-02-04T09:00:00,Водонагреватель,ГВС,3.0,1.1985158909378224,9,6,0,0,normal
2026-02-04T10:00:00,Водонагреватель,ГВС,3.0,0.6705999740354811,10,6,0,0,normal
2026-02-04T11:00:00,Водонагреватель,ГВС,3.0,0.5166620134613246,11,6,0,0,normal
2026-02-04T12:00:00,Водонагреватель,ГВС,3.0,0.7002554084457076,12,6,0,0,normal
2026-02-04T13:00:00,Водонагреватель,ГВС,3.0,0.5096769377287227,13,6,0,0,normal
2026-02-04T14:00:00,Водонагреватель,ГВС,3.0,0.42319982700551073,14,6,0,0,normal
2026-02-04T15:00:00,Водонагреватель,ГВС,3.0,0.5678710139948714,15,6,0,0,normal
2026-02-04T16:00:00,Водонагреватель,ГВС,3.0,1.0804958188913263,16,6,0,0,normal
2026-02-04T17:00:00,Водонагреватель,ГВС,3.0,0.9404862932001467,17,6,0,0,normal
2026-02-04T18:00:00,Водонагреватель,ГВС,3.0,1.891618901055237,18,6,0,0,normal
2026-02-04T19:00:00,Водонагреватель,ГВС,3.0,2.9781203547361854,19,6,0,0,normal
2026-02-04T20:00:00,Водонагреватель,ГВС,3.0,3.0399969924594252,20,6,0,0,normal
2026-02-04T21:00:00,Водонагреватель,ГВС,3.0,2.3108487037533747,21,6,0,0,normal
2026-02-04T22:00:00,Водонагреватель,ГВС,3.0,1.182523966193873,22,6,0,0,normal
2026-02-04T23:00:00,Водонагреватель,ГВС,3.0,0.6861983006652901,23,6,0,0,normal
2026-02-05T00:00:00,Водонагреватель,ГВС,3.0,0.533916963794171,0,0,0,0,normal
2026-02-05T01:00:00,Водонагреватель,ГВС,3.0,0.22891787629513838,1,0,0,0,normal
2026-02-05T02:00:00,Водонагреватель,ГВС,3.0,0.39927279526937504,2,0,0,0,normal
2026-02-05T03:00:00,Водонагреватель,ГВС,3.0,0.20708257750744288,3,0,0,0,normal
2026-02-05T04:00:00,Водонагреватель,ГВС,3.0,0.35724356568803833,4,0,0,1,point_outlier
2026-02-05T05:00:00,Водонагреватель,ГВС,3.0,0.5201681155788129,5,0,0,1,point_outlier
2026-02-05T06:00:00,Водонагреватель,ГВС,3.0,1.915353143963692,6,0,0,1,point_outlier
2026-02-05T07:00:00,Водонагреватель,ГВС,3.0,2.5261407394345916,7,0,0,0,normal
2026-02-05T08:00:00,Водонагреватель,ГВС,3.0,2.2632917186509887,8,0,0,0,normal
2026-02-05T09:00:00,Водонагреватель,ГВС,3.0,1.467731705303883,9,0,0,0,normal
2026-02-05T10:00:00,Водонагреватель,ГВС,3.0,0.4901609652435871,10,0,0,0,normal
2026-02-05T11:00:00,Водонагреватель,ГВС,3.0,0.1873181267327833,11,0,0,0,normal
2026-02-05T12:00:00,Водонагреватель,ГВС,3.0,0.4219211689396618,12,0,0,0,normal
2026-02-05T13:00:00,Водонагреватель,ГВС,3.0,0.32276346621422786,13,0,0,0,normal
2026-02-05T14:00:00,Водонагреватель,ГВС,3.0,0.45162112637426594,14,0,0,0,normal
2026-02-05T15:00:00,Водонагреватель,ГВС,3.0,0.5169694827743039,15,0,0,0,normal
2026-02-05T16:00:00,Водонагреватель,ГВС,3.0,0.688554696113358,16,0,0,0,normal
2026-02-05T17:00:00,Водонагреватель,ГВС,3.0,0.8488406094634949,17,0,0,0,normal
2026-02-05T18:00:00,Водонагреватель,ГВС,3.0,1.5393157958836388,18,0,0,0,normal
2026-02-05T19:00:00,Водонагреватель,ГВС,3.0,2.318885412940709,19,0,0,0,normal
2026-02-05T20:00:00,Водонагреватель,ГВС,3.0,2.5683654579866326,20,0,0,0,normal
2026-02-05T21:00:00,Водонагреватель,ГВС,3.0,2.055194736666164,21,0,0,0,normal
2026-02-05T22:00:00,Водонагреватель,ГВС,3.0,1.09747559723942,22,0,0,0,normal
2026-02-05T23:00:00,Водонагреватель,ГВС,3.0,0.49921004273676,23,0,0,0,normal
2026-02-06T00:00:00,Водонагреватель,ГВС,3.0,0.3375614921863189,0,1,0,0,normal
2026-02-06T01:00:00,Водонагреватель,ГВС,3.0,0.12286419875421932,1,1,0,0,normal
2026-02-06T02:00:00,Водонагреватель,ГВС,3.0,0.20693190429236813,2,1,0,0,normal
2026-02-06T03:00:00,Водонагреватель,ГВС,3.0,0.371245503168323,3,1,0,0,normal
2026-02-06T04:00:00,Водонагреватель,ГВС,3.0,0.24663389302114783,4,1,0,0,normal
2026-02-06T05:00:00,Водонагреватель,ГВС,3.0,0.5431946828885371,5,1,0,0,normal
2026-02-06T06:00:00,Водонагреватель,ГВС,3.0,2.030389503275562,6,1,0,0,normal
2026-02-06T07:00:00,Водонагреватель,ГВС,3.0,2.4284113508421785,7,1,0,0,normal
2026-02-06T08:00:00,Водонагреватель,ГВС,3.0,2.2780318450280483,8,1,0,0,normal
2026-02-06T09:00:00,Водонагреватель,ГВС,3.0,1.0484923708368903,9,1,0,0,normal
2026-02-06T10:00:00,Водонагреватель,ГВС,3.0,0.5720144662588841,10,1,0,0,normal
2026-02-06T11:00:00,Водонагреватель,ГВС,3.0,0.07890784875201876,11,1,0,0,normal
2026-02-06T12:00:00,Водонагреватель,ГВС,3.0,0.2035154927324486,12,1,0,0,normal
2026-02-06T13:00:00,Водонагреватель,ГВС,3.0,0.5127647606845823,13,1,0,0,normal
2026-02-06T14:00:00,Водонагреватель,ГВС,3.0,0.44083012852854503,14,1,0,0,normal
2026-02-06T15:00:00,Водонагреватель,ГВС,3.0,0.7047332077119309,15,1,0,0,normal
2026-02-06T16:00:00,Водонагреватель,ГВС,3.0,0.6562248841467045,16,1,0,0,normal
2026-02-06T17:00:00,Водонагреватель,ГВС,3.0,0.9775263272695921,17,1,0,0,normal
2026-02-06T18:00:00,Водонагреватель,ГВС,3.0,1.6118589904904075,18,1,0,0,normal
2026-02-06T19:00:00,Водонагреватель,ГВС,3.0,2.7142039420457422,19,1,0,0,normal
2026-02-06T20:00:00,Водонагреватель,ГВС,3.0,2.356121801508034,20,1,0,0,normal
2026-02-06T21:00:00,Водонагреватель,ГВС,3.0,2.0950353878538976,21,1,0,0,normal
2026-02-06T22:00:00,Водонагреватель,ГВС,3.0,1.215946233211697,22,1,0,0,normal
2026-02-06T23:00:00,Водонагреватель,ГВС,3.0,0.44017880461943004,23,1,0,0,normal
2026-02-07T00:00:00,Водонагреватель,ГВС,3.0,0.37225449988242976,0,2,0,0,normal
2026-02-07T01:00:00,Водонагреватель,ГВС,3.0,0.41688697926393536,1,2,0,0,normal
2026-02-07T02:00:00,Водонагреватель,ГВС,3.0,0.364973036036558,2,2,0,0,normal
2026-02-07T03:00:00,Водонагреватель,ГВС,3.0,0.4058235812905913,3,2,0,0,normal
2026-02-07T04:00:00,Водонагреватель,ГВС,3.0,0.24671343768852289,4,2,0,0,normal
2026-02-07T05:00:00,Водонагреватель,ГВС,3.0,0.7655711341191039,5,2,0,0,normal
2026-02-07T06:00:00,Водонагреватель,ГВС,3.0,1.641371802274067,6,2,0,0,normal
2026-02-07T07:00:00,Водонагреватель,ГВС,3.0,2.4422576069209416,7,2,0,0,normal
2026-02-07T08:00:00,Водонагреватель,ГВС,3.0,2.2273556516124358,8,2,0,0,normal
2026-02-07T09:00:00,Водонагреватель,ГВС,3.0,1.0994764012731202,9,2,0,0,normal
2026-02-07T10:00:00,Водонагреватель,ГВС,3.0,0.5304373690455519,10,2,0,0,normal
2026-02-07T11:00:00,Водонагреватель,ГВС,3.0,0.3282969805906229,11,2,0,0,normal
2026-02-07T12:00:00,Водонагреватель,ГВС,3.0,0.3766951142960889,12,2,0,0,normal
2026-02-07T13:00:00,Водонагреватель,ГВС,3.0,0.43743641225206575,13,2,0,0,normal
2026-02-07T14:00:00,Водонагреватель,ГВС,3.0,0.37263785697315416,14,2,0,0,normal
2026-02-07T15:00:00,Водонагреватель,ГВС,3.0,0.6848865469687797,15,2,0,0,normal
2026-02-07T16:00:00,Водонагреватель,ГВС,3.0,0.6264962878295289,16,2,0,0,normal
2026-02-07T17:00:00,Водонагреватель,ГВС,3.0,0.7700563212412393,17,2,0,0,normal
2026-02-07T18:00:00,Водонагреватель,ГВС,3.0,1.6171860111846605,18,2,0,0,normal
2026-02-07T19:00:00,Водонагреватель,ГВС,3.0,2.496588604817848,19,2,0,0,normal
2026-02-07T20:00:00,Водонагреватель,ГВС,3.0,2.388242682202077,20,2,0,0,normal
2026-02-07T21:00:00,Водонагреватель,ГВС,3.0,1.8935820673248345,21,2,0,0,normal
2026-02-07T22:00:00,Водонагреватель,ГВС,3.0,1.1968345278669383,22,2,0,0,normal
2026-02-07T23:00:00,Водонагреватель,ГВС,3.0,0.4576749602013181,23,2,0,0,normal
2026-02-08T00:00:00,Водонагреватель,ГВС,3.0,0.19942250649030815,0,3,0,0,normal
2026-02-08T01:00:00,Водонагреватель,ГВС,3.0,0.02440882102574701,1,3,0,0,normal
2026-02-08T02:00:00,Водонагреватель,ГВС,3.0,0.3947810198060252,2,3,0,0,normal
2026-02-08T03:00:00,Водонагреватель,ГВС,3.0,0.1302837244481443,3,3,0,0,normal
2026-02-08T04:00:00,Водонагреватель,ГВС,3.0,0.31574525410050835,4,3,0,0,normal
2026-02-08T05:00:00,Водонагреватель,ГВС,3.0,0.7498975794917454,5,3,0,0,normal
2026-02-08T06:00:00,Водонагреватель,ГВС,3.0,1.7086615816151192,6,3,0,0,normal
2026-02-08T07:00:00,Водонагреватель,ГВС,3.0,2.5959250676582313,7,3,0,0,normal
2026-02-08T08:00:00,Водонагреватель,ГВС,3.0,2.290869820379513,8,3,0,0,normal
2026-02-08T09:00:00,Водонагреватель,ГВС,3.0,1.0292021007276333,9,3,0,0,normal
2026-02-08T10:00:00,Водонагреватель,ГВС,3.0,0.4474106271141846,10,3,0,0,normal
2026-02-08T11:00:00,Водонагреватель,ГВС,3.0,0.4043059858863779,11,3,0,0,normal
2026-02-08T12:00:00,Водонагреватель,ГВС,3.0,0.6251294298724152,12,3,0,0,normal
2026-02-08T13:00:00,Водонагреватель,ГВС,3.0,0.6400507367620303,13,3,0,0,normal
2026-02-08T14:00:00,Водонагреватель,ГВС,3.0,0.4877228613386279,14,3,0,0,normal
2026-02-08T15:00:00,Водонагреватель,ГВС,3.0,0.6886537606507857,15,3,0,0,normal
2026-02-08T16:00:00,Водонагреватель,ГВС,3.0,0.8066165008478231,16,3,0,0,normal
2026-02-08T17:00:00,Водонагреватель,ГВС,3.0,0.665903076540778,17,3,0,0,normal
2026-02-08T18:00:00,Водонагреватель,ГВС,3.0,1.702121471126506,18,3,0,0,normal
2026-02-08T19:00:00,Водонагреватель,ГВС,3.0,2.332503182091018,19,3,0,0,normal
2026-02-08T20:00:00,Водонагреватель,ГВС,3.0,2.5119843056735687,20,3,0,0,normal
2026-02-08T21:00:00,Водонагреватель,ГВС,3.0,2.046153498534113,21,3,0,0,normal
2026-02-08T22:00:00,Водонагреватель,ГВС,3.0,1.5272331550665186,22,3,0,0,normal
2026-02-08T23:00:00,Водонагреватель,ГВС,3.0,0.5565409332059658,23,3,0,0,normal
2026-02-09T00:00:00,Водонагреватель,ГВС,3.0,0.3597473504180866,0,4,0,0,normal
2026-02-09T01:00:00,Водонагреватель,ГВС,3.0,0.13752054572856445,1,4,0,0,normal
2026-02-09T02:00:00,Водонагреватель,ГВС,3.0,0.3689832688096101,2,4,0,0,normal
2026-02-09T03:00:00,Водонагреватель,ГВС,3.0,0.3066027891250102,3,4,0,0,normal
2026-02-09T04:00:00,Водонагреватель,ГВС,3.0,0.29804187219692935,4,4,0,0,normal
2026-02-09T05:00:00,Водонагреватель,ГВС,3.0,0.4537097269959257,5,4,0,0,normal
2026-02-09T06:00:00,Водонагреватель,ГВС,3.0,1.6949685622591162,6,4,0,0,normal
2026-02-09T07:00:00,Водонагреватель,ГВС,3.0,2.3276092830479076,7,4,0,0,normal
2026-02-09T08:00:00,Водонагреватель,ГВС,3.0,2.2320855892125464,8,4,0,0,normal
2026-02-09T09:00:00,Водонагреватель,ГВС,3.0,1.0899384486641877,9,4,0,0,normal
2026-02-09T10:00:00,Водонагреватель,ГВС,3.0,0.4101728478266547,10,4,0,0,normal
2026-02-09T11:00:00,Водонагреватель,ГВС,3.0,0.4644398909016897,11,4,0,0,normal
2026-02-09T12:00:00,Водонагреватель,ГВС,3.0,0.5632214181800992,12,4,0,0,normal
2026-02-09T13:00:00,Водонагреватель,ГВС,3.0,0.6289115912061047,13,4,0,0,normal
2026-02-09T14:00:00,Водонагреватель,ГВС,3.0,0.723557036636312,14,4,0,0,normal
2026-02-09T15:00:00,Водонагреватель,ГВС,3.0,0.6065740681240752,15,4,0,0,normal
2026-02-09T16:00:00,Водонагреватель,ГВС,3.0,0.6325950726264274,16,4,0,0,normal
2026-02-09T17:00:00,Водонагреватель,ГВС,3.0,0.8577586946725019,17,4,0,0,normal
2026-02-09T18:00:00,Водонагреватель,ГВС,3.0,1.5261545433943198,18,4,0,0,normal
2026-02-09T19:00:00,Водонагреватель,ГВС,3.0,2.573790775923458,19,4,0,0,normal
2026-02-09T20:00:00,Водонагреватель,ГВС,3.0,2.684913093512253,20,4,0,0,normal
2026-02-09T21:00:00,Водонагреватель,ГВС,3.0,1.9534757531095113,21,4,0,0,normal
2026-02-09T22:00:00,Водонагреватель,ГВС,3.0,1.1577578713127972,22,4,0,0,normal
2026-02-09T23:00:00,Водонагреватель,ГВС,3.0,0.5239325653551168,23,4,0,0,normal
2026-02-10T00:00:00,Водонагреватель,ГВС,3.0,0.036626028013505646,0,5,0,0,normal
2026-02-10T01:00:00,Водонагреватель,ГВС,3.0,0.33481125111349086,1,5,0,0,normal
2026-02-10T02:00:00,Водонагреватель,ГВС,3.0,0.32673486648810596,2,5,0,0,normal
2026-02-10T03:00:00,Водонагреватель,ГВС,3.0,0.4408117255546774,3,5,0,0,normal
2026-02-10T04:00:00,Водонагреватель,ГВС,3.0,0.3131915401819293,4,5,0,0,normal
2026-02-10T05:00:00,Водонагреватель,ГВС,3.0,0.5859540452692354,5,5,0,0,normal
2026-02-10T06:00:00,Водонагреватель,ГВС,3.0,2.1263897530643616,6,5,0,0,normal
2026-02-10T07:00:00,Водонагреватель,ГВС,3.0,3.028727964162974,7,5,0,0,normal
2026-02-10T08:00:00,Водонагреватель,ГВС,3.0,2.511891122136735,8,5,0,0,normal
2026-02-10T09:00:00,Водонагреватель,ГВС,3.0,1.3855572146922477,9,5,0,0,normal
2026-02-10T10:00:00,Водонагреватель,ГВС,3.0,0.7348887101545291,10,5,0,0,normal
2026-02-10T11:00:00,Водонагреватель,ГВС,3.0,0.44523456749459867,11,5,0,0,normal
2026-02-10T12:00:00,Водонагреватель,ГВС,3.0,0.32081619127547106,12,5,0,0,normal
2026-02-10T13:00:00,Водонагреватель,ГВС,3.0,0.40128682940356997,13,5,0,0,normal
2026-02-10T14:00:00,Водонагреватель,ГВС,3.0,0.3298745178813923,14,5,0,0,normal
2026-02-10T15:00:00,Водонагреватель,ГВС,3.0,0.7680614047050335,15,5,0,0,normal
2026-02-10T16:00:00,Водонагреватель,ГВС,3.0,0.844784123497462,16,5,0,0,normal
2026-02-10T17:00:00,Водонагреватель,ГВС,3.0,0.9480557068852472,17,5,0,0,normal
2026-02-10T18:00:00,Водонагреватель,ГВС,3.0,1.7566271358490613,18,5,0,0,normal
2026-02-10T19:00:00,Водонагреватель,ГВС,3.0,2.680480445259492,19,5,0,0,normal
2026-02-10T20:00:00,Водонагреватель,ГВС,3.0,2.9374125412878893,20,5,0,0,normal
2026-02-10T21:00:00,Водонагреватель,ГВС,3.0,2.3692070963861567,21,5,0,0,normal
2026-02-10T22:00:00,Водонагреватель,ГВС,3.0,1.3124182700108127,22,5,0,0,normal
2026-02-10T23:00:00,Водонагреватель,ГВС,3.0,0.6317013767986339,23,5,0,0,normal
2026-02-11T00:00:00,Водонагреватель,ГВС,3.0,0.2857771769796618,0,6,0,0,normal
2026-02-11T01:00:00,Водонагреватель,ГВС,3.0,0.3581263690394406,1,6,0,0,normal
2026-02-11T02:00:00,Водонагреватель,ГВС,3.0,0.3428363284195129,2,6,0,0,normal
2026-02-11T03:00:00,Водонагреватель,ГВС,3.0,0.4434153050118468,3,6,0,0,normal
2026-02-11T04:00:00,Водонагреватель,ГВС,3.0,0.45081674450357734,4,6,0,0,normal
2026-02-11T05:00:00,Водонагреватель,ГВС,3.0,0.5987772752702142,5,6,0,0,normal
2026-02-11T06:00:00,Водонагреватель,ГВС,3.0,2.1164745254068325,6,6,0,0,normal
2026-02-11T07:00:00,Водонагреватель,ГВС,3.0,2.9822335435808665,7,6,0,0,normal
2026-02-11T08:00:00,Водонагреватель,ГВС,3.0,2.6849459482222615,8,6,0,0,normal
2026-02-11T09:00:00,Водонагреватель,ГВС,3.0,1.4526263521522247,9,6,0,0,normal
2026-02-11T10:00:00,Водонагреватель,ГВС,3.0,0.7496825596537148,10,6,0,0,normal
2026-02-11T11:00:00,Водонагреватель,ГВС,3.0,0.6811307482218998,11,6,0,1,point_outlier
2026-02-11T12:00:00,Водонагреватель,ГВС,3.0,0.29958331473420946,12,6,0,1,point_outlier
2026-02-11T13:00:00,Водонагреватель,ГВС,3.0,0.4914307882277016,13,6,0,1,point_outlier
2026-02-11T14:00:00,Водонагреватель,ГВС,3.0,0.7251049236889926,14,6,0,0,normal
2026-02-11T15:00:00,Водонагреватель,ГВС,3.0,0.6930088118059505,15,6,0,0,normal
2026-02-11T16:00:00,Водонагреватель,ГВС,3.0,0.7862339197298831,16,6,0,0,normal
2026-02-11T17:00:00,Водонагреватель,ГВС,3.0,1.1818493741911447,17,6,0,0,normal
2026-02-11T18:00:00,Водонагреватель,ГВС,3.0,1.9807013734006038,18,6,0,0,normal
2026-02-11T19:00:00,Водонагреватель,ГВС,3.0,3.1414780047479995,19,6,0,0,normal
2026-02-11T20:00:00,Водонагреватель,ГВС,3.0,3.1894998160252803,20,6,0,0,normal
2026-02-11T21:00:00,Водонагреватель,ГВС,3.0,2.557797120993869,21,6,0,0,normal
2026-02-11T22:00:00,Водонагреватель,ГВС,3.0,1.466706034118354,22,6,0,0,normal
2026-02-11T23:00:00,Водонагреватель,ГВС,3.0,0.5115664273277805,23,6,0,0,normal
2026-02-12T00:00:00,Водонагреватель,ГВС,3.0,0.43121724250035964,0,0,0,0,normal
2026-02-12T01:00:00,Водонагреватель,ГВС,3.0,0.19660383918328184,1,0,0,0,normal
2026-02-12T02:00:00,Водонагреватель,ГВС,3.0,0.2652580426610945,2,0,0,0,normal
2026-02-12T03:00:00,Водонагреватель,ГВС,3.0,0.2744801964069852,3,0,0,0,normal
2026-02-12T04:00:00,Водонагреватель,ГВС,3.0,0.3845060200702337,4,0,0,0,normal
2026-02-12T05:00:00,Водонагреватель,ГВС,3.0,0.6531709546381509,5,0,0,0,normal
2026-02-12T06:00:00,Водонагреватель,ГВС,3.0,1.6247561718147618,6,0,0,0,normal
2026-02-12T07:00:00,Водонагреватель,ГВС,3.0,2.4850520454609453,7,0,0,0,normal
2026-02-12T08:00:00,Водонагреватель,ГВС,3.0,2.304481579279849,8,0,0,0,normal
2026-02-12T09:00:00,Водонагреватель,ГВС,3.0,1.0963490793838957,9,0,0,0,normal
2026-02-12T10:00:00,Водонагреватель,ГВС,3.0,0.45284994127924577,10,0,0,0,normal
2026-02-12T11:00:00,Водонагреватель,ГВС,3.0,0.37948903041847354,11,0,0,0,normal
2026-02-12T12:00:00,Водонагреватель,ГВС,3.0,0.4110113223541175,12,0,0,0,normal
2026-02-12T13:00:00,Водонагреватель,ГВС,3.0,0.5748615405323363,13,0,0,0,normal
2026-02-12T14:00:00,Водонагреватель,ГВС,3.0,0.38532982799188153,14,0,0,0,normal
2026-02-12T15:00:00,Водонагреватель,ГВС,3.0,0.5294071969958268,15,0,0,0,normal
2026-02-12T16:00:00,Водонагреватель,ГВС,3.0,0.5631623134746341,16,0,0,0,normal
2026-02-12T17:00:00,Водонагреватель,ГВС,3.0,0.8837454010351382,17,0,0,0,normal
2026-02-12T18:00:00,Водонагреватель,ГВС,3.0,1.8423827346737085,18,0,0,0,normal
2026-02-12T19:00:00,Водонагреватель,ГВС,3.0,2.385897089018612,19,0,0,0,normal
2026-02-12T20:00:00,Водонагреватель,ГВС,3.0,2.606347994657781,20,0,0,0,normal
2026-02-12T21:00:00,Водонагреватель,ГВС,3.0,1.83309433645759,21,0,0,0,normal
2026-02-12T22:00:00,Водонагреватель,ГВС,3.0,1.0782431566141841,22,0,0,0,normal
2026-02-12T23:00:00,Водонагреватель,ГВС,3.0,0.462258115570951,23,0,0,0,normal
2026-02-13T00:00:00,Водонагреватель,ГВС,3.0,0.3387417214209524,0,1,0,0,normal
2026-02-13T01:00:00,Водонагреватель,ГВС,3.0,0.3509445048074538,1,1,0,0,normal
2026-02-13T02:00:00,Водонагреватель,ГВС,3.0,0.2524063603685994,2,1,0,0,normal
2026-02-13T03:00:00,Водонагреватель,ГВС,3.0,0.24584121424121005,3,1,0,0,normal
2026-02-13T04:00:00,Водонагреватель,ГВС,3.0,0.2616686684073721,4,1,0,1,contextual
2026-02-13T05:00:00,Водонагреватель,ГВС,3.0,0.6053033887985313,5,1,0,1,contextual
2026-02-13T06:00:00,Водонагреватель,ГВС,3.0,1.7877710336224155,6,1,0,1,contextual
2026-02-13T07:00:00,Водонагреватель,ГВС,3.0,2.386503434141332,7,1,0,1,contextual
2026-02-13T08:00:00,Водонагреватель,ГВС,3.0,2.3934793747024083,8,1,0,1,contextual
2026-02-13T09:00:00,Водонагреватель,ГВС,3.0,1.0677960475331152,9,1,0,1,contextual
2026-02-13T10:00:00,Водонагреватель,ГВС,3.0,0.7080807532314342,10,1,0,1,contextual
2026-02-13T11:00:00,Водонагреватель,ГВС,3.0,0.4393609207190911,11,1,0,0,normal
2026-02-13T12:00:00,Водонагреватель,ГВС,3.0,0.47401783504371553,12,1,0,0,normal
2026-02-13T13:00:00,Водонагреватель,ГВС,3.0,0.5188609487433651,13,1,0,0,normal
2026-02-13T14:00:00,Водонагреватель,ГВС,3.0,0.2111662778667506,14,1,0,0,normal
2026-02-13T15:00:00,Водонагреватель,ГВС,3.0,0.8967289826723127,15,1,0,0,normal
2026-02-13T16:00:00,Водонагреватель,ГВС,3.0,0.719547689870407,16,1,0,0,normal
2026-02-13T17:00:00,Водонагреватель,ГВС,3.0,0.7798048434221301,17,1,0,0,normal
2026-02-13T18:00:00,Водонагреватель,ГВС,3.0,1.5120663811748913,18,1,0,0,normal
2026-02-13T19:00:00,Водонагреватель,ГВС,3.0,2.677134259215498,19,1,0,0,normal
2026-02-13T20:00:00,Водонагреватель,ГВС,3.0,2.8526084630437745,20,1,0,0,normal
2026-02-13T21:00:00,Водонагреватель,ГВС,3.0,2.286389520066958,21,1,0,0,normal
2026-02-13T22:00:00,Водонагреватель,ГВС,3.0,1.2059034908115351,22,1,0,0,normal
2026-02-13T23:00:00,Водонагреватель,ГВС,3.0,0.5343487552229266,23,1,0,0,normal
2026-02-14T00:00:00,Водонагреватель,ГВС,3.0,0.46946991767028373,0,2,0,0,normal
2026-02-14T01:00:00,Водонагреватель,ГВС,3.0,0.35564007609993287,1,2,0,0,normal
2026-02-14T02:00:00,Водонагреватель,ГВС,3.0,0.20599509731005716,2,2,0,0,normal
2026-02-14T03:00:00,Водонагреватель,ГВС,3.0,0.19157492041330695,3,2,0,0,normal
2026-02-14T04:00:00,Водонагреватель,ГВС,3.0,0.37820937142237493,4,2,0,0,normal
2026-02-14T05:00:00,Водонагреватель,ГВС,3.0,0.724514346859951,5,2,0,0,normal
2026-02-14T06:00:00,Водонагреватель,ГВС,3.0,1.6100611903933826,6,2,0,0,normal
2026-02-14T07:00:00,Водонагреватель,ГВС,3.0,2.532438263797024,7,2,0,0,normal
2026-02-14T08:00:00,Водонагреватель,ГВС,3.0,2.4985305074395527,8,2,0,0,normal
2026-02-14T09:00:00,Водонагреватель,ГВС,3.0,1.025003739187398,9,2,0,0,normal
2026-02-14T10:00:00,Водонагреватель,ГВС,3.0,0.6921350928953924,10,2,0,0,normal
2026-02-14T11:00:00,Водонагреватель,ГВС,3.0,0.48598673648004687,11,2,0,0,normal
2026-02-14T12:00:00,Водонагреватель,ГВС,3.0,0.386796417706707,12,2,0,0,normal
2026-02-14T13:00:00,Водонагреватель,ГВС,3.0,0.5861550477583684,13,2,0,0,normal
2026-02-14T14:00:00,Водонагреватель,ГВС,3.0,0.4981795377082899,14,2,0,0,normal
2026-02-14T15:00:00,Водонагреватель,ГВС,3.0,0.38263276291688464,15,2,0,0,normal
2026-02-14T16:00:00,Водонагреватель,ГВС,3.0,0.710496926361357,16,2,0,0,normal
2026-02-14T17:00:00,Водонагреватель,ГВС,3.0,1.0108322061502981,17,2,0,0,normal
2026-02-14T18:00:00,Водонагреватель,ГВС,3.0,1.5582855340802095,18,2,0,0,normal
2026-02-14T19:00:00,Водонагреватель,ГВС,3.0,2.6064543227247325,19,2,0,0,normal
2026-02-14T20:00:00,Водонагреватель,ГВС,3.0,2.7294718276372487,20,2,0,0,normal
2026-02-14T21:00:00,Водонагреватель,ГВС,3.0,2.0603086015228946,21,2,0,0,normal
2026-02-14T22:00:00,Водонагреватель,ГВС,3.0,1.2717619195379928,22,2,0,0,normal
2026-02-14T23:00:00,Водонагреватель,ГВС,3.0,0.59525662461455,23,2,0,0,normal
2026-01-01T00:00:00,Освещение,Свет,0.5,0.0,0,0,0,0,normal
2026-01-01T01:00:00,Освещение,Свет,0.5,0.0756890595002414,1,0,0,0,normal
2026-01-01T02:00:00,Освещение,Свет,0.5,0.0061040738423772415,2,0,0,0,normal
2026-01-01T03:00:00,Освещение,Свет,0.5,0.039854846559783615,3,0,0,0,normal
2026-01-01T04:00:00,Освещение,Свет,0.5,0.0,4,0,0,0,normal
2026-01-01T05:00:00,Освещение,Свет,0.5,0.0,5,0,0,0,normal
2026-01-01T06:00:00,Освещение,Свет,0.5,0.08762129796071172,6,0,0,0,normal
2026-01-01T07:00:00,Освещение,Свет,0.5,0.11121057888839818,7,0,0,0,normal
2026-01-01T08:00:00,Освещение,Свет,0.5,0.12301380155271031,8,0,0,0,normal
2026-01-01T09:00:00,Освещение,Свет,0.5,0.06307162738331967,9,0,0,0,normal
2026-01-01T10:00:00,Освещение,Свет,0.5,0.03434728729207004,10,0,0,0,normal
2026-01-01T11:00:00,Освещение,Свет,0.5,0.006358418692511379,11,0,0,0,normal
2026-01-01T12:00:00,Освещение,Свет,0.5,0.0,12,0,0,0,normal
2026-01-01T13:00:00,Освещение,Свет,0.5,0.0,13,0,0,0,normal
2026-01-01T14:00:00,Освещение,Свет,0.5,0.0519013326459118,14,0,0,0,normal
2026-01-01T15:00:00,Освещение,Свет,0.5,0.14854699982510358,15,0,0,0,normal
2026-01-01T16:00:00,Освещение,Свет,0.5,0.08674598501965497,16,0,0,0,normal
2026-01-01T17:00:00,Освещение,Свет,0.5,0.19589742262548038,17,0,0,0,normal
2026-01-01T18:00:00,Освещение,Свет,0.5,0.42617466500549356,18,0,0,0,normal
2026-01-01T19:00:00,Освещение,Свет,0.5,0.5366856152397919,19,0,0,0,normal
2026-01-01T20:00:00,Освещение,Свет,0.5,0.4595583206977503,20,0,0,0,normal
2026-01-01T21:00:00,Освещение,Свет,0.5,0.2792383703834408,21,0,0,0,normal
2026-01-01T22:00:00,Освещение,Свет,0.5,0.2055758970332067,22,0,0,0,normal
2026-01-01T23:00:00,Освещение,Свет,0.5,0.09163106778598085,23,0,0,0,normal
2026-01-02T00:00:00,Освещение,Свет,0.5,0.037801053984029116,0,1,0,0,normal
2026-01-02T01:00:00,Освещение,Свет,0.5,0.0,1,1,0,0,normal
2026-01-02T02:00:00,Освещение,Свет,0.5,0.0,2,1,0,0,normal
2026-01-02T03:00:00,Освещение,Свет,0.5,0.039654744303369065,3,1,0,0,normal
2026-01-02T04:00:00,Освещение,Свет,0.5,0.10374437572159698,4,1,0,0,normal
2026-01-02T05:00:00,Освещение,Свет,0.5,0.07273955039447672,5,1,0,0,normal
2026-01-02T06:00:00,Освещение,Свет,0.5,0.03304397336673211,6,1,0,0,normal
2026-01-02T07:00:00,Освещение,Свет,0.5,0.19354367149167157,7,1,0,0,normal
2026-01-02T08:00:00,Освещение,Свет,0.5,0.07111996180071327,8,1,0,0,normal
2026-01-02T09:00:00,Освещение,Свет,0.5,0.03234527524703487,9,1,0,0,normal
2026-01-02T10:00:00,Освещение,Свет,0.5,0.008754725515102623,10,1,0,0,normal
2026-01-02T11:00:00,Освещение,Свет,0.5,0.031043333012192642,11,1,0,0,normal
2026-01-02T12:00:00,Освещение,Свет,0.5,0.11887313981538754,12,1,0,0,normal
2026-01-02T13:00:00,Освещение,Свет,0.5,0.0,13,1,0,0,normal
2026-01-02T14:00:00,Освещение,Свет,0.5,0.07381493827509221,14,1,0,0,normal
2026-01-02T15:00:00,Освещение,Свет,0.5,0.04394986816133657,15,1,0,0,normal
2026-01-02T16:00:00,Освещение,Свет,0.5,0.13744278111319533,16,1,0,0,normal
2026-01-02T17:00:00,Освещение,Свет,0.5,0.28803260792176255,17,1,0,0,normal
2026-01-02T18:00:00,Освещение,Свет,0.5,0.44161205192623165,18,1,0,0,normal
2026-01-02T19:00:00,Освещение,Свет,0.5,0.5052415752574193,19,1,0,0,normal
2026-01-02T20:00:00,Освещение,Свет,0.5,0.5227673019671226,20,1,0,0,normal
2026-01-02T21:00:00,Освещение,Свет,0.5,0.29360517783446666,21,1,0,0,normal
2026-01-02T22:00:00,Освещение,Свет,0.5,0.2598081486105304,22,1,0,0,normal
2026-01-02T23:00:00,Освещение,Свет,0.5,0.09386535490490193,23,1,0,0,normal
2026-01-03T00:00:00,Освещение,Свет,0.5,0.10195453539961337,0,2,0,0,normal
2026-01-03T01:00:00,Освещение,Свет,0.5,0.0,1,2,0,0,normal
2026-01-03T02:00:00,Освещение,Свет,0.5,0.009427446469662922,2,2,0,0,normal
2026-01-03T03:00:00,Освещение,Свет,0.5,0.0,3,2,0,0,normal
2026-01-03T04:00:00,Освещение,Свет,0.5,0.0,4,2,0,0,normal
2026-01-03T05:00:00,Освещение,Свет,0.5,0.0,5,2,0,0,normal
2026-01-03T06:00:00,Освещение,Свет,0.5,0.05875211028160088,6,2,0,0,normal
2026-01-03T07:00:00,Освещение,Свет,0.5,0.1293184533146377,7,2,0,0,normal
2026-01-03T08:00:00,Освещение,Свет,0.5,0.03969792332276119,8,2,0,0,normal
2026-01-03T09:00:00,Освещение,Свет,0.5,0.001612160682622652,9,2,0,0,normal
2026-01-03T10:00:00,Освещение,Свет,0.5,0.05963807231608415,10,2,0,0,normal
2026-01-03T11:00:00,Освещение,Свет,0.5,0.03203247553126868,11,2,0,0,normal
2026-01-03T12:00:00,Освещение,Свет,0.5,0.054589377932922484,12,2,0,0,normal
2026-01-03T13:00:00,Освещение,Свет,0.5,0.14716775088553946,13,2,0,0,normal
2026-01-03T14:00:00,Освещение,Свет,0.5,0.04085440807903055,14,2,0,0,normal
2026-01-03T15:00:00,Освещение,Свет,0.5,0.055553332612814026,15,2,0,0,normal
2026-01-03T16:00:00,Освещение,Свет,0.5,0.018956502563853676,16,2,0,0,normal
2026-01-03T17:00:00,Освещение,Свет,0.5,0.15068169522570327,17,2,0,0,normal
2026-01-03T18:00:00,Освещение,Свет,0.5,0.4338614932514996,18,2,0,0,normal
2026-01-03T19:00:00,Освещение,Свет,0.5,0.4490596688855262,19,2,0,0,normal
2026-01-03T20:00:00,Освещение,Свет,0.5,0.49595791853313737,20,2,0,0,normal
2026-01-03T21:00:00,Освещение,Свет,0.5,0.3995064448387373,21,2,0,0,normal
2026-01-03T22:00:00,Освещение,Свет,0.5,0.19793316460495639,22,2,0,0,normal
2026-01-03T23:00:00,Освещение,Свет,0.5,0.08865413744366454,23,2,0,0,normal
2026-01-04T00:00:00,Освещение,Свет,0.5,0.0,0,3,0,0,normal
2026-01-04T01:00:00,Освещение,Свет,0.5,0.03724068024432911,1,3,0,0,normal
2026-01-04T02:00:00,Освещение,Свет,0.5,0.0,2,3,0,0,normal
2026-01-04T03:00:00,Освещение,Свет,0.5,0.03613128840765645,3,3,0,0,normal
2026-01-04T04:00:00,Освещение,Свет,0.5,0.05190454588241864,4,3,0,0,normal
2026-01-04T05:00:00,Освещение,Свет,0.5,0.0,5,3,0,0,normal
2026-01-04T06:00:00,Освещение,Свет,0.5,0.04499254058049913,6,3,0,0,normal
2026-01-04T07:00:00,Освещение,Свет,0.5,0.1506243151868526,7,3,0,0,normal
2026-01-04T08:00:00,Освещение,Свет,0.5,0.1264413127844037,8,3,0,0,normal
2026-01-04T09:00:00,Освещение,Свет,0.5,0.04977006746645367,9,3,0,0,normal
2026-01-04T10:00:00,Освещение,Свет,0.5,0.0,10,3,0,0,normal
2026-01-04T11:00:00,Освещение,Свет,0.5,0.10567340092504983,11,3,0,0,normal
2026-01-04T12:00:00,Освещение,Свет,0.5,0.05882641471918541,12,3,0,0,normal
2026-01-04T13:00:00,Освещение,Свет,0.5,0.04725205244428598,13,3,0,0,normal
2026-01-04T14:00:00,Освещение,Свет,0.5,0.06587710087819415,14,3,0,0,normal
2026-01-04T15:00:00,Освещение,Свет,0.5,0.09266545008851763,15,3,0,1,drift
2026-01-04T16:00:00,Освещение,Свет,0.5,0.1375659085878521,16,3,0,1,drift
2026-01-04T17:00:00,Освещение,Свет,0.5,0.24606054994121712,17,3,0,1,drift
2026-01-04T18:00:00,Освещение,Свет,0.5,0.4082597528495798,18,3,0,1,drift
2026-01-04T19:00:00,Освещение,Свет,0.5,0.38851397708782837,19,3,0,1,drift
2026-01-04T20:00:00,Освещение,Свет,0.5,0.4941653747317002,20,3,0,1,drift
2026-01-04T21:00:00,Освещение,Свет,0.5,0.4521487907861585,21,3,0,1,drift
2026-01-04T22:00:00,Освещение,Свет,0.5,0.1317362992967451,22,3,0,1,drift
2026-01-04T23:00:00,Освещение,Свет,0.5,0.10144998338275714,23,3,0,1,drift
2026-01-05T00:00:00,Освещение,Свет,0.5,0.0,0,4,0,1,drift
2026-01-05T01:00:00,Освещение,Свет,0.5,0.0,1,4,0,1,drift
2026-01-05T02:00:00,Освещение,Свет,0.5,0.0,2,4,0,1,drift
2026-01-05T03:00:00,Освещение,Свет,0.5,0.0,3,4,0,1,drift
2026-01-05T04:00:00,Освещение,Свет,0.5,0.05892460830363551,4,4,0,1,drift
2026-01-05T05:00:00,Освещение,Свет,0.5,0.0041057370700848935,5,4,0,1,drift
2026-01-05T06:00:00,Освещение,Свет,0.5,0.09098575107625459,6,4,0,1,drift
2026-01-05T07:00:00,Освещение,Свет,0.5,0.1920047206787128,7,4,0,1,drift
2026-01-05T08:00:00,Освещение,Свет,0.5,0.14263537600979992,8,4,0,1,drift
2026-01-05T09:00:00,Освещение,Свет,0.5,0.009547561358704033,9,4,0,1,drift
2026-01-05T10:00:00,Освещение,Свет,0.5,0.10490249030543555,10,4,0,1,drift
2026-01-05T11:00:00,Освещение,Свет,0.5,0.014658201208436418,11,4,0,1,drift
2026-01-05T12:00:00,Освещение,Свет,0.5,0.015185609726701774,12,4,0,1,drift
2026-01-05T13:00:00,Освещение,Свет,0.5,0.0,13,4,0,1,drift
2026-01-05T14:00:00,Освещение,Свет,0.5,0.025595233417218238,14,4,0,1,drift
2026-01-05T15:00:00,Освещение,Свет,0.5,0.019505391407052593,15,4,0,1,drift
2026-01-05T16:00:00,Освещение,Свет,0.5,0.053029965041616,16,4,0,1,drift
2026-01-05T17:00:00,Освещение,Свет,0.5,0.2254438610091635,17,4,0,1,drift
2026-01-05T18:00:00,Освещение,Свет,0.5,0.4913833153637353,18,4,0,1,drift
2026-01-05T19:00:00,Освещение,Свет,0.5,0.5272533562526321,19,4,0,1,drift
2026-01-05T20:00:00,Освещение,Свет,0.5,0.4164461861752465,20,4,0,1,drift
2026-01-05T21:00:00,Освещение,Свет,0.5,0.3060358655582565,21,4,0,1,drift
2026-01-05T22:00:00,Освещение,Свет,0.5,0.19800317164828313,22,4,0,1,drift
2026-01-05T23:00:00,Освещение,Свет,0.5,0.03367649069137799,23,4,0,1,drift
2026-01-06T00:00:00,Освещение,Свет,0.5,0.0,0,5,0,1,drift
2026-01-06T01:00:00,Освещение,Свет,0.5,0.029967678040736568,1,5,0,1,drift
2026-01-06T02:00:00,Освещение,Свет,0.5,0.10973855078821834,2,5,0,1,drift
2026-01-06T03:00:00,Освещение,Свет,0.5,0.05816630302501332,3,5,0,1,drift
2026-01-06T04:00:00,Освещение,Свет,0.5,0.020263025303156667,4,5,0,1,drift
2026-01-06T05:00:00,Освещение,Свет,0.5,0.04910506543298959,5,5,0,1,drift
2026-01-06T06:00:00,Освещение,Свет,0.5,0.09822052138177326,6,5,0,1,drift
2026-01-06T07:00:00,Освещение,Свет,0.5,0.11915433942022192,7,5,0,0,normal
2026-01-06T08:00:00,Освещение,Свет,0.5,0.12713507164182444,8,5,0,0,normal
2026-01-06T09:00:00,Освещение,Свет,0.5,0.06247750705976484,9,5,0,0,normal
2026-01-06T10:00:00,Освещение,Свет,0.5,0.05836089083648589,10,5,0,0,normal
2026-01-06T11:00:00,Освещение,Свет,0.5,0.03487314041684471,11,5,0,0,normal
2026-01-06T12:00:00,Освещение,Свет,0.5,0.08226363931233786,12,5,0,0,normal
2026-01-06T13:00:00,Освещение,Свет,0.5,0.07120196999933463,13,5,0,0,normal
2026-01-06T14:00:00,Освещение,Свет,0.5,0.029468530063087705,14,5,0,0,normal
2026-01-06T15:00:00,Освещение,Свет,0.5,0.0462237896825612,15,5,0,0,normal
2026-01-06T16:00:00,Освещение,Свет,0.5,0.21250809686860445,16,5,0,0,normal
2026-01-06T17:00:00,Освещение,Свет,0.5,0.3867524672801051,17,5,0,0,normal
2026-01-06T18:00:00,Освещение,Свет,0.5,0.5852725672879253,18,5,0,0,normal
2026-01-06T19:00:00,Освещение,Свет,0.5,0.6345011699194236,19,5,0,0,normal
2026-01-06T20:00:00,Освещение,Свет,0.5,0.47941799977581134,20,5,0,0,normal
2026-01-06T21:00:00,Освещение,Свет,0.5,0.41083284202906695,21,5,0,0,normal
2026-01-06T22:00:00,Освещение,Свет,0.5,0.40031982514796927,22,5,0,0,normal
2026-01-06T23:00:00,Освещение,Свет,0.5,0.05888704781556271,23,5,0,0,normal
2026-01-07T00:00:00,Освещение,Свет,0.5,0.0,0,6,0,0,normal
2026-01-07T01:00:00,Освещение,Свет,0.5,0.02993369195158713,1,6,0,0,normal
2026-01-07T02:00:00,Освещение,Свет,0.5,0.0,2,6,0,0,normal
2026-01-07T03:00:00,Освещение,Свет,0.5,0.037074843750352776,3,6,0,0,normal
2026-01-07T04:00:00,Освещение,Свет,0.5,0.00628496051365941,4,6,0,0,normal
2026-01-07T05:00:00,Освещение,Свет,0.5,0.0,5,6,0,0,normal
2026-01-07T06:00:00,Освещение,Свет,0.5,0.16514203527399335,6,6,0,0,normal
2026-01-07T07:00:00,Освещение,Свет,0.5,0.11235603858151576,7,6,0,0,normal
2026-01-07T08:00:00,Освещение,Свет,0.5,0.1281900437920533,8,6,0,0,normal
2026-01-07T09:00:00,Освещение,Свет,0.5,0.001020167678511776,9,6,0,0,normal
2026-01-07T10:00:00,Освещение,Свет,0.5,0.011797189898460344,10,6,0,0,normal
2026-01-07T11:00:00,Освещение,Свет,0.5,0.07811380297427822,11,6,0,0,normal
2026-01-07T12:00:00,Освещение,Свет,0.5,0.0,12,6,0,0,normal
2026-01-07T13:00:00,Освещение,Свет,0.5,0.10742801748718447,13,6,0,0,normal
2026-01-07T14:00:00,Освещение,Свет,0.5,0.0,14,6,0,0,normal
2026-01-07T15:00:00,Освещение,Свет,0.5,0.0901715562609748,15,6,0,0,normal
2026-01-07T16:00:00,Освещение,Свет,0.5,0.2077563011182221,16,6,0,0,normal
2026-01-07T17:00:00,Освещение,Свет,0.5,0.3534507151485152,17,6,0,0,normal
2026-01-07T18:00:00,Освещение,Свет,0.5,0.46643632095221443,18,6,0,0,normal
2026-01-07T19:00:00,Освещение,Свет,0.5,0.7189605729203082,19,6,0,0,normal
2026-01-07T20:00:00,Освещение,Свет,0.5,0.6587061745073216,20,6,0,0,normal
2026-01-07T21:00:00,Освещение,Свет,0.5,0.514921140785474,21,6,0,0,normal
2026-01-07T22:00:00,Освещение,Свет,0.5,0.21899278572557937,22,6,0,0,normal
2026-01-07T23:00:00,Освещение,Свет,0.5,0.08476782899797422,23,6,0,0,normal
2026-01-08T00:00:00,Освещение,Свет,0.5,0.0,0,0,0,0,normal
2026-01-08T01:00:00,Освещение,Свет,0.5,0.049118573243811706,1,0,0,0,normal
2026-01-08T02:00:00,Освещение,Свет,0.5,0.04696508315277641,2,0,0,0,normal
2026-01-08T03:00:00,Освещение,Свет,0.5,0.0,3,0,0,0,normal
2026-01-08T04:00:00,Освещение,Свет,0.5,0.08614685625492245,4,0,0,0,normal
2026-01-08T05:00:00,Освещение,Свет,0.5,0.08729230969844386,5,0,0,0,normal
2026-01-08T06:00:00,Освещение,Свет,0.5,0.09521311423710176,6,0,0,0,normal
2026-01-08T07:00:00,Освещение,Свет,0.5,0.11561854268748684,7,0,0,0,normal
2026-01-08T08:00:00,Освещение,Свет,0.5,0.0,8,0,0,0,normal
2026-01-08T09:00:00,Освещение,Свет,0.5,0.013619952855157057,9,0,0,0,normal
2026-01-08T10:00:00,Освещение,Свет,0.5,0.06726399336389872,10,0,0,0,normal
2026-01-08T11:00:00,Освещение,Свет,0.5,0.0,11,0,0,0,normal
2026-01-08T12:00:00,Освещение,Свет,0.5,0.007419726582510457,12,0,0,0,normal
2026-01-08T13:00:00,Освещение,Свет,0.5,0.0,13,0,0,0,normal
2026-01-08T14:00:00,Освещение,Свет,0.5,0.04379501388045305,14,0,0,0,normal
2026-01-08T15:00:00,Освещение,Свет,0.5,0.06709966579187926,15,0,0,1,point_outlier
2026-01-08T16:00:00,Освещение,Свет,0.5,0.11609731898411683,16,0,0,0,normal
2026-01-08T17:00:00,Освещение,Свет,0.5,0.13379889862042454,17,0,0,0,normal
2026-01-08T18:00:00,Освещение,Свет,0.5,0.4250816889554106,18,0,0,0,normal
2026-01-08T19:00:00,Освещение,Свет,0.5,0.4998183382230288,19,0,0,0,normal
2026-01-08T20:00:00,Освещение,Свет,0.5,0.5079673847828355,20,0,0,0,normal
2026-01-08T21:00:00,Освещение,Свет,0.5,0.4276162147704759,21,0,0,0,normal
2026-01-08T22:00:00,Освещение,Свет,0.5,0.18450924570557678,22,0,0,0,normal
2026-01-08T23:00:00,Освещение,Свет,0.5,0.1551818919595264,23,0,0,0,normal
2026-01-09T00:00:00,Освещение,Свет,0.5,0.009468510561426119,0,1,0,0,normal
2026-01-09T01:00:00,Освещение,Свет,0.5,0.05595932218224879,1,1,0,0,normal
2026-01-09T02:00:00,Освещение,Свет,0.5,0.031591603555846885,2,1,0,0,normal
2026-01-09T03:00:00,Освещение,Свет,0.5,0.0,3,1,0,0,normal
2026-01-09T04:00:00,Освещение,Свет,0.5,0.015473739899543022,4,1,0,0,normal
2026-01-09T05:00:00,Освещение,Свет,0.5,0.05652682124201895,5,1,0,0,normal
2026-01-09T06:00:00,Освещение,Свет,0.5,0.08481922293970748,6,1,0,0,normal
2026-01-09T07:00:00,Освещение,Свет,0.5,0.15818545304016116,7,1,0,0,normal
2026-01-09T08:00:00,Освещение,Свет,0.5,0.07188644923834453,8,1,0,0,normal
2026-01-09T09:00:00,Освещение,Свет,0.5,0.0594559346873375,9,1,0,0,normal
2026-01-09T10:00:00,Освещение,Свет,0.5,0.0644160940443129,10,1,0,0,normal
2026-01-09T11:00:00,Освещение,Свет,0.5,0.0,11,1,0,0,normal
2026-01-09T12:00:00,Освещение,Свет,0.5,0.020491472824899035,12,1,0,0,normal
2026-01-09T13:00:00,Освещение,Свет,0.5,0.05630593603425444,13,1,0,0,normal
2026-01-09T14:00:00,Освещение,Свет,0.5,0.13802962776531827,14,1,0,0,normal
2026-01-09T15:00:00,Освещение,Свет,0.5,0.04076947156111649,15,1,0,0,normal
2026-01-09T16:00:00,Освещение,Свет,0.5,0.06449555288670883,16,1,0,0,normal
2026-01-09T17:00:00,Освещение,Свет,0.5,0.3379236318816303,17,1,0,0,normal
2026-01-09T18:00:00,Освещение,Свет,0.5,0.3799810018362582,18,1,0,0,normal
2026-01-09T19:00:00,Освещение,Свет,0.5,0.5080504237451702,19,1,0,0,normal
2026-01-09T20:00:00,Освещение,Свет,0.5,0.46855535528026093,20,1,0,0,normal
2026-01-09T21:00:00,Освещение,Свет,0.5,0.4470697718381171,21,1,0,0,normal
2026-01-09T22:00:00,Освещение,Свет,0.5,0.25716281198472796,22,1,0,0,normal
2026-01-09T23:00:00,Освещение,Свет,0.5,0.08156937147552298,23,1,0,0,normal
2026-01-10T00:00:00,Освещение,Свет,0.5,0.07589409854790535,0,2,0,0,normal
2026-01-10T01:00:00,Освещение,Свет,0.5,0.0,1,2,0,0,normal
2026-01-10T02:00:00,Освещение,Свет,0.5,0.02010169455035666,2,2,0,0,normal
2026-01-10T03:00:00,Освещение,Свет,0.5,0.0,3,2,0,0,normal
2026-01-10T04:00:00,Освещение,Свет,0.5,0.0,4,2,0,0,normal
2026-01-10T05:00:00,Освещение,Свет,0.5,0.024716410662088746,5,2,0,0,normal
2026-01-10T06:00:00,Освещение,Свет,0.5,0.07442440464722967,6,2,0,0,normal
2026-01-10T07:00:00,Освещение,Свет,0.5,0.08597991390954982,7,2,0,0,normal
2026-01-10T08:00:00,Освещение,Свет,0.5,0.18187657220497622,8,2,0,0,normal
2026-01-10T09:00:00,Освещение,Свет,0.5,0.0,9,2,0,0,normal
2026-01-10T10:00:00,Освещение,Свет,0.5,0.11455715897626152,10,2,0,0,normal
2026-01-10T11:00:00,Освещение,Свет,0.5,0.0,11,2,0,0,normal
2026-01-10T12:00:00,Освещение,Свет,0.5,0.03339025693457883,12,2,0,0,normal
2026-01-10T13:00:00,Освещение,Свет,0.5,0.020701784891242407,13,2,0,0,normal
2026-01-10T14:00:00,Освещение,Свет,0.5,0.0,14,2,0,0,normal
2026-01-10T15:00:00,Освещение,Свет,0.5,0.10963281420729135,15,2,0,0,normal
2026-01-10T16:00:00,Освещение,Свет,0.5,0.11684431959249224,16,2,0,0,normal
2026-01-10T17:00:00,Освещение,Свет,0.5,0.3856231255977574,17,2,0,0,normal
2026-01-10T18:00:00,Освещение,Свет,0.5,0.390620757092148,18,2,0,0,normal
2026-01-10T19:00:00,Освещение,Свет,0.5,0.47123915677381345,19,2,0,0,normal
2026-01-10T20:00:00,Освещение,Свет,0.5,0.5406453006349324,20,2,0,0,normal
2026-01-10T21:00:00,Освещение,Свет,0.5,0.2850057991238691,21,2,0,0,normal
2026-01-10T22:00:00,Освещение,Свет,0.5,0.32659479296024874,22,2,0,0,normal
2026-01-10T23:00:00,Освещение,Свет,0.5,0.15734990667068172,23,2,0,0,normal
2026-01-11T00:00:00,Освещение,Свет,0.5,0.0,0,3,0,0,normal
2026-01-11T01:00:00,Освещение,Свет,0.5,0.0861652990828946,1,3,0,0,normal
2026-01-11T02:00:00,Освещение,Свет,0.5,0.030122465459979122,2,3,0,0,normal
2026-01-11T03:00:00,Освещение,Свет,0.5,0.0,3,3,0,0,normal
2026-01-11T04:00:00,Освещение,Свет,0.5,0.03757331646163876,4,3,0,0,normal
2026-01-11T05:00:00,Освещение,Свет,0.5,0.07399400293673637,5,3,0,0,normal
2026-01-11T06:00:00,Освещение,Свет,0.5,0.09829718397348935,6,3,0,0,normal
2026-01-11T07:00:00,Освещение,Свет,0.5,0.14653086741528126,7,3,0,0,normal
2026-01-11T08:00:00,Освещение,Свет,0.5,0.0983488697281425,8,3,0,0,normal
2026-01-11T09:00:00,Освещение,Свет,0.5,0.059816232732026464,9,3,0,0,normal
2026-01-11T10:00:00,Освещение,Свет,0.5,0.0,10,3,0,0,normal
2026-01-11T11:00:00,Освещение,Свет,0.5,0.019687025306418495,11,3,0,0,normal
2026-01-11T12:00:00,Освещение,Свет,0.5,0.02458876898017999,12,3,0,0,normal
2026-01-11T13:00:00,Освещение,Свет,0.5,0.012479817803039913,13,3,0,0,normal
2026-01-11T14:00:00,Освещение,Свет,0.5,0.0,14,3,0,1,stuck
2026-01-11T15:00:00,Освещение,Свет,0.5,0.04383332614136326,15,3,0,1,stuck
2026-01-11T16:00:00,Освещение,Свет,0.5,0.03326928341482821,16,3,0,1,stuck
2026-01-11T17:00:00,Освещение,Свет,0.5,0.23841059106959084,17,3,0,1,stuck
2026-01-11T18:00:00,Освещение,Свет,0.5,0.4395138117392346,18,3,0,1,stuck
2026-01-11T19:00:00,Освещение,Свет,0.5,0.46334084586346297,19,3,0,1,stuck
2026-01-11T20:00:00,Освещение,Свет,0.5,0.534261224608985,20,3,0,1,stuck
2026-01-11T21:00:00,Освещение,Свет,0.5,0.401796624133766,21,3,0,1,stuck
2026-01-11T22:00:00,Освещение,Свет,0.5,0.2740732879419312,22,3,0,1,stuck
2026-01-11T23:00:00,Освещение,Свет,0.5,0.15940955739263696,23,3,0,1,stuck
2026-01-12T00:00:00,Освещение,Свет,0.5,0.0,0,4,0,1,stuck
2026-01-12T01:00:00,Освещение,Свет,0.5,0.0108085223292936,1,4,0,1,stuck
2026-01-12T02:00:00,Освещение,Свет,0.5,0.031592177945375624,2,4,0,1,stuck
2026-01-12T03:00:00,Освещение,Свет,0.5,0.020156306640227415,3,4,0,1,stuck
2026-01-12T04:00:00,Освещение,Свет,0.5,0.02765207094745116,4,4,0,1,stuck
2026-01-12T05:00:00,Освещение,Свет,0.5,0.00017688497755672162,5,4,0,1,stuck
2026-01-12T06:00:00,Освещение,Свет,0.5,0.0027745109990004423,6,4,0,1,stuck
2026-01-12T07:00:00,Освещение,Свет,0.5,0.11470786221651261,7,4,0,1,stuck
2026-01-12T08:00:00,Освещение,Свет,0.5,0.06871901975880779,8,4,0,0,normal
2026-01-12T09:00:00,Освещение,Свет,0.5,0.03665702305153298,9,4,0,0,normal
2026-01-12T10:00:00,Освещение,Свет,0.5,0.03802770236872723,10,4,0,0,normal
2026-01-12T11:00:00,Освещение,Свет,0.5,0.0,11,4,0,0,normal
2026-01-12T12:00:00,Освещение,Свет,0.5,0.0,12,4,0,0,normal
2026-01-12T13:00:00,Освещение,Свет,0.5,0.0012549929665034978,13,4,0,0,normal
2026-01-12T14:00:00,Освещение,Свет,0.5,0.0,14,4,0,0,normal
2026-01-12T15:00:00,Освещение,Свет,0.5,0.04260694721232917,15,4,0,0,normal
2026-01-12T16:00:00,Освещение,Свет,0.5,0.0295464429086134,16,4,0,0,normal
2026-01-12T17:00:00,Освещение,Свет,0.5,0.2668845194501616,17,4,0,0,normal
2026-01-12T18:00:00,Освещение,Свет,0.5,0.4409945644625254,18,4,0,0,normal
2026-01-12T19:00:00,Освещение,Свет,0.5,0.48021698939988455,19,4,0,0,normal
2026-01-12T20:00:00,Освещение,Свет,0.5,0.49131691195525595,20,4,0,0,normal
2026-01-12T21:00:00,Освещение,Свет,0.5,0.40063036413590325,21,4,0,0,normal
2026-01-12T22:00:00,Освещение,Свет,0.5,0.2017369771598773,22,4,0,0,normal
2026-01-12T23:00:00,Освещение,Свет,0.5,0.10783604751203661,23,4,0,0,normal
2026-01-13T00:00:00,Освещение,Свет,0.5,0.0,0,5,0,0,normal
2026-01-13T01:00:00,Освещение,Свет,0.5,0.005480348393776619,1,5,0,0,normal
2026-01-13T02:00:00,Освещение,Свет,0.5,0.02644248018704989,2,5,0,0,normal
2026-01-13T03:00:00,Освещение,Свет,0.5,0.0,3,5,0,0,normal
2026-01-13T04:00:00,Освещение,Свет,0.5,0.0,4,5,0,0,normal
2026-01-13T05:00:00,Освещение,Свет,0.5,0.01493987364675406,5,5,0,0,normal
2026-01-13T06:00:00,Освещение,Свет,0.5,0.0,6,5,0,0,normal
2026-01-13T07:00:00,Освещение,Свет,0.5,0.20913617427062517,7,5,0,0,normal
2026-01-13T08:00:00,Освещение,Свет,0.5,0.23227081475279754,8,5,0,0,normal
2026-01-13T09:00:00,Освещение,Свет,0.5,0.2197338150699407,9,5,0,0,normal
2026-01-13T10:00:00,Освещение,Свет,0.5,0.08958175746681796,10,5,0,0,normal
2026-01-13T11:00:00,Освещение,Свет,0.5,0.04671898744421456,11,5,0,0,normal
2026-01-13T12:00:00,Освещение,Свет,0.5,0.041930294839698234,12,5,0,0,normal
2026-01-13T13:00:00,Освещение,Свет,0.5,0.04612629771086432,13,5,0,0,normal
2026-01-13T14:00:00,Освещение,Свет,0.5,0.0,14,5,0,0,normal
2026-01-13T15:00:00,Освещение,Свет,0.5,0.0,15,5,0,0,normal
2026-01-13T16:00:00,Освещение,Свет,0.5,0.15382574366111496,16,5,0,0,normal
2026-01-13T17:00:00,Освещение,Свет,0.5,0.3089993432056247,17,5,0,0,normal
2026-01-13T18:00:00,Освещение,Свет,0.5,0.43938003088062194,18,5,0,0,normal
2026-01-13T19:00:00,Освещение,Свет,0.5,0.5037305904669757,19,5,0,0,normal
2026-01-13T20:00:00,Освещение,Свет,0.5,0.5452680020395135,20,5,0,0,normal
2026-01-13T21:00:00,Освещение,Свет,0.5,0.3817291048605168,21,5,0,0,normal
2026-01-13T22:00:00,Освещение,Свет,0.5,0.1891587380018526,22,5,0,0,normal
2026-01-13T23:00:00,Освещение,Свет,0.5,0.11536746729718213,23,5,0,0,normal
2026-01-14T00:00:00,Освещение,Свет,0.5,0.007843206581778641,0,6,0,0,normal
2026-01-14T01:00:00,Освещение,Свет,0.5,0.0,1,6,0,0,normal
2026-01-14T02:00:00,Освещение,Свет,0.5,0.0,2,6,0,0,normal
2026-01-14T03:00:00,Освещение,Свет,0.5,0.01845756246516617,3,6,0,0,normal
2026-01-14T04:00:00,Освещение,Свет,0.5,0.0,4,6,0,0,normal
2026-01-14T05:00:00,Освещение,Свет,0.5,0.03060004531293592,5,6,0,0,normal
2026-01-14T06:00:00,Освещение,Свет,0.5,0.09242243863246048,6,6,0,0,normal
2026-01-14T07:00:00,Освещение,Свет,0.5,0.09817489423183787,7,6,0,0,normal
2026-01-14T08:00:00,Освещение,Свет,0.5,0.22220779653060005,8,6,0,0,normal
2026-01-14T09:00:00,Освещение,Свет,0.5,0.0,9,6,0,0,normal
2026-01-14T10:00:00,Освещение,Свет,0.5,0.051438165040592745,10,6,0,0,normal
2026-01-14T11:00:00,Освещение,Свет,0.5,0.022389073468955484,11,6,0,0,normal
2026-01-14T12:00:00,Освещение,Свет,0.5,0.0,12,6,0,0,normal
2026-01-14T13:00:00,Освещение,Свет,0.5,0.053119814201684386,13,6,0,0,normal
2026-01-14T14:00:00,Освещение,Свет,0.5,0.10124408607280258,14,6,0,0,normal
2026-01-14T15:00:00,Освещение,Свет,0.5,0.07590627928755553,15,6,0,0,normal
2026-01-14T16:00:00,Освещение,Свет,0.5,0.09097724205907023,16,6,0,0,normal
2026-01-14T17:00:00,Освещение,Свет,0.5,0.2908684353322606,17,6,0,0,normal
2026-01-14T18:00:00,Освещение,Свет,0.5,0.4653633275443289,18,6,0,0,normal
2026-01-14T19:00:00,Освещение,Свет,0.5,0.5731176497371001,19,6,0,0,normal
2026-01-14T20:00:00,Освещение,Свет,0.5,0.5753676635556166,20,6,0,0,normal
2026-01-14T21:00:00,Освещение,Свет,0.5,0.49705322025254806,21,6,0,0,normal
2026-01-14T22:00:00,Освещение,Свет,0.5,0.19106619025212754,22,6,0,0,normal
2026-01-14T23:00:00,Освещение,Свет,0.5,0.06482467891653014,23,6,0,0,normal
2026-01-15T00:00:00,Освещение,Свет,0.5,0.0,0,0,0,0,normal
2026-01-15T01:00:00,Освещение,Свет,0.5,0.0,1,0,0,0,normal
2026-01-15T02:00:00,Освещение,Свет,0.5,0.0,2,0,0,0,normal
2026-01-15T03:00:00,Освещение,Свет,0.5,0.050878897321051234,3,0,0,0,normal
2026-01-15T04:00:00,Освещение,Свет,0.5,0.029717522076017255,4,0,0,0,normal
2026-01-15T05:00:00,Освещение,Свет,0.5,0.052068215532725275,5,0,0,0,normal
2026-01-15T06:00:00,Освещение,Свет,0.5,0.022936871974596724,6,0,0,0,normal
2026-01-15T07:00:00,Освещение,Свет,0.5,0.13145552241689126,7,0,0,0,normal
2026-01-15T08:00:00,Освещение,Свет,0.5,0.08257321175030083,8,0,0,0,normal
2026-01-15T09:00:00,Освещение,Свет,0.5,0.03291320188485111,9,0,0,0,normal
2026-01-15T10:00:00,Освещение,Свет,0.5,0.0,10,0,0,0,normal
2026-01-15T11:00:00,Освещение,Свет,0.5,0.0,11,0,0,0,normal
2026-01-15T12:00:00,Освещение,Свет,0.5,0.04670356524042699,12,0,0,0,normal
2026-01-15T13:00:00,Освещение,Свет,0.5,0.0,13,0,0,0,normal
2026-01-15T14:00:00,Освещение,Свет,0.5,0.0,14,0,0,0,normal
2026-01-15T15:00:00,Освещение,Свет,0.5,0.0,15,0,0,0,normal
2026-01-15T16:00:00,Освещение,Свет,0.5,0.13220347384646236,16,0,0,0,normal
2026-01-15T17:00:00,Освещение,Свет,0.5,0.33084720947604485,17,0,0,0,normal
2026-01-15T18:00:00,Освещение,Свет,0.5,0.47595070797046424,18,0,0,0,normal
2026-01-15T19:00:00,Освещение,Свет,0.5,0.44941684976667,19,0,0,0,normal
2026-01-15T20:00:00,Освещение,Свет,0.5,0.4355989159576364,20,0,0,0,normal
2026-01-15T21:00:00,Освещение,Свет,0.5,0.20664668857690927,21,0,0,0,normal
2026-01-15T22:00:00,Освещение,Свет,0.5,0.2061452527690322,22,0,0,0,normal
2026-01-15T23:00:00,Освещение,Свет,0.5,0.15610031244945988,23,0,0,0,normal
2026-01-16T00:00:00,Освещение,Свет,0.5,0.0,0,1,0,0,normal
2026-01-16T01:00:00,Освещение,Свет,0.5,0.05531903171953755,1,1,0,0,normal
2026-01-16T02:00:00,Освещение,Свет,0.5,0.013401150409498293,2,1,0,0,normal
2026-01-16T03:00:00,Освещение,Свет,0.5,0.0,3,1,0,0,normal
2026-01-16T04:00:00,Освещение,Свет,0.5,0.0,4,1,0,0,normal
2026-01-16T05:00:00,Освещение,Свет,0.5,0.04942363648494745,5,1,0,0,normal
2026-01-16T06:00:00,Освещение,Свет,0.5,0.08240474796615334,6,1,0,0,normal
2026-01-16T07:00:00,Освещение,Свет,0.5,0.11371739567579736,7,1,0,0,normal
2026-01-16T08:00:00,Освещение,Свет,0.5,0.0843707895752235,8,1,0,0,normal
2026-01-16T09:00:00,Освещение,Свет,0.5,0.029387146888067,9,1,0,0,normal
2026-01-16T10:00:00,Освещение,Свет,0.5,0.0,10,1,0,0,normal
2026-01-16T11:00:00,Освещение,Свет,0.5,0.0,11,1,0,0,normal
2026-01-16T12:00:00,Освещение,Свет,0.5,0.0007395294603571197,12,1,0,0,normal
2026-01-16T13:00:00,Освещение,Свет,0.5,0.0,13,1,0,0,normal
2026-01-16T14:00:00,Освещение,Свет,0.5,0.0,14,1,0,0,normal
2026-01-16T15:00:00,Освещение,Свет,0.5,0.054495167186747406,15,1,0,0,normal
2026-01-16T16:00:00,Освещение,Свет,0.5,0.13108588178566524,16,1,0,0,normal
2026-01-16T17:00:00,Освещение,Свет,0.5,0.27505301476937194,17,1,0,0,normal
2026-01-16T18:00:00,Освещение,Свет,0.5,0.49001974940564186,18,1,0,0,normal
2026-01-16T19:00:00,Освещение,Свет,0.5,0.36605020629146123,19,1,0,0,normal
2026-01-16T20:00:00,Освещение,Свет,0.5,0.4734506245917801,20,1,0,0,normal
2026-01-16T21:00:00,Освещение,Свет,0.5,0.34369584146437576,21,1,0,0,normal
2026-01-16T22:00:00,Освещение,Свет,0.5,0.2737405937369039,22,1,0,0,normal
2026-01-16T23:00:00,Освещение,Свет,0.5,0.02557540573712963,23,1,0,0,normal
2026-01-17T00:00:00,Освещение,Свет,0.5,0.0,0,2,0,0,normal
2026-01-17T01:00:00,Освещение,Свет,0.5,0.08945942593551823,1,2,0,0,normal
2026-01-17T02:00:00,Освещение,Свет,0.5,0.0,2,2,0,0,normal
2026-01-17T03:00:00,Освещение,Свет,0.5,0.05619148318347902,3,2,0,0,normal
2026-01-17T04:00:00,Освещение,Свет,0.5,0.07874832080862279,4,2,0,0,normal
2026-01-17T05:00:00,Освещение,Свет,0.5,0.0,5,2,0,0,normal
2026-01-17T06:00:00,Освещение,Свет,0.5,0.13452486411310696,6,2,0,0,normal
2026-01-17T07:00:00,Освещение,Свет,0.5,0.09642675987905465,7,2,0,0,normal
2026-01-17T08:00:00,Освещение,Свет,0.5,0.2144336762448635,8,2,0,0,normal
2026-01-17T09:00:00,Освещение,Свет,0.5,0.06698223420885464,9,2,0,0,normal
2026-01-17T10:00:00,Освещение,Свет,0.5,0.018614366957078368,10,2,0,0,normal
2026-01-17T11:00:00,Освещение,Свет,0.5,0.0,11,2,0,0,normal
2026-01-17T12:00:00,Освещение,Свет,0.5,0.04172869142406423,12,2,0,0,normal
2026-01-17T13:00:00,Освещение,Свет,0.5,0.0,13,2,0,0,normal
2026-01-17T14:00:00,Освещение,Свет,0.5,0.000749769299427612,14,2,0,0,normal
2026-01-17T15:00:00,Освещение,Свет,0.5,0.0,15,2,0,0,normal
2026-01-17T16:00:00,Освещение,Свет,0.5,0.10987507916646212,16,2,0,0,normal
2026-01-17T17:00:00,Освещение,Свет,0.5,0.22811533484302668,17,2,0,0,normal
2026-01-17T18:00:00,Освещение,Свет,0.5,0.4869668788509194,18,2,0,0,normal
2026-01-17T19:00:00,Освещение,Свет,0.5,0.5387055260550496,19,2,0,0,normal
2026-01-17T20:00:00,Освещение,Свет,0.5,0.4819935833815109,20,2,0,0,normal
2026-01-17T21:00:00,Освещение,Свет,0.5,0.3296760825386951,21,2,0,0,normal
2026-01-17T22:00:00,Освещение,Свет,0.5,0.24514187772591126,22,2,0,0,normal
2026-01-17T23:00:00,Освещение,Свет,0.5,0.10296060724471981,23,2,0,0,normal
2026-01-18T00:00:00,Освещение,Свет,0.5,0.045444218161214266,0,3,0,0,normal
2026-01-18T01:00:00,Освещение,Свет,0.5,0.0,1,3,0,0,normal
2026-01-18T02:00:00,Освещение,Свет,0.5,0.0779303864070647,2,3,0,0,normal
2026-01-18T03:00:00,Освещение,Свет,0.5,0.06318997931891708,3,3,0,0,normal
2026-01-18T04:00:00,Освещение,Свет,0.5,0.013296179073408706,4,3,0,0,normal
2026-01-18T05:00:00,Освещение,Свет,0.5,0.0,5,3,0,0,normal
2026-01-18T06:00:00,Освещение,Свет,0.5,0.0028385855472888707,6,3,0,0,normal
2026-01-18T07:00:00,Освещение,Свет,0.5,0.10871975318020657,7,3,0,1,point_outlier
2026-01-18T08:00:00,Освещение,Свет,0.5,0.10644401911654837,8,3,0,1,point_outlier
2026-01-18T09:00:00,Освещение,Свет,0.5,0.025103447809541872,9,3,0,1,point_outlier
2026-01-18T10:00:00,Освещение,Свет,0.5,0.07785325746637678,10,3,0,0,normal
2026-01-18T11:00:00,Освещение,Свет,0.5,0.00027907948949777505,11,3,0,0,normal
2026-01-18T12:00:00,Освещение,Свет,0.5,0.0,12,3,0,0,normal
2026-01-18T13:00:00,Освещение,Свет,0.5,0.0061288801009870735,13,3,0,0,normal
2026-01-18T14:00:00,Освещение,Свет,0.5,0.09702283757494107,14,3,0,0,normal
2026-01-18T15:00:00,Освещение,Свет,0.5,0.0,15,3,0,0,normal
2026-01-18T16:00:00,Освещение,Свет,0.5,0.1355164982936629,16,3,0,0,normal
2026-01-18T17:00:00,Освещение,Свет,0.5,0.3000351331298636,17,3,0,0,normal
2026-01-18T18:00:00,Освещение,Свет,0.5,0.4916429058402221,18,3,0,0,normal
2026-01-18T19:00:00,Освещение,Свет,0.5,0.4697391400539363,19,3,0,0,normal
2026-01-18T20:00:00,Освещение,Свет,0.5,0.35100449090594005,20,3,0,0,normal
2026-01-18T21:00:00,Освещение,Свет,0.5,0.35403802835723813,21,3,0,0,normal
2026-01-18T22:00:00,Освещение,Свет,0.5,0.09422895926088266,22,3,0,0,normal
2026-01-18T23:00:00,Освещение,Свет,0.5,0.109328558894859,23,3,0,0,normal
2026-01-19T00:00:00,Освещение,Свет,0.5,0.028186673759564913,0,4,0,0,normal
2026-01-19T01:00:00,Освещение,Свет,0.5,0.0,1,4,0,0,normal
2026-01-19T02:00:00,Освещение,Свет,0.5,0.0,2,4,0,0,normal
2026-01-19T03:00:00,Освещение,Свет,0.5,0.07010310601891064,3,4,0,0,normal
2026-01-19T04:00:00,Освещение,Свет,0.5,0.0,4,4,0,0,normal
2026-01-19T05:00:00,Освещение,Свет,0.5,0.002674044514342806,5,4,0,0,normal
2026-01-19T06:00:00,Освещение,Свет,0.5,0.0767118767584665,6,4,0,0,normal
2026-01-19T07:00:00,Освещение,Свет,0.5,0.20384036051006804,7,4,0,0,normal
2026-01-19T08:00:00,Освещение,Свет,0.5,0.15058331405426548,8,4,0,0,normal
2026-01-19T09:00:00,Освещение,Свет,0.5,0.12067264267838594,9,4,0,0,normal
2026-01-19T10:00:00,Освещение,Свет,0.5,0.05005217106494029,10,4,0,0,normal
2026-01-19T11:00:00,Освещение,Свет,0.5,0.08407016105425913,11,4,0,0,normal
2026-01-19T12:00:00,Освещение,Свет,0.5,0.0,12,4,0,0,normal
2026-01-19T13:00:00,Освещение,Свет,0.5,0.08814937021683913,13,4,0,0,normal
2026-01-19T14:00:00,Освещение,Свет,0.5,0.05367632052087806,14,4,0,0,normal
2026-01-19T15:00:00,Освещение,Свет,0.5,0.0,15,4,0,0,normal
2026-01-19T16:00:00,Освещение,Свет,0.5,0.13289253525224926,16,4,0,0,normal
2026-01-19T17:00:00,Освещение,Свет,0.5,0.1991126732190747,17,4,0,0,normal
2026-01-19T18:00:00,Освещение,Свет,0.5,0.42955636793458324,18,4,0,0,normal
2026-01-19T19:00:00,Освещение,Свет,0.5,0.49137881165290515,19,4,0,0,normal
2026-01-19T20:00:00,Освещение,Свет,0.5,0.5509117106834345,20,4,0,0,normal
2026-01-19T21:00:00,Освещение,Свет,0.5,0.34343083818423403,21,4,0,0,normal
2026-01-19T22:00:00,Освещение,Свет,0.5,0.18467108252975897,22,4,0,0,normal
2026-01-19T23:00:00,Освещение,Свет,0.5,0.05095504477522301,23,4,0,0,normal
2026-01-20T00:00:00,Освещение,Свет,0.5,0.030388615312228105,0,5,0,0,normal
2026-01-20T01:00:00,Освещение,Свет,0.5,0.042729915514733485,1,5,0,0,normal
2026-01-20T02:00:00,Освещение,Свет,0.5,0.06555781939250423,2,5,0,0,normal
2026-01-20T03:00:00,Освещение,Свет,0.5,0.04443911340669892,3,5,0,0,normal
2026-01-20T04:00:00,Освещение,Свет,0.5,0.057328853174939666,4,5,0,0,normal
2026-01-20T05:00:00,Освещение,Свет,0.5,0.0,5,5,0,0,normal
2026-01-20T06:00:00,Освещение,Свет,0.5,0.12370262539974153,6,5,0,0,normal
2026-01-20T07:00:00,Освещение,Свет,0.5,0.13953798769301853,7,5,0,0,normal
2026-01-20T08:00:00,Освещение,Свет,0.5,0.12301492265237098,8,5,0,0,normal
2026-01-20T09:00:00,Освещение,Свет,0.5,0.0,9,5,0,0,normal
2026-01-20T10:00:00,Освещение,Свет,0.5,0.0660312917148989,10,5,0,0,normal
2026-01-20T11:00:00,Освещение,Свет,0.5,0.010717414095664145,11,5,0,0,normal
2026-01-20T12:00:00,Освещение,Свет,0.5,0.06088625277698074,12,5,0,0,normal
2026-01-20T13:00:00,Освещение,Свет,0.5,0.0,13,5,0,0,normal
2026-01-20T14:00:00,Освещение,Свет,0.5,0.09667080013381572,14,5,0,0,normal
2026-01-20T15:00:00,Освещение,Свет,0.5,0.035301934500216785,15,5,0,0,normal
2026-01-20T16:00:00,Освещение,Свет,0.5,0.1540635087932852,16,5,0,0,normal
2026-01-20T17:00:00,Освещение,Свет,0.5,0.34723259177014726,17,5,0,0,normal
2026-01-20T18:00:00,Освещение,Свет,0.5,0.507008991563636,18,5,0,0,normal
2026-01-20T19:00:00,Освещение,Свет,0.5,0.6008751138581223,19,5,0,0,normal
2026-01-20T20:00:00,Освещение,Свет,0.5,0.5390699676769652,20,5,0,0,normal
2026-01-20T21:00:00,Освещение,Свет,0.5,0.41829023091223033,21,5,0,0,normal
2026-01-20T22:00:00,Освещение,Свет,0.5,0.22466826082487784,22,5,0,0,normal
2026-01-20T23:00:00,Освещение,Свет,0.5,0.08033219387164856,23,5,0,0,normal
2026-01-21T00:00:00,Освещение,Свет,0.5,0.008995607187214394,0,6,0,0,normal
2026-01-21T01:00:00,Освещение,Свет,0.5,0.0,1,6,0,0,normal
2026-01-21T02:00:00,Освещение,Свет,0.5,0.011360006508855462,2,6,0,0,normal
2026-01-21T03:00:00,Освещение,Свет,0.5,0.0,3,6,0,0,normal
2026-01-21T04:00:00,Освещение,Свет,0.5,0.0,4,6,0,0,normal
2026-01-21T05:00:00,Освещение,Свет,0.5,0.015072545590334626,5,6,0,0,normal
2026-01-21T06:00:00,Освещение,Свет,0.5,0.16585535925357003,6,6,0,0,normal
2026-01-21T07:00:00,Освещение,Свет,0.5,0.1470190752614273,7,6,0,0,normal
2026-01-21T08:00:00,Освещение,Свет,0.5,0.09916583728797405,8,6,0,0,normal
2026-01-21T09:00:00,Освещение,Свет,0.5,0.06121520910451188,9,6,0,0,normal
2026-01-21T10:00:00,Освещение,Свет,0.5,0.06303126261950615,10,6,0,0,normal
2026-01-21T11:00:00,Освещение,Свет,0.5,0.015127063359949807,11,6,0,0,normal
2026-01-21T12:00:00,Освещение,Свет,0.5,0.041888622488478605,12,6,0,0,normal
2026-01-21T13:00:00,Освещение,Свет,0.5,0.0,13,6,0,0,normal
2026-01-21T14:00:00,Освещение,Свет,0.5,0.0,14,6,0,0,normal
2026-01-21T15:00:00,Освещение,Свет,0.5,0.0602625021809444,15,6,0,0,normal
2026-01-21T16:00:00,Освещение,Свет,0.5,0.12971956435970344,16,6,0,0,normal
2026-01-21T17:00:00,Освещение,Свет,0.5,0.27248250441357635,17,6,0,0,normal
2026-01-21T18:00:00,Освещение,Свет,0.5,0.5701126635178835,18,6,0,0,normal
2026-01-21T19:00:00,Освещение,Свет,0.5,0.4997413521587694,19,6,0,0,normal
2026-01-21T20:00:00,Освещение,Свет,0.5,0.5452743481322531,20,6,0,0,normal
2026-01-21T21:00:00,Освещение,Свет,0.5,0.44273808230629985,21,6,0,0,normal
2026-01-21T22:00:00,Освещение,Свет,0.5,0.27109038732731083,22,6,0,0,normal
2026-01-21T23:00:00,Освещение,Свет,0.5,0.05531783569745697,23,6,0,0,normal
2026-01-22T00:00:00,Освещение,Свет,0.5,0.0,0,0,0,0,normal
2026-01-22T01:00:00,Освещение,Свет,0.5,0.0,1,0,0,0,normal
2026-01-22T02:00:00,Освещение,Свет,0.5,0.08244853746174517,2,0,0,0,normal
2026-01-22T03:00:00,Освещение,Свет,0.5,0.000971270657138509,3,0,0,1,contextual
2026-01-22T04:00:00,Освещение,Свет,0.5,0.14839698892637837,4,0,1,0,normal
2026-01-22T05:00:00,Освещение,Свет,0.5,0.0,5,0,0,1,contextual
2026-01-22T06:00:00,Освещение,Свет,0.5,0.12524622748124536,6,0,0,1,contextual
2026-01-22T07:00:00,Освещение,Свет,0.5,0.003967650610526402,7,0,0,1,contextual
2026-01-22T08:00:00,Освещение,Свет,0.5,0.19206978820617338,8,0,0,1,contextual
2026-01-22T09:00:00,Освещение,Свет,0.5,0.06294396526860713,9,0,0,1,contextual
2026-01-22T10:00:00,Освещение,Свет,0.5,0.09568774050235855,10,0,0,0,normal
2026-01-22T11:00:00,Освещение,Свет,0.5,0.08491071067322398,11,0,0,0,normal
2026-01-22T12:00:00,Освещение,Свет,0.5,0.07438870602503421,12,0,0,0,normal
2026-01-22T13:00:00,Освещение,Свет,0.5,0.08848076185427245,13,0,0,0,normal
2026-01-22T14:00:00,Освещение,Свет,0.5,0.05241314068243019,14,0,0,0,normal
2026-01-22T15:00:00,Освещение,Свет,0.5,0.014859682684942284,15,0,0,0,normal
2026-01-22T16:00:00,Освещение,Свет,0.5,0.09187566410496281,16,0,0,0,normal
2026-01-22T17:00:00,Освещение,Свет,0.5,0.21634935039687403,17,0,0,0,normal
2026-01-22T18:00:00,Освещение,Свет,0.5,0.3835680373956957,18,0,0,0,normal
2026-01-22T19:00:00,Освещение,Свет,0.5,0.4776295173195871,19,0,0,0,normal
2026-01-22T20:00:00,Освещение,Свет,0.5,0.49095633951173784,20,0,0,0,normal
2026-01-22T21:00:00,Освещение,Свет,0.5,0.32317049051634955,21,0,0,0,normal
2026-01-22T22:00:00,Освещение,Свет,0.5,0.1732215437544973,22,0,0,0,normal
2026-01-22T23:00:00,Освещение,Свет,0.5,0.07922553111333369,23,0,0,0,normal
2026-01-23T00:00:00,Освещение,Свет,0.5,0.0,0,1,0,0,normal
2026-01-23T01:00:00,Освещение,Свет,0.5,0.0368164099850887,1,1,0,0,normal
2026-01-23T02:00:00,Освещение,Свет,0.5,0.05429631858992152,2,1,0,0,normal
2026-01-23T03:00:00,Освещение,Свет,0.5,0.07466226483155497,3,1,0,0,normal
2026-01-23T04:00:00,Освещение,Свет,0.5,0.0,4,1,0,0,normal
2026-01-23T05:00:00,Освещение,Свет,0.5,0.09038400234270952,5,1,0,0,normal
2026-01-23T06:00:00,Освещение,Свет,0.5,0.09967020647854224,6,1,0,0,normal
2026-01-23T07:00:00,Освещение,Свет,0.5,0.1705128022552291,7,1,0,0,normal
2026-01-23T08:00:00,Освещение,Свет,0.5,0.1107427855905918,8,1,0,0,normal
2026-01-23T09:00:00,Освещение,Свет,0.5,0.13740824169467394,9,1,0,0,normal
2026-01-23T10:00:00,Освещение,Свет,0.5,0.03961844700479608,10,1,0,0,normal
2026-01-23T11:00:00,Освещение,Свет,0.5,0.041708697995569886,11,1,0,0,normal
2026-01-23T12:00:00,Освещение,Свет,0.5,0.03285310645875928,12,1,0,0,normal
2026-01-23T13:00:00,Освещение,Свет,0.5,0.0285598589368398,13,1,0,0,normal
2026-01-23T14:00:00,Освещение,Свет,0.5,0.02259487265873461,14,1,0,0,normal
2026-01-23T15:00:00,Освещение,Свет,0.5,0.08806063637031686,15,1,0,0,normal
2026-01-23T16:00:00,Освещение,Свет,0.5,0.11433322206900169,16,1,0,0,normal
2026-01-23T17:00:00,Освещение,Свет,0.5,0.2220368777595104,17,1,0,0,normal
2026-01-23T18:00:00,Освещение,Свет,0.5,0.4573782175952596,18,1,0,0,normal
2026-01-23T19:00:00,Освещение,Свет,0.5,0.5431106278451184,19,1,0,0,normal
2026-01-23T20:00:00,Освещение,Свет,0.5,0.3696179397690547,20,1,0,0,normal
2026-01-23T21:00:00,Освещение,Свет,0.5,0.36175027327261416,21,1,0,0,normal
2026-01-23T22:00:00,Освещение,Свет,0.5,0.16704016953249914,22,1,0,0,normal
2026-01-23T23:00:00,Освещение,Свет,0.5,0.042010528472287846,23,1,0,0,normal
2026-01-24T00:00:00,Освещение,Свет,0.5,0.0,0,2,0,0,normal
2026-01-24T01:00:00,Освещение,Свет,0.5,0.038881803490328354,1,2,0,0,normal
2026-01-24T02:00:00,Освещение,Свет,0.5,0.05882663094763632,2,2,0,0,normal
2026-01-24T03:00:00,Освещение,Свет,0.5,0.004699776300356932,3,2,0,0,normal
2026-01-24T04:00:00,Освещение,Свет,0.5,0.0,4,2,0,0,normal
2026-01-24T05:00:00,Освещение,Свет,0.5,0.016641407194991503,5,2,0,0,normal
2026-01-24T06:00:00,Освещение,Свет,0.5,0.0716470948083542,6,2,0,0,normal
2026-01-24T07:00:00,Освещение,Свет,0.5,0.05889658146795151,7,2,0,0,normal
2026-01-24T08:00:00,Освещение,Свет,0.5,0.12976185012257085,8,2,0,0,normal
2026-01-24T09:00:00,Освещение,Свет,0.5,0.003017596586091528,9,2,0,0,normal
2026-01-24T10:00:00,Освещение,Свет,0.5,0.0,10,2,0,0,normal
2026-01-24T11:00:00,Освещение,Свет,0.5,0.10998915340063395,11,2,0,0,normal
2026-01-24T12:00:00,Освещение,Свет,0.5,0.0,12,2,0,0,normal
2026-01-24T13:00:00,Освещение,Свет,0.5,0.0,13,2,0,0,normal
2026-01-24T14:00:00,Освещение,Свет,0.5,0.028670386887069788,14,2,0,0,normal
2026-01-24T15:00:00,Освещение,Свет,0.5,0.012426166477158525,15,2,0,0,normal
2026-01-24T16:00:00,Освещение,Свет,0.5,0.04493748166335705,16,2,0,0,normal
2026-01-24T17:00:00,Освещение,Свет,0.5,0.3816641593117098,17,2,0,0,normal
2026-01-24T18:00:00,Освещение,Свет,0.5,0.4107956889744557,18,2,0,0,normal
2026-01-24T19:00:00,Освещение,Свет,0.5,0.48478489913893014,19,2,0,0,normal
2026-01-24T20:00:00,Освещение,Свет,0.5,0.5513858392799008,20,2,0,0,normal
2026-01-24T21:00:00,Освещение,Свет,0.5,0.396091016525828,21,2,0,0,normal
2026-01-24T22:00:00,Освещение,Свет,0.5,0.20176007284442624,22,2,0,0,normal
2026-01-24T23:00:00,Освещение,Свет,0.5,0.14139527064032698,23,2,0,0,normal
2026-01-25T00:00:00,Освещение,Свет,0.5,0.0,0,3,0,0,normal
2026-01-25T01:00:00,Освещение,Свет,0.5,0.0,1,3,0,0,normal
2026-01-25T02:00:00,Освещение,Свет,0.5,0.03555528559290025,2,3,0,0,normal
2026-01-25T03:00:00,Освещение,Свет,0.5,0.0323713406751168,3,3,0,0,normal
2026-01-25T04:00:00,Освещение,Свет,0.5,0.0,4,3,0,0,normal
2026-01-25T05:00:00,Освещение,Свет,0.5,0.0,5,3,0,0,normal
2026-01-25T06:00:00,Освещение,Свет,0.5,0.03612900116200059,6,3,0,0,normal
2026-01-25T07:00:00,Освещение,Свет,0.5,0.15020710248607733,7,3,0,0,normal
2026-01-25T08:00:00,Освещение,Свет,0.5,0.14615558349703467,8,3,0,0,normal
2026-01-25T09:00:00,Освещение,Свет,0.5,0.05308354418606308,9,3,0,0,normal
2026-01-25T10:00:00,Освещение,Свет,0.5,0.056685469863885764,10,3,0,0,normal
2026-01-25T11:00:00,Освещение,Свет,0.5,0.0,11,3,0,0,normal
2026-01-25T12:00:00,Освещение,Свет,0.5,0.0,12,3,0,0,normal
2026-01-25T13:00:00,Освещение,Свет,0.5,0.016174539087624198,13,3,0,0,normal
2026-01-25T14:00:00,Освещение,Свет,0.5,0.009089863902434466,14,3,0,0,normal
2026-01-25T15:00:00,Освещение,Свет,0.5,0.1414131539221178,15,3,0,0,normal
2026-01-25T16:00:00,Освещение,Свет,0.5,0.13728262024641652,16,3,0,0,normal
2026-01-25T17:00:00,Освещение,Свет,0.5,0.1783555726816243,17,3,0,0,normal
2026-01-25T18:00:00,Освещение,Свет,0.5,0.35310875845068507,18,3,0,0,normal
2026-01-25T19:00:00,Освещение,Свет,0.5,0.4599358607735668,19,3,0,0,normal
2026-01-25T20:00:00,Освещение,Свет,0.5,0.4282278709998996,20,3,0,0,normal
2026-01-25T21:00:00,Освещение,Свет,0.5,0.2507015625503778,21,3,0,0,normal
2026-01-25T22:00:00,Освещение,Свет,0.5,0.1975092235253182,22,3,0,0,normal
2026-01-25T23:00:00,Освещение,Свет,0.5,0.06346046806230861,23,3,0,0,normal
2026-01-26T00:00:00,Освещение,Свет,0.5,0.057241352264093166,0,4,0,0,normal
2026-01-26T01:00:00,Освещение,Свет,0.5,0.0,1,4,0,0,normal
2026-01-26T02:00:00,Освещение,Свет,0.5,0.03547858871764825,2,4,0,0,normal
2026-01-26T03:00:00,Освещение,Свет,0.5,0.03731285778106455,3,4,0,0,normal
2026-01-26T04:00:00,Освещение,Свет,0.5,0.0,4,4,0,0,normal
2026-01-26T05:00:00,Освещение,Свет,0.5,0.0,5,4,0,0,normal
2026-01-26T06:00:00,Освещение,Свет,0.5,0.06837811016274875,6,4,0,0,normal
2026-01-26T07:00:00,Освещение,Свет,0.5,0.19108639648679485,7,4,0,0,normal
2026-01-26T08:00:00,Освещение,Свет,0.5,0.0688916912192308,8,4,0,0,normal
2026-01-26T09:00:00,Освещение,Свет,0.5,0.05480422271931128,9,4,0,0,normal
2026-01-26T10:00:00,Освещение,Свет,0.5,0.021984478522001555,10,4,0,0,normal
2026-01-26T11:00:00,Освещение,Свет,0.5,0.00449092188568542,11,4,0,0,normal
2026-01-26T12:00:00,Освещение,Свет,0.5,0.06773941074557277,12,4,0,0,normal
2026-01-26T13:00:00,Освещение,Свет,0.5,0.06479792529343592,13,4,0,0,normal
2026-01-26T14:00:00,Освещение,Свет,0.5,0.07301379008367026,14,4,0,0,normal
2026-01-26T15:00:00,Освещение,Свет,0.5,0.0,15,4,0,0,normal
2026-01-26T16:00:00,Освещение,Свет,0.5,0.060065116302044384,16,4,0,0,normal
2026-01-26T17:00:00,Освещение,Свет,0.5,0.3087786422059433,17,4,0,0,normal
2026-01-26T18:00:00,Освещение,Свет,0.5,0.4057267270103675,18,4,0,0,normal
2026-01-26T19:00:00,Освещение,Свет,0.5,0.44483600759882536,19,4,0,0,normal
2026-01-26T20:00:00,Освещение,Свет,0.5,0.3744177069057616,20,4,0,0,normal
2026-01-26T21:00:00,Освещение,Свет,0.5,0.2955608595253584,21,4,0,0,normal
2026-01-26T22:00:00,Освещение,Свет,0.5,0.2130408785021246,22,4,0,0,normal
2026-01-26T23:00:00,Освещение,Свет,0.5,0.08995576702109646,23,4,0,0,normal
2026-01-27T00:00:00,Освещение,Свет,0.5,0.09559803337357474,0,5,0,0,normal
2026-01-27T01:00:00,Освещение,Свет,0.5,0.020192766037189523,1,5,0,0,normal
2026-01-27T02:00:00,Освещение,Свет,0.5,0.012378818736904117,2,5,0,0,normal
2026-01-27T03:00:00,Освещение,Свет,0.5,0.0,3,5,0,0,normal
2026-01-27T04:00:00,Освещение,Свет,0.5,0.13846108707006807,4,5,0,0,normal
2026-01-27T05:00:00,Освещение,Свет,0.5,0.0,5,5,0,0,normal
2026-01-27T06:00:00,Освещение,Свет,0.5,0.16333545166550942,6,5,0,0,normal
2026-01-27T07:00:00,Освещение,Свет,0.5,0.08588052005302593,7,5,0,0,normal
2026-01-27T08:00:00,Освещение,Свет,0.5,0.18638424309341262,8,5,0,0,normal
2026-01-27T09:00:00,Освещение,Свет,0.5,0.04078946989567186,9,5,0,0,normal
2026-01-27T10:00:00,Освещение,Свет,0.5,0.0,10,5,0,0,normal
2026-01-27T11:00:00,Освещение,Свет,0.5,0.0,11,5,0,0,normal
2026-01-27T12:00:00,Освещение,Свет,0.5,0.09842453788028284,12,5,0,0,normal
2026-01-27T13:00:00,Освещение,Свет,0.5,0.10047876709479406,13,5,0,0,normal
2026-01-27T14:00:00,Освещение,Свет,0.5,0.07698967576023542,14,5,0,0,normal
2026-01-27T15:00:00,Освещение,Свет,0.5,0.19569896169257264,15,5,0,0,normal
2026-01-27T16:00:00,Освещение,Свет,0.5,0.17181894626931768,16,5,0,0,normal
2026-01-27T17:00:00,Освещение,Свет,0.5,0.3094958636171136,17,5,0,0,normal
2026-01-27T18:00:00,Освещение,Свет,0.5,0.40727061292371813,18,5,0,0,normal
2026-01-27T19:00:00,Освещение,Свет,0.5,0.5408589714343301,19,5,0,0,normal
2026-01-27T20:00:00,Освещение,Свет,0.5,0.48914662601036557,20,5,0,0,normal
2026-01-27T21:00:00,Освещение,Свет,0.5,0.3661432392693303,21,5,0,0,normal
2026-01-27T22:00:00,Освещение,Свет,0.5,0.2582674795109161,22,5,0,0,normal
2026-01-27T23:00:00,Освещение,Свет,0.5,0.12229915519438833,23,5,0,0,normal
2026-01-28T00:00:00,Освещение,Свет,0.5,0.053170889924859424,0,6,0,0,normal
2026-01-28T01:00:00,Освещение,Свет,0.5,0.0,1,6,0,0,normal
2026-01-28T02:00:00,Освещение,Свет,0.5,0.018798808595408105,2,6,0,0,normal
2026-01-28T03:00:00,Освещение,Свет,0.5,0.0,3,6,0,0,normal
2026-01-28T04:00:00,Освещение,Свет,0.5,0.0,4,6,0,0,normal
2026-01-28T05:00:00,Освещение,Свет,0.5,0.0,5,6,0,0,normal
2026-01-28T06:00:00,Освещение,Свет,0.5,0.10420738415480581,6,6,0,0,normal
2026-01-28T07:00:00,Освещение,Свет,0.5,0.23079504550600055,7,6,0,0,normal
2026-01-28T08:00:00,Освещение,Свет,0.5,0.05102464938753983,8,6,0,0,normal
2026-01-28T09:00:00,Освещение,Свет,0.5,0.018226878144275815,9,6,0,0,normal
2026-01-28T10:00:00,Освещение,Свет,0.5,0.0,10,6,0,1,point_outlier
2026-01-28T11:00:00,Освещение,Свет,0.5,0.03432988109062541,11,6,0,1,point_outlier
2026-01-28T12:00:00,Освещение,Свет,0.5,0.08669627783916016,12,6,0,1,point_outlier
2026-01-28T13:00:00,Освещение,Свет,0.5,0.05961573552811674,13,6,0,0,normal
2026-01-28T14:00:00,Освещение,Свет,0.5,0.1980684650596018,14,6,0,0,normal
2026-01-28T15:00:00,Освещение,Свет,0.5,0.11178843257320381,15,6,0,0,normal
2026-01-28T16:00:00,Освещение,Свет,0.5,0.11238789030000322,16,6,0,0,normal
2026-01-28T17:00:00,Освещение,Свет,0.5,0.3002145171550077,17,6,0,0,normal
2026-01-28T18:00:00,Освещение,Свет,0.5,0.4679992085363692,18,6,0,0,normal
2026-01-28T19:00:00,Освещение,Свет,0.5,0.5166278922474001,19,6,0,0,normal
2026-01-28T20:00:00,Освещение,Свет,0.5,0.4262185931289749,20,6,0,0,normal
2026-01-28T21:00:00,Освещение,Свет,0.5,0.3859141824236538,21,6,0,0,normal
2026-01-28T22:00:00,Освещение,Свет,0.5,0.2140108891217498,22,6,0,0,normal
2026-01-28T23:00:00,Освещение,Свет,0.5,0.10089066072082145,23,6,0,0,normal
2026-01-29T00:00:00,Освещение,Свет,0.5,0.0,0,0,0,0,normal
2026-01-29T01:00:00,Освещение,Свет,0.5,0.02138735311281209,1,0,0,0,normal
2026-01-29T02:00:00,Освещение,Свет,0.5,0.0,2,0,0,0,normal
2026-01-29T03:00:00,Освещение,Свет,0.5,0.0,3,0,0,0,normal
2026-01-29T04:00:00,Освещение,Свет,0.5,0.022812392541888413,4,0,0,0,normal
2026-01-29T05:00:00,Освещение,Свет,0.5,0.015812411976648122,5,0,0,0,normal
2026-01-29T06:00:00,Освещение,Свет,0.5,0.21317905804087525,6,0,0,0,normal
2026-01-29T07:00:00,Освещение,Свет,0.5,0.07812664756438169,7,0,0,0,normal
2026-01-29T08:00:00,Освещение,Свет,0.5,0.13960028908232225,8,0,0,0,normal
2026-01-29T09:00:00,Освещение,Свет,0.5,0.038214518860928554,9,0,0,0,normal
2026-01-29T10:00:00,Освещение,Свет,0.5,0.15487337779805282,10,0,0,0,normal
2026-01-29T11:00:00,Освещение,Свет,0.5,0.05366676150314953,11,0,0,0,normal
2026-01-29T12:00:00,Освещение,Свет,0.5,0.0,12,0,0,0,normal
2026-01-29T13:00:00,Освещение,Свет,0.5,0.05651814246905299,13,0,0,0,normal
2026-01-29T14:00:00,Освещение,Свет,0.5,0.0,14,0,0,0,normal
2026-01-29T15:00:00,Освещение,Свет,0.5,0.036263421262953684,15,0,0,0,normal
2026-01-29T16:00:00,Освещение,Свет,0.5,0.1280278433305703,16,0,0,0,normal
2026-01-29T17:00:00,Освещение,Свет,0.5,0.278706095039392,17,0,0,0,normal
2026-01-29T18:00:00,Освещение,Свет,0.5,0.421718687635704,18,0,0,0,normal
2026-01-29T19:00:00,Освещение,Свет,0.5,0.44534097331923084,19,0,0,0,normal
2026-01-29T20:00:00,Освещение,Свет,0.5,0.4579658839243106,20,0,0,0,normal
2026-01-29T21:00:00,Освещение,Свет,0.5,0.26408509548558223,21,0,0,0,normal
2026-01-29T22:00:00,Освещение,Свет,0.5,0.19669019752592556,22,0,0,0,normal
2026-01-29T23:00:00,Освещение,Свет,0.5,0.08997657807419014,23,0,0,0,normal
2026-01-30T00:00:00,Освещение,Свет,0.5,0.0,0,1,0,0,normal
2026-01-30T01:00:00,Освещение,Свет,0.5,0.0029992325630798806,1,1,0,0,normal
2026-01-30T02:00:00,Освещение,Свет,0.5,0.05601818529511409,2,1,0,0,normal
2026-01-30T03:00:00,Освещение,Свет,0.5,0.020666361414471465,3,1,0,0,normal
2026-01-30T04:00:00,Освещение,Свет,0.5,0.016751939955778953,4,1,0,0,normal
2026-01-30T05:00:00,Освещение,Свет,0.5,0.06761806170281873,5,1,0,0,normal
2026-01-30T06:00:00,Освещение,Свет,0.5,0.14454491151993745,6,1,0,0,normal
2026-01-30T07:00:00,Освещение,Свет,0.5,0.17851712198561537,7,1,0,0,normal
2026-01-30T08:00:00,Освещение,Свет,0.5,0.05518607480832584,8,1,0,0,normal
2026-01-30T09:00:00,Освещение,Свет,0.5,0.016108555792790993,9,1,0,0,normal
2026-01-30T10:00:00,Освещение,Свет,0.5,0.0,10,1,0,0,normal
2026-01-30T11:00:00,Освещение,Свет,0.5,0.08133118725528996,11,1,0,0,normal
2026-01-30T12:00:00,Освещение,Свет,0.5,0.07166456164155179,12,1,0,0,normal
2026-01-30T13:00:00,Освещение,Свет,0.5,0.02378289295801909,13,1,0,0,normal
2026-01-30T14:00:00,Освещение,Свет,0.5,0.01697696159034294,14,1,0,0,normal
2026-01-30T15:00:00,Освещение,Свет,0.5,0.06023187796296921,15,1,0,0,normal
2026-01-30T16:00:00,Освещение,Свет,0.5,0.014424928387872907,16,1,0,0,normal
2026-01-30T17:00:00,Освещение,Свет,0.5,0.23737717941000844,17,1,0,0,normal
2026-01-30T18:00:00,Освещение,Свет,0.5,0.32217436112637354,18,1,0,0,normal
2026-01-30T19:00:00,Освещение,Свет,0.5,0.44283279148858773,19,1,0,0,normal
2026-01-30T20:00:00,Освещение,Свет,0.5,0.38749858757429123,20,1,0,0,normal
2026-01-30T21:00:00,Освещение,Свет,0.5,0.3424199614471261,21,1,0,0,normal
2026-01-30T22:00:00,Освещение,Свет,0.5,0.20390134530259263,22,1,0,0,normal
2026-01-30T23:00:00,Освещение,Свет,0.5,0.09778228956137903,23,1,0,0,normal
2026-01-31T00:00:00,Освещение,Свет,0.5,0.026867560989301754,0,2,0,0,normal
2026-01-31T01:00:00,Освещение,Свет,0.5,0.0,1,2,0,0,normal
2026-01-31T02:00:00,Освещение,Свет,0.5,0.0,2,2,0,0,normal
2026-01-31T03:00:00,Освещение,Свет,0.5,0.0025224774644830895,3,2,0,0,normal
2026-01-31T04:00:00,Освещение,Свет,0.5,0.0,4,2,0,0,normal
2026-01-31T05:00:00,Освещение,Свет,0.5,0.08803774362736437,5,2,0,0,normal
2026-01-31T06:00:00,Освещение,Свет,0.5,0.016909437793411974,6,2,0,0,normal
2026-01-31T07:00:00,Освещение,Свет,0.5,0.02269197326944669,7,2,0,0,normal
2026-01-31T08:00:00,Освещение,Свет,0.5,0.06987122867755097,8,2,0,0,normal
2026-01-31T09:00:00,Освещение,Свет,0.5,0.0669831527993218,9,2,0,0,normal
2026-01-31T10:00:00,Освещение,Свет,0.5,0.054585813428605925,10,2,0,0,normal
2026-01-31T11:00:00,Освещение,Свет,0.5,0.021242799155286415,11,2,0,0,normal
2026-01-31T12:00:00,Освещение,Свет,0.5,0.029589130274916865,12,2,0,0,normal
2026-01-31T13:00:00,Освещение,Свет,0.5,0.0,13,2,0,0,normal
2026-01-31T14:00:00,Освещение,Свет,0.5,0.06824596712847765,14,2,0,0,normal
2026-01-31T15:00:00,Освещение,Свет,0.5,0.03785152369483339,15,2,0,0,normal
2026-01-31T16:00:00,Освещение,Свет,0.5,0.1338825528118804,16,2,0,0,normal
2026-01-31T17:00:00,Освещение,Свет,0.5,0.19049258250922835,17,2,0,0,normal
2026-01-31T18:00:00,Освещение,Свет,0.5,0.3974837201972327,18,2,0,0,normal
2026-01-31T19:00:00,Освещение,Свет,0.5,0.4537558346139402,19,2,0,0,normal
2026-01-31T20:00:00,Освещение,Свет,0.5,0.3551308408231149,20,2,0,0,normal
2026-01-31T21:00:00,Освещение,Свет,0.5,0.3347006121396982,21,2,0,0,normal
2026-01-31T22:00:00,Освещение,Свет,0.5,0.168135382091388,22,2,0,0,normal
2026-01-31T23:00:00,Освещение,Свет,0.5,0.06565875016241039,23,2,0,0,normal
2026-02-01T00:00:00,Освещение,Свет,0.5,0.04971628123396457,0,3,0,0,normal
2026-02-01T01:00:00,Освещение,Свет,0.5,0.0,1,3,0,0,normal
2026-02-01T02:00:00,Освещение,Свет,0.5,0.028142371634089263,2,3,0,0,normal
2026-02-01T03:00:00,Освещение,Свет,0.5,0.0,3,3,0,0,normal
2026-02-01T04:00:00,Освещение,Свет,0.5,0.025812196501160907,4,3,0,0,normal
2026-02-01T05:00:00,Освещение,Свет,0.5,0.0,5,3,0,0,normal
2026-02-01T06:00:00,Освещение,Свет,0.5,0.0828173079189698,6,3,0,0,normal
2026-02-01T07:00:00,Освещение,Свет,0.5,0.09831079576795959,7,3,0,0,normal
2026-02-01T08:00:00,Освещение,Свет,0.5,0.13850030794643511,8,3,0,0,normal
2026-02-01T09:00:00,Освещение,Свет,0.5,0.03613098408641175,9,3,0,0,normal
2026-02-01T10:00:00,Освещение,Свет,0.5,0.06922625392732686,10,3,0,0,normal
2026-02-01T11:00:00,Освещение,Свет,0.5,0.08408728372899767,11,3,0,0,normal
2026-02-01T12:00:00,Освещение,Свет,0.5,0.006943030822142618,12,3,0,0,normal
2026-02-01T13:00:00,Освещение,Свет,0.5,0.0,13,3,0,0,normal
2026-02-01T14:00:00,Освещение,Свет,0.5,0.004787037945762416,14,3,0,0,normal
2026-02-01T15:00:00,Освещение,Свет,0.5,0.03010804190678356,15,3,0,0,normal
2026-02-01T16:00:00,Освещение,Свет,0.5,0.16349517885300588,16,3,0,0,normal
2026-02-01T17:00:00,Освещение,Свет,0.5,0.32458446883074893,17,3,0,0,normal
2026-02-01T18:00:00,Освещение,Свет,0.5,0.38176298844248396,18,3,0,0,normal
2026-02-01T19:00:00,Освещение,Свет,0.5,0.4375896287721135,19,3,0,0,normal
2026-02-01T20:00:00,Освещение,Свет,0.5,0.3200909474849302,20,3,0,0,normal
2026-02-01T21:00:00,Освещение,Свет,0.5,0.2979030713158729,21,3,0,0,normal
2026-02-01T22:00:00,Освещение,Свет,0.5,0.12315258161781088,22,3,0,0,normal
2026-02-01T23:00:00,Освещение,Свет,0.5,0.0436754541233333,23,3,0,0,normal
2026-02-02T00:00:00,Освещение,Свет,0.5,0.012157389897997861,0,4,0,0,normal
2026-02-02T01:00:00,Освещение,Свет,0.5,0.0,1,4,0,0,normal
2026-02-02T02:00:00,Освещение,Свет,0.5,0.0,2,4,0,0,normal
2026-02-02T03:00:00,Освещение,Свет,0.5,0.0,3,4,0,0,normal
2026-02-02T04:00:00,Освещение,Свет,0.5,0.04068168690734816,4,4,0,0,normal
2026-02-02T05:00:00,Освещение,Свет,0.5,0.060327891468237534,5,4,0,0,normal
2026-02-02T06:00:00,Освещение,Свет,0.5,0.05839059632464159,6,4,0,0,normal
2026-02-02T07:00:00,Освещение,Свет,0.5,0.18407818830603673,7,4,0,0,normal
2026-02-02T08:00:00,Освещение,Свет,0.5,0.2114519319631141,8,4,0,0,normal
2026-02-02T09:00:00,Освещение,Свет,0.5,0.07873150120418111,9,4,0,0,normal
2026-02-02T10:00:00,Освещение,Свет,0.5,0.07102558423834623,10,4,0,0,normal
2026-02-02T11:00:00,Освещение,Свет,0.5,0.031828827345182074,11,4,0,0,normal
2026-02-02T12:00:00,Освещение,Свет,0.5,0.0,12,4,0,0,normal
2026-02-02T13:00:00,Освещение,Свет,0.5,0.00718242238412684,13,4,0,0,normal
2026-02-02T14:00:00,Освещение,Свет,0.5,0.0,14,4,0,0,normal
2026-02-02T15:00:00,Освещение,Свет,0.5,0.0036473697187426254,15,4,0,0,normal
2026-02-02T16:00:00,Освещение,Свет,0.5,0.0944384968553034,16,4,0,0,normal
2026-02-02T17:00:00,Освещение,Свет,0.5,0.25137257973243426,17,4,0,0,normal
2026-02-02T18:00:00,Освещение,Свет,0.5,0.41763914390596124,18,4,0,0,normal
2026-02-02T19:00:00,Освещение,Свет,0.5,0.5209665068434752,19,4,0,0,normal
2026-02-02T20:00:00,Освещение,Свет,0.5,0.504119683419227,20,4,0,0,normal
2026-02-02T21:00:00,Освещение,Свет,0.5,0.23901306852185208,21,4,0,0,normal
2026-02-02T22:00:00,Освещение,Свет,0.5,0.18059303053938597,22,4,0,0,normal
2026-02-02T23:00:00,Освещение,Свет,0.5,0.05876773251659498,23,4,0,0,normal
2026-02-03T00:00:00,Освещение,Свет,0.5,0.0,0,5,0,0,normal
2026-02-03T01:00:00,Освещение,Свет,0.5,0.0,1,5,0,0,normal
2026-02-03T02:00:00,Освещение,Свет,0.5,0.0,2,5,0,0,normal
2026-02-03T03:00:00,Освещение,Свет,0.5,0.0,3,5,0,0,normal
2026-02-03T04:00:00,Освещение,Свет,0.5,0.0677865147408755,4,5,0,0,normal
2026-02-03T05:00:00,Освещение,Свет,0.5,0.1331689640915797,5,5,0,0,normal
2026-02-03T06:00:00,Освещение,Свет,0.5,0.09742743351926715,6,5,0,0,normal
2026-02-03T07:00:00,Освещение,Свет,0.5,0.17377731888029793,7,5,0,0,normal
2026-02-03T08:00:00,Освещение,Свет,0.5,0.10810930233687518,8,5,0,0,normal
2026-02-03T09:00:00,Освещение,Свет,0.5,0.05240438012867458,9,5,0,0,normal
2026-02-03T10:00:00,Освещение,Свет,0.5,0.017833266060958832,10,5,0,0,normal
2026-02-03T11:00:00,Освещение,Свет,0.5,0.0009757166925526792,11,5,0,0,normal
2026-02-03T12:00:00,Освещение,Свет,0.5,0.10886113634570026,12,5,0,0,normal
2026-02-03T13:00:00,Освещение,Свет,0.5,0.08563425007908113,13,5,0,0,normal
2026-02-03T14:00:00,Освещение,Свет,0.5,0.11692346986617577,14,5,0,0,normal
2026-02-03T15:00:00,Освещение,Свет,0.5,0.06830368816278234,15,5,0,0,normal
2026-02-03T16:00:00,Освещение,Свет,0.5,0.12828288059489149,16,5,0,0,normal
2026-02-03T17:00:00,Освещение,Свет,0.5,0.32682442122424415,17,5,0,0,normal
2026-02-03T18:00:00,Освещение,Свет,0.5,0.4249957728240982,18,5,0,0,normal
2026-02-03T19:00:00,Освещение,Свет,0.5,0.564038071046506,19,5,0,0,normal
2026-02-03T20:00:00,Освещение,Свет,0.5,0.4646699288105423,20,5,0,0,normal
2026-02-03T21:00:00,Освещение,Свет,0.5,0.3010142328991579,21,5,0,0,normal
2026-02-03T22:00:00,Освещение,Свет,0.5,0.3014029037671937,22,5,0,0,normal
2026-02-03T23:00:00,Освещение,Свет,0.5,0.06363716471425777,23,5,0,0,normal
2026-02-04T00:00:00,Освещение,Свет,0.5,0.12801377353868007,0,6,0,0,normal
2026-02-04T01:00:00,Освещение,Свет,0.5,0.04875656773717517,1,6,0,0,normal
2026-02-04T02:00:00,Освещение,Свет,0.5,0.04852161225612522,2,6,0,0,normal
2026-02-04T03:00:00,Освещение,Свет,0.5,0.08525346424356443,3,6,0,0,normal
2026-02-04T04:00:00,Освещение,Свет,0.5,0.08289310457234847,4,6,0,0,normal
2026-02-04T05:00:00,Освещение,Свет,0.5,0.006146064038795519,5,6,0,0,normal
2026-02-04T06:00:00,Освещение,Свет,0.5,0.06064558083595894,6,6,0,0,normal
2026-02-04T07:00:00,Освещение,Свет,0.5,0.1029442982047023,7,6,0,0,normal
2026-02-04T08:00:00,Освещение,Свет,0.5,0.09859457548447047,8,6,0,0,normal
2026-02-04T09:00:00,Освещение,Свет,0.5,0.09378424539304682,9,6,0,0,normal
2026-02-04T10:00:00,Освещение,Свет,0.5,0.0016125128880472104,10,6,0,0,normal
2026-02-04T11:00:00,Освещение,Свет,0.5,0.009348961193156466,11,6,0,0,normal
2026-02-04T12:00:00,Освещение,Свет,0.5,0.0,12,6,0,0,normal
2026-02-04T13:00:00,Освещение,Свет,0.5,0.03792128399336534,13,6,0,0,normal
2026-02-04T14:00:00,Освещение,Свет,0.5,0.03266305065719995,14,6,0,0,normal
2026-02-04T15:00:00,Освещение,Свет,0.5,0.08477355946758605,15,6,0,0,normal
2026-02-04T16:00:00,Освещение,Свет,0.5,0.1454756251970124,16,6,0,0,normal
2026-02-04T17:00:00,Освещение,Свет,0.5,0.2225023264450693,17,6,0,0,normal
2026-02-04T18:00:00,Освещение,Свет,0.5,0.4771123459392863,18,6,0,0,normal
2026-02-04T19:00:00,Освещение,Свет,0.5,0.5268803693139475,19,6,0,0,normal
2026-02-04T20:00:00,Освещение,Свет,0.5,0.5337292036372832,20,6,0,0,normal
2026-02-04T21:00:00,Освещение,Свет,0.5,0.38242440809060974,21,6,0,0,normal
2026-02-04T22:00:00,Освещение,Свет,0.5,0.20149103978652244,22,6,0,0,normal
2026-02-04T23:00:00,Освещение,Свет,0.5,0.07506219091599883,23,6,0,0,normal
2026-02-05T00:00:00,Освещение,Свет,0.5,0.010443925126511077,0,0,0,0,normal
2026-02-05T01:00:00,Освещение,Свет,0.5,0.11982106621474964,1,0,0,0,normal
2026-02-05T02:00:00,Освещение,Свет,0.5,0.07464726263292547,2,0,0,0,normal
2026-02-05T03:00:00,Освещение,Свет,0.5,0.02426670222044095,3,0,0,0,normal
2026-02-05T04:00:00,Освещение,Свет,0.5,0.0,4,0,0,0,normal
2026-02-05T05:00:00,Освещение,Свет,0.5,0.03705755487587706,5,0,0,1,contextual
2026-02-05T06:00:00,Освещение,Свет,0.5,0.07464800887918244,6,0,0,1,contextual
2026-02-05T07:00:00,Освещение,Свет,0.5,0.14313066516107864,7,0,0,1,contextual
2026-02-05T08:00:00,Освещение,Свет,0.5,0.11471425957230304,8,0,0,1,contextual
2026-02-05T09:00:00,Освещение,Свет,0.5,0.03849787760258484,9,0,0,1,contextual
2026-02-05T10:00:00,Освещение,Свет,0.5,0.03104024009042814,10,0,0,0,normal
2026-02-05T11:00:00,Освещение,Свет,0.5,0.03044808666381901,11,0,0,0,normal
2026-02-05T12:00:00,Освещение,Свет,0.5,0.078130563073408,12,0,0,0,normal
2026-02-05T13:00:00,Освещение,Свет,0.5,0.06790588191737187,13,0,0,0,normal
2026-02-05T14:00:00,Освещение,Свет,0.5,0.0,14,0,0,0,normal
2026-02-05T15:00:00,Освещение,Свет,0.5,0.0,15,0,0,0,normal
2026-02-05T16:00:00,Освещение,Свет,0.5,0.11403135490176208,16,0,0,0,normal
2026-02-05T17:00:00,Освещение,Свет,0.5,0.16543282824761898,17,0,0,0,normal
2026-02-05T18:00:00,Освещение,Свет,0.5,0.44647796497839587,18,0,0,0,normal
2026-02-05T19:00:00,Освещение,Свет,0.5,0.4624033403260694,19,0,0,0,normal
2026-02-05T20:00:00,Освещение,Свет,0.5,0.5247294731640966,20,0,0,0,normal
2026-02-05T21:00:00,Освещение,Свет,0.5,0.265494935077025,21,0,0,0,normal
2026-02-05T22:00:00,Освещение,Свет,0.5,0.23725837163709834,22,0,0,0,normal
2026-02-05T23:00:00,Освещение,Свет,0.5,0.0,23,0,0,0,normal
2026-02-06T00:00:00,Освещение,Свет,0.5,0.04837974894875041,0,1,0,0,normal
2026-02-06T01:00:00,Освещение,Свет,0.5,0.0,1,1,0,0,normal
2026-02-06T02:00:00,Освещение,Свет,0.5,0.021136431670190664,2,1,0,0,normal
2026-02-06T03:00:00,Освещение,Свет,0.5,0.0,3,1,0,0,normal
2026-02-06T04:00:00,Освещение,Свет,0.5,0.05522464563992068,4,1,0,0,normal
2026-02-06T05:00:00,Освещение,Свет,0.5,0.0,5,1,0,0,normal
2026-02-06T06:00:00,Освещение,Свет,0.5,0.11037831266399731,6,1,0,0,normal
2026-02-06T07:00:00,Освещение,Свет,0.5,0.1148463042250341,7,1,0,0,normal
2026-02-06T08:00:00,Освещение,Свет,0.5,0.12624349719779893,8,1,0,0,normal
2026-02-06T09:00:00,Освещение,Свет,0.5,0.10017036537083744,9,1,0,0,normal
2026-02-06T10:00:00,Освещение,Свет,0.5,0.0,10,1,0,0,normal
2026-02-06T11:00:00,Освещение,Свет,0.5,0.008459228553378438,11,1,0,0,normal
2026-02-06T12:00:00,Освещение,Свет,0.5,0.0,12,1,0,0,normal
2026-02-06T13:00:00,Освещение,Свет,0.5,0.0,13,1,0,0,normal
2026-02-06T14:00:00,Освещение,Свет,0.5,0.021838394087901638,14,1,0,0,normal
2026-02-06T15:00:00,Освещение,Свет,0.5,0.09183580073439361,15,1,0,0,normal
2026-02-06T16:00:00,Освещение,Свет,0.5,0.08391966265396407,16,1,0,0,normal
2026-02-06T17:00:00,Освещение,Свет,0.5,0.18517520480378244,17,1,0,0,normal
2026-02-06T18:00:00,Освещение,Свет,0.5,0.6886118510029999,18,1,1,0,normal
2026-02-06T19:00:00,Освещение,Свет,0.5,0.4688838904889253,19,1,0,0,normal
2026-02-06T20:00:00,Освещение,Свет,0.5,0.4559562739134835,20,1,0,0,normal
2026-02-06T21:00:00,Освещение,Свет,0.5,0.33834123237712344,21,1,0,0,normal
2026-02-06T22:00:00,Освещение,Свет,0.5,0.25411500801714604,22,1,0,0,normal
2026-02-06T23:00:00,Освещение,Свет,0.5,0.00481932297490817,23,1,0,0,normal
2026-02-07T00:00:00,Освещение,Свет,0.5,0.0010288850287383565,0,2,0,0,normal
2026-02-07T01:00:00,Освещение,Свет,0.5,0.015126106086349707,1,2,0,0,normal
2026-02-07T02:00:00,Освещение,Свет,0.5,0.07098303259415692,2,2,0,0,normal
2026-02-07T03:00:00,Освещение,Свет,0.5,0.09168367826405527,3,2,0,0,normal
2026-02-07T04:00:00,Освещение,Свет,0.5,0.0,4,2,0,0,normal
2026-02-07T05:00:00,Освещение,Свет,0.5,0.010448669083621335,5,2,0,0,normal
2026-02-07T06:00:00,Освещение,Свет,0.5,0.1218916355192975,6,2,0,0,normal
2026-02-07T07:00:00,Освещение,Свет,0.5,0.12552986860249576,7,2,0,0,normal
2026-02-07T08:00:00,Освещение,Свет,0.5,0.0801017864058284,8,2,0,0,normal
2026-02-07T09:00:00,Освещение,Свет,0.5,0.09719905113854571,9,2,0,0,normal
2026-02-07T10:00:00,Освещение,Свет,0.5,0.04183829379675557,10,2,0,0,normal
2026-02-07T11:00:00,Освещение,Свет,0.5,0.0,11,2,0,0,normal
2026-02-07T12:00:00,Освещение,Свет,0.5,0.0,12,2,0,0,normal
2026-02-07T13:00:00,Освещение,Свет,0.5,0.03727358640835428,13,2,0,0,normal
2026-02-07T14:00:00,Освещение,Свет,0.5,0.0,14,2,0,0,normal
2026-02-07T15:00:00,Освещение,Свет,0.5,0.05260794123930148,15,2,0,0,normal
2026-02-07T16:00:00,Освещение,Свет,0.5,0.1542280107329395,16,2,0,0,normal
2026-02-07T17:00:00,Освещение,Свет,0.5,0.21271885192459952,17,2,0,0,normal
2026-02-07T18:00:00,Освещение,Свет,0.5,0.4264116854198791,18,2,0,0,normal
2026-02-07T19:00:00,Освещение,Свет,0.5,0.539384480405147,19,2,0,0,normal
2026-02-07T20:00:00,Освещение,Свет,0.5,0.32590573608536,20,2,0,0,normal
2026-02-07T21:00:00,Освещение,Свет,0.5,0.29239935980025245,21,2,0,0,normal
2026-02-07T22:00:00,Освещение,Свет,0.5,0.17943398579920322,22,2,0,0,normal
2026-02-07T23:00:00,Освещение,Свет,0.5,0.05552600410947391,23,2,0,0,normal
2026-02-08T00:00:00,Освещение,Свет,0.5,0.052924346020984205,0,3,0,1,stuck
2026-02-08T01:00:00,Освещение,Свет,0.5,0.04759342912886826,1,3,0,1,stuck
2026-02-08T02:00:00,Освещение,Свет,0.5,0.025572298407598573,2,3,0,1,stuck
2026-02-08T03:00:00,Освещение,Свет,0.5,0.0,3,3,0,1,stuck
2026-02-08T04:00:00,Освещение,Свет,0.5,0.009193517622163656,4,3,0,1,stuck
2026-02-08T05:00:00,Освещение,Свет,0.5,0.02627370818815929,5,3,0,1,stuck
2026-02-08T06:00:00,Освещение,Свет,0.5,0.1181215609970501,6,3,0,1,stuck
2026-02-08T07:00:00,Освещение,Свет,0.5,0.12045391224898781,7,3,0,1,stuck
2026-02-08T08:00:00,Освещение,Свет,0.5,0.16379227175495195,8,3,0,1,stuck
2026-02-08T09:00:00,Освещение,Свет,0.5,0.014002169469414941,9,3,0,1,stuck
2026-02-08T10:00:00,Освещение,Свет,0.5,0.025409440782738178,10,3,0,1,stuck
2026-02-08T11:00:00,Освещение,Свет,0.5,0.0,11,3,0,1,stuck
2026-02-08T12:00:00,Освещение,Свет,0.5,0.011826179863916077,12,3,0,1,stuck
2026-02-08T13:00:00,Освещение,Свет,0.5,0.009358111484442436,13,3,0,1,stuck
2026-02-08T14:00:00,Освещение,Свет,0.5,0.02042636034663722,14,3,0,1,stuck
2026-02-08T15:00:00,Освещение,Свет,0.5,0.00988634670177567,15,3,0,1,stuck
2026-02-08T16:00:00,Освещение,Свет,0.5,0.10295497577551269,16,3,0,1,stuck
2026-02-08T17:00:00,Освещение,Свет,0.5,0.2098174379310741,17,3,0,1,stuck
2026-02-08T18:00:00,Освещение,Свет,0.5,0.41918473629561903,18,3,0,1,stuck
2026-02-08T19:00:00,Освещение,Свет,0.5,0.5137578288968002,19,3,0,0,normal
2026-02-08T20:00:00,Освещение,Свет,0.5,0.4582952320599794,20,3,0,0,normal
2026-02-08T21:00:00,Освещение,Свет,0.5,0.39455110585883046,21,3,0,0,normal
2026-02-08T22:00:00,Освещение,Свет,0.5,0.2335716268424615,22,3,0,0,normal
2026-02-08T23:00:00,Освещение,Свет,0.5,0.14026616091879265,23,3,0,0,normal
2026-02-09T00:00:00,Освещение,Свет,0.5,0.0,0,4,0,0,normal
2026-02-09T01:00:00,Освещение,Свет,0.5,0.011963532166095551,1,4,0,0,normal
2026-02-09T02:00:00,Освещение,Свет,0.5,0.07657573915872384,2,4,0,0,normal
2026-02-09T03:00:00,Освещение,Свет,0.5,0.00229453541464811,3,4,0,0,normal
2026-02-09T04:00:00,Освещение,Свет,0.5,0.0,4,4,0,0,normal
2026-02-09T05:00:00,Освещение,Свет,0.5,0.070890528885763,5,4,0,0,normal
2026-02-09T06:00:00,Освещение,Свет,0.5,0.062334933656250806,6,4,0,0,normal
2026-02-09T07:00:00,Освещение,Свет,0.5,0.1801680619912812,7,4,0,0,normal
2026-02-09T08:00:00,Освещение,Свет,0.5,0.19798045187012467,8,4,0,0,normal
2026-02-09T09:00:00,Освещение,Свет,0.5,0.0,9,4,0,0,normal
2026-02-09T10:00:00,Освещение,Свет,0.5,0.016504888032147867,10,4,0,0,normal
2026-02-09T11:00:00,Освещение,Свет,0.5,0.0,11,4,0,0,normal
2026-02-09T12:00:00,Освещение,Свет,0.5,0.05542216434294049,12,4,0,0,normal
2026-02-09T13:00:00,Освещение,Свет,0.5,0.06440371165780148,13,4,0,0,normal
2026-02-09T14:00:00,Освещение,Свет,0.5,0.0,14,4,0,0,normal
2026-02-09T15:00:00,Освещение,Свет,0.5,0.006540680423535838,15,4,0,0,normal
2026-02-09T16:00:00,Освещение,Свет,0.5,0.07454875095432584,16,4,0,0,normal
2026-02-09T17:00:00,Освещение,Свет,0.5,0.22994102788353898,17,4,0,0,normal
2026-02-09T18:00:00,Освещение,Свет,0.5,0.38826284043643056,18,4,0,0,normal
2026-02-09T19:00:00,Освещение,Свет,0.5,0.5122884040426731,19,4,0,0,normal
2026-02-09T20:00:00,Освещение,Свет,0.5,0.42709051226753614,20,4,0,0,normal
2026-02-09T21:00:00,Освещение,Свет,0.5,0.34228009670295656,21,4,0,0,normal
2026-02-09T22:00:00,Освещение,Свет,0.5,0.23175737471433497,22,4,0,0,normal
2026-02-09T23:00:00,Освещение,Свет,0.5,0.04413292927530078,23,4,0,0,normal
2026-02-10T00:00:00,Освещение,Свет,0.5,0.020640134931790812,0,5,0,0,normal
2026-02-10T01:00:00,Освещение,Свет,0.5,0.015285384842907326,1,5,0,0,normal
2026-02-10T02:00:00,Освещение,Свет,0.5,0.026040991387630868,2,5,0,0,normal
2026-02-10T03:00:00,Освещение,Свет,0.5,0.0,3,5,0,0,normal
2026-02-10T04:00:00,Освещение,Свет,0.5,0.04907953186968734,4,5,0,0,normal
2026-02-10T05:00:00,Освещение,Свет,0.5,0.07657804512348727,5,5,0,0,normal
2026-02-10T06:00:00,Освещение,Свет,0.5,0.11970274207607838,6,5,0,0,normal
2026-02-10T07:00:00,Освещение,Свет,0.5,0.16666657074719937,7,5,0,0,normal
2026-02-10T08:00:00,Освещение,Свет,0.5,0.03655304839853541,8,5,0,0,normal
2026-02-10T09:00:00,Освещение,Свет,0.5,0.08504520711335387,9,5,0,0,normal
2026-02-10T10:00:00,Освещение,Свет,0.5,0.015450165427683437,10,5,0,0,normal
2026-02-10T11:00:00,Освещение,Свет,0.5,0.03848032875018916,11,5,0,0,normal
2026-02-10T12:00:00,Освещение,Свет,0.5,0.01102278172975347,12,5,0,0,normal
2026-02-10T13:00:00,Освещение,Свет,0.5,0.009085127042706628,13,5,0,0,normal
2026-02-10T14:00:00,Освещение,Свет,0.5,0.0,14,5,0,0,normal
2026-02-10T15:00:00,Освещение,Свет,0.5,0.14665238954794269,15,5,0,0,normal
2026-02-10T16:00:00,Освещение,Свет,0.5,0.08966402052417465,16,5,0,0,normal
2026-02-10T17:00:00,Освещение,Свет,0.5,0.2826230986061019,17,5,0,0,normal
2026-02-10T18:00:00,Освещение,Свет,0.5,0.46383677522574474,18,5,0,0,normal
2026-02-10T19:00:00,Освещение,Свет,0.5,0.5323231449567548,19,5,0,0,normal
2026-02-10T20:00:00,Освещение,Свет,0.5,0.5273464970349123,20,5,0,0,normal
2026-02-10T21:00:00,Освещение,Свет,0.5,0.37388144402494045,21,5,0,0,normal
2026-02-10T22:00:00,Освещение,Свет,0.5,0.2762359760574365,22,5,0,0,normal
2026-02-10T23:00:00,Освещение,Свет,0.5,0.11905982093605655,23,5,0,0,normal
2026-02-11T00:00:00,Освещение,Свет,0.5,0.0,0,6,0,0,normal
2026-02-11T01:00:00,Освещение,Свет,0.5,0.0,1,6,0,0,normal
2026-02-11T02:00:00,Освещение,Свет,0.5,0.06830177054059694,2,6,0,0,normal
2026-02-11T03:00:00,Освещение,Свет,0.5,0.0,3,6,0,0,normal
2026-02-11T04:00:00,Освещение,Свет,0.5,0.0,4,6,0,0,normal
2026-02-11T05:00:00,Освещение,Свет,0.5,0.031206008364583628,5,6,0,0,normal
2026-02-11T06:00:00,Освещение,Свет,0.5,0.12202737762533361,6,6,0,0,normal
2026-02-11T07:00:00,Освещение,Свет,0.5,0.1256923484798937,7,6,0,0,normal
2026-02-11T08:00:00,Освещение,Свет,0.5,0.09946047135999324,8,6,0,0,normal
2026-02-11T09:00:00,Освещение,Свет,0.5,0.1416819566116637,9,6,0,0,normal
2026-02-11T10:00:00,Освещение,Свет,0.5,0.0,10,6,0,0,normal
2026-02-11T11:00:00,Освещение,Свет,0.5,0.0,11,6,0,0,normal
2026-02-11T12:00:00,Освещение,Свет,0.5,0.02772313474620615,12,6,0,0,normal
2026-02-11T13:00:00,Освещение,Свет,0.5,0.06418723186478201,13,6,0,0,normal
2026-02-11T14:00:00,Освещение,Свет,0.5,0.043874216101450474,14,6,0,0,normal
2026-02-11T15:00:00,Освещение,Свет,0.5,0.1481490991275198,15,6,0,0,normal
2026-02-11T16:00:00,Освещение,Свет,0.5,0.19271904752754324,16,6,0,0,normal
2026-02-11T17:00:00,Освещение,Свет,0.5,0.2803187601426531,17,6,0,0,normal
2026-02-11T18:00:00,Освещение,Свет,0.5,0.41231980856930517,18,6,0,0,normal
2026-02-11T19:00:00,Освещение,Свет,0.5,0.5053051473446856,19,6,0,0,normal
2026-02-11T20:00:00,Освещение,Свет,0.5,0.5457926035388658,20,6,0,0,normal
2026-02-11T21:00:00,Освещение,Свет,0.5,0.36992496365451133,21,6,0,0,normal
2026-02-11T22:00:00,Освещение,Свет,0.5,0.1788760875621224,22,6,0,0,normal
2026-02-11T23:00:00,Освещение,Свет,0.5,0.09365753583007637,23,6,0,0,normal
2026-02-12T00:00:00,Освещение,Свет,0.5,0.0,0,0,0,0,normal
2026-02-12T01:00:00,Освещение,Свет,0.5,0.0,1,0,0,0,normal
2026-02-12T02:00:00,Освещение,Свет,0.5,0.07967687692334502,2,0,0,0,normal
2026-02-12T03:00:00,Освещение,Свет,0.5,0.06620897671390487,3,0,0,0,normal
2026-02-12T04:00:00,Освещение,Свет,0.5,0.0,4,0,0,0,normal
2026-02-12T05:00:00,Освещение,Свет,0.5,0.009453917685483374,5,0,0,0,normal
2026-02-12T06:00:00,Освещение,Свет,0.5,0.06083091611250311,6,0,0,0,normal
2026-02-12T07:00:00,Освещение,Свет,0.5,0.08456415388683641,7,0,0,0,normal
2026-02-12T08:00:00,Освещение,Свет,0.5,0.08594534817047315,8,0,0,0,normal
2026-02-12T09:00:00,Освещение,Свет,0.5,0.008680755452568353,9,0,0,0,normal
2026-02-12T10:00:00,Освещение,Свет,0.5,0.0,10,0,0,0,normal
2026-02-12T11:00:00,Освещение,Свет,0.5,0.0,11,0,0,0,normal
2026-02-12T12:00:00,Освещение,Свет,0.5,0.0,12,0,0,0,normal
2026-02-12T13:00:00,Освещение,Свет,0.5,0.10506495520654136,13,0,0,0,normal
2026-02-12T14:00:00,Освещение,Свет,0.5,0.0,14,0,0,0,normal
2026-02-12T15:00:00,Освещение,Свет,0.5,0.04073008835496461,15,0,0,0,normal
2026-02-12T16:00:00,Освещение,Свет,0.5,0.08507327627791102,16,0,0,0,normal
2026-02-12T17:00:00,Освещение,Свет,0.5,0.23352061884908842,17,0,0,0,normal
2026-02-12T18:00:00,Освещение,Свет,0.5,0.48483773043121714,18,0,0,0,normal
2026-02-12T19:00:00,Освещение,Свет,0.5,0.48771788052793913,19,0,0,0,normal
2026-02-12T20:00:00,Освещение,Свет,0.5,0.4486610562531513,20,0,0,0,normal
2026-02-12T21:00:00,Освещение,Свет,0.5,0.368174730523337,21,0,0,0,normal
2026-02-12T22:00:00,Освещение,Свет,0.5,0.2266118226026524,22,0,0,0,normal
2026-02-12T23:00:00,Освещение,Свет,0.5,0.10036987856670473,23,0,0,0,normal
2026-02-13T00:00:00,Освещение,Свет,0.5,0.0,0,1,0,0,normal
2026-02-13T01:00:00,Освещение,Свет,0.5,0.07655146723009335,1,1,0,0,normal
2026-02-13T02:00:00,Освещение,Свет,0.5,0.0034885941709763145,2,1,0,0,normal
2026-02-13T03:00:00,Освещение,Свет,0.5,0.014034578332699476,3,1,0,0,normal
2026-02-13T04:00:00,Освещение,Свет,0.5,0.0,4,1,0,0,normal
2026-02-13T05:00:00,Освещение,Свет,0.5,0.03532470681501336,5,1,0,0,normal
2026-02-13T06:00:00,Освещение,Свет,0.5,0.027571265382884125,6,1,0,0,normal
2026-02-13T07:00:00,Освещение,Свет,0.5,0.13891013744857472,7,1,0,0,normal
2026-02-13T08:00:00,Освещение,Свет,0.5,0.1196081818174461,8,1,0,0,normal
2026-02-13T09:00:00,Освещение,Свет,0.5,0.17100321660182652,9,1,0,0,normal
2026-02-13T10:00:00,Освещение,Свет,0.5,0.0012633151331312355,10,1,0,0,normal
2026-02-13T11:00:00,Освещение,Свет,0.5,0.0,11,1,0,0,normal
2026-02-13T12:00:00,Освещение,Свет,0.5,0.05048283891365909,12,1,0,0,normal
2026-02-13T13:00:00,Освещение,Свет,0.5,0.0,13,1,0,0,normal
2026-02-13T14:00:00,Освещение,Свет,0.5,0.05598288700677758,14,1,0,0,normal
2026-02-13T15:00:00,Освещение,Свет,0.5,0.0,15,1,0,0,normal
2026-02-13T16:00:00,Освещение,Свет,0.5,0.06306745887551403,16,1,0,0,normal
2026-02-13T17:00:00,Освещение,Свет,0.5,0.3189869922389713,17,1,0,0,normal
2026-02-13T18:00:00,Освещение,Свет,0.5,0.45035093911484464,18,1,0,0,normal
2026-02-13T19:00:00,Освещение,Свет,0.5,0.47253922066822274,19,1,0,0,normal
2026-02-13T20:00:00,Освещение,Свет,0.5,0.406958144353114,20,1,0,0,normal
2026-02-13T21:00:00,Освещение,Свет,0.5,0.3851608867073119,21,1,0,0,normal
2026-02-13T22:00:00,Освещение,Свет,0.5,0.2635893148306582,22,1,0,0,normal
2026-02-13T23:00:00,Освещение,Свет,0.5,0.03781307766150624,23,1,0,0,normal
2026-02-14T00:00:00,Освещение,Свет,0.5,0.02390268837023131,0,2,0,0,normal
2026-02-14T01:00:00,Освещение,Свет,0.5,0.10810640990633405,1,2,0,0,normal
2026-02-14T02:00:00,Освещение,Свет,0.5,0.017393175217868508,2,2,0,0,normal
2026-02-14T03:00:00,Освещение,Свет,0.5,0.015845150016242926,3,2,0,1,point_outlier
2026-02-14T04:00:00,Освещение,Свет,0.5,0.049873778702687326,4,2,0,0,normal
2026-02-14T05:00:00,Освещение,Свет,0.5,0.0,5,2,0,0,normal
2026-02-14T06:00:00,Освещение,Свет,0.5,0.005787613518099594,6,2,0,0,normal
2026-02-14T07:00:00,Освещение,Свет,0.5,0.10880388812752524,7,2,0,0,normal
2026-02-14T08:00:00,Освещение,Свет,0.5,0.1737641747837712,8,2,0,0,normal
2026-02-14T09:00:00,Освещение,Свет,0.5,0.09658761081779661,9,2,0,0,normal
2026-02-14T10:00:00,Освещение,Свет,0.5,0.05222287103091457,10,2,0,0,normal
2026-02-14T11:00:00,Освещение,Свет,0.5,0.015382557865026812,11,2,0,0,normal
2026-02-14T12:00:00,Освещение,Свет,0.5,0.04463136725981101,12,2,0,0,normal
2026-02-14T13:00:00,Освещение,Свет,0.5,0.02824472401228051,13,2,0,0,normal
2026-02-14T14:00:00,Освещение,Свет,0.5,0.07129797659023972,14,2,0,0,normal
2026-02-14T15:00:00,Освещение,Свет,0.5,0.03412936686417027,15,2,0,0,normal
2026-02-14T16:00:00,Освещение,Свет,0.5,0.2436668871922312,16,2,0,0,normal
2026-02-14T17:00:00,Освещение,Свет,0.5,0.2729642623735758,17,2,0,0,normal
2026-02-14T18:00:00,Освещение,Свет,0.5,0.45447916019460927,18,2,0,0,normal
2026-02-14T19:00:00,Освещение,Свет,0.5,0.4270955629735577,19,2,0,0,normal
2026-02-14T20:00:00,Освещение,Свет,0.5,0.39160031705999415,20,2,0,0,normal
2026-02-14T21:00:00,Освещение,Свет,0.5,0.28371272667652003,21,2,0,0,normal
2026-02-14T22:00:00,Освещение,Свет,0.5,0.22243134835177672,22,2,0,0,normal
2026-02-14T23:00:00,Освещение,Свет,0.5,0.07927704059841437,23,2,0,0,normal
2026-01-01T00:00:00,Микроволновка,Кухня,1.2,0.0,0,0,0,0,normal
2026-01-01T01:00:00,Микроволновка,Кухня,1.2,0.007642765447236164,1,0,0,0,normal
2026-01-01T02:00:00,Микроволновка,Кухня,1.2,0.0,2,0,0,0,normal
2026-01-01T03:00:00,Микроволновка,Кухня,1.2,0.0,3,0,0,0,normal
2026-01-01T04:00:00,Микроволновка,Кухня,1.2,0.0,4,0,0,0,normal
2026-01-01T05:00:00,Микроволновка,Кухня,1.2,0.0,5,0,0,0,normal
2026-01-01T06:00:00,Микроволновка,Кухня,1.2,0.06778930933807414,6,0,0,0,normal
2026-01-01T07:00:00,Микроволновка,Кухня,1.2,0.20710278761903028,7,0,0,0,normal
2026-01-01T08:00:00,Микроволновка,Кухня,1.2,0.18317073862145508,8,0,0,0,normal
2026-01-01T09:00:00,Микроволновка,Кухня,1.2,0.0,9,0,0,0,normal
2026-01-01T10:00:00,Микроволновка,Кухня,1.2,0.06176618042647172,10,0,0,0,normal
2026-01-01T11:00:00,Микроволновка,Кухня,1.2,0.1618244960911699,11,0,0,0,normal
2026-01-01T12:00:00,Микроволновка,Кухня,1.2,0.18116253393401377,12,0,0,0,normal
2026-01-01T13:00:00,Микроволновка,Кухня,1.2,0.16026568223627186,13,0,0,0,normal
2026-01-01T14:00:00,Микроволновка,Кухня,1.2,0.16255033076102418,14,0,0,0,normal
2026-01-01T15:00:00,Микроволновка,Кухня,1.2,0.00665658629483759,15,0,0,0,normal
2026-01-01T16:00:00,Микроволновка,Кухня,1.2,0.21946835978133275,16,0,0,0,normal
2026-01-01T17:00:00,Микроволновка,Кухня,1.2,0.18981833873690604,17,0,0,0,normal
2026-01-01T18:00:00,Микроволновка,Кухня,1.2,0.35558727261126705,18,0,0,0,normal
2026-01-01T19:00:00,Микроволновка,Кухня,1.2,0.4804420555539226,19,0,0,0,normal
2026-01-01T20:00:00,Микроволновка,Кухня,1.2,0.37841436708490267,20,0,0,0,normal
2026-01-01T21:00:00,Микроволновка,Кухня,1.2,0.14406358165375768,21,0,0,0,normal
2026-01-01T22:00:00,Микроволновка,Кухня,1.2,0.10167190438746386,22,0,0,0,normal
2026-01-01T23:00:00,Микроволновка,Кухня,1.2,0.07405023399497611,23,0,0,0,normal
2026-01-02T00:00:00,Микроволновка,Кухня,1.2,0.0002904627045568441,0,1,0,0,normal
2026-01-02T01:00:00,Микроволновка,Кухня,1.2,0.03564107099478709,1,1,0,0,normal
2026-01-02T02:00:00,Микроволновка,Кухня,1.2,0.0,2,1,0,0,normal
2026-01-02T03:00:00,Микроволновка,Кухня,1.2,0.0,3,1,0,0,normal
2026-01-02T04:00:00,Микроволновка,Кухня,1.2,0.0,4,1,0,0,normal
2026-01-02T05:00:00,Микроволновка,Кухня,1.2,0.0855316567635444,5,1,0,0,normal
2026-01-02T06:00:00,Микроволновка,Кухня,1.2,0.16771268221168834,6,1,0,0,normal
2026-01-02T07:00:00,Микроволновка,Кухня,1.2,0.19638769633794956,7,1,0,0,normal
2026-01-02T08:00:00,Микроволновка,Кухня,1.2,0.13492055149748555,8,1,0,0,normal
2026-01-02T09:00:00,Микроволновка,Кухня,1.2,0.020672266538448912,9,1,0,0,normal
2026-01-02T10:00:00,Микроволновка,Кухня,1.2,0.0,10,1,0,0,normal
2026-01-02T11:00:00,Микроволновка,Кухня,1.2,0.059056388507233736,11,1,0,0,normal
2026-01-02T12:00:00,Микроволновка,Кухня,1.2,0.13938317657200472,12,1,0,0,normal
2026-01-02T13:00:00,Микроволновка,Кухня,1.2,0.18216953090647148,13,1,0,0,normal
2026-01-02T14:00:00,Микроволновка,Кухня,1.2,0.07390655375456757,14,1,0,0,normal
2026-01-02T15:00:00,Микроволновка,Кухня,1.2,0.0,15,1,0,0,normal
2026-01-02T16:00:00,Микроволновка,Кухня,1.2,0.20864323616912034,16,1,0,0,normal
2026-01-02T17:00:00,Микроволновка,Кухня,1.2,0.30758035861336136,17,1,0,0,normal
2026-01-02T18:00:00,Микроволновка,Кухня,1.2,0.3929208253018363,18,1,0,0,normal
2026-01-02T19:00:00,Микроволновка,Кухня,1.2,0.41085579539283074,19,1,0,0,normal
2026-01-02T20:00:00,Микроволновка,Кухня,1.2,0.34279146166858504,20,1,0,0,normal
2026-01-02T21:00:00,Микроволновка,Кухня,1.2,0.129550982763493,21,1,0,0,normal
2026-01-02T22:00:00,Микроволновка,Кухня,1.2,0.026546444626568882,22,1,0,0,normal
2026-01-02T23:00:00,Микроволновка,Кухня,1.2,0.10401805863899057,23,1,0,0,normal
2026-01-03T00:00:00,Микроволновка,Кухня,1.2,0.04894733453379618,0,2,0,0,normal
2026-01-03T01:00:00,Микроволновка,Кухня,1.2,0.015446264963639551,1,2,0,0,normal
2026-01-03T02:00:00,Микроволновка,Кухня,1.2,0.0,2,2,0,0,normal
2026-01-03T03:00:00,Микроволновка,Кухня,1.2,0.0,3,2,0,0,normal
2026-01-03T04:00:00,Микроволновка,Кухня,1.2,0.039725787985659934,4,2,0,0,normal
2026-01-03T05:00:00,Микроволновка,Кухня,1.2,0.018321800036160935,5,2,0,0,normal
2026-01-03T06:00:00,Микроволновка,Кухня,1.2,0.14565412711031625,6,2,0,0,normal
2026-01-03T07:00:00,Микроволновка,Кухня,1.2,0.1973191301194456,7,2,0,0,normal
2026-01-03T08:00:00,Микроволновка,Кухня,1.2,0.19308282437918634,8,2,0,0,normal
2026-01-03T09:00:00,Микроволновка,Кухня,1.2,0.023446194398914145,9,2,0,0,normal
2026-01-03T10:00:00,Микроволновка,Кухня,1.2,0.017479734309266172,10,2,0,0,normal
2026-01-03T11:00:00,Микроволновка,Кухня,1.2,0.11792909093012596,11,2,0,0,normal
2026-01-03T12:00:00,Микроволновка,Кухня,1.2,0.26915625360454404,12,2,0,0,normal
2026-01-03T13:00:00,Микроволновка,Кухня,1.2,0.07321822390274682,13,2,0,0,normal
2026-01-03T14:00:00,Микроволновка,Кухня,1.2,0.008178314230082487,14,2,0,0,normal
2026-01-03T15:00:00,Микроволновка,Кухня,1.2,0.07435354803480741,15,2,0,0,normal
2026-01-03T16:00:00,Микроволновка,Кухня,1.2,0.1643839771910874,16,2,0,0,normal
2026-01-03T17:00:00,Микроволновка,Кухня,1.2,0.16635490900489708,17,2,0,0,normal
2026-01-03T18:00:00,Микроволновка,Кухня,1.2,0.4114429831725971,18,2,0,0,normal
2026-01-03T19:00:00,Микроволновка,Кухня,1.2,0.4934419576519829,19,2,0,0,normal
2026-01-03T20:00:00,Микроволновка,Кухня,1.2,0.2963434417544859,20,2,0,0,normal
2026-01-03T21:00:00,Микроволновка,Кухня,1.2,0.11928780620091753,21,2,0,0,normal
2026-01-03T22:00:00,Микроволновка,Кухня,1.2,0.1271700103931997,22,2,0,0,normal
2026-01-03T23:00:00,Микроволновка,Кухня,1.2,0.0538665533035293,23,2,0,0,normal
2026-01-04T00:00:00,Микроволновка,Кухня,1.2,0.00502022027101781,0,3,0,0,normal
2026-01-04T01:00:00,Микроволновка,Кухня,1.2,0.0,1,3,0,0,normal
2026-01-04T02:00:00,Микроволновка,Кухня,1.2,0.01044990167031573,2,3,0,0,normal
2026-01-04T03:00:00,Микроволновка,Кухня,1.2,0.04282110706611455,3,3,0,0,normal
2026-01-04T04:00:00,Микроволновка,Кухня,1.2,0.0,4,3,0,0,normal
2026-01-04T05:00:00,Микроволновка,Кухня,1.2,0.0,5,3,0,0,normal
2026-01-04T06:00:00,Микроволновка,Кухня,1.2,0.15679556806455353,6,3,0,0,normal
2026-01-04T07:00:00,Микроволновка,Кухня,1.2,0.303205974049657,7,3,0,0,normal
2026-01-04T08:00:00,Микроволновка,Кухня,1.2,0.23993437785574745,8,3,0,0,normal
2026-01-04T09:00:00,Микроволновка,Кухня,1.2,0.029259546797480232,9,3,0,0,normal
2026-01-04T10:00:00,Микроволновка,Кухня,1.2,0.16902392923315518,10,3,0,0,normal
2026-01-04T11:00:00,Микроволновка,Кухня,1.2,0.2739775248909361,11,3,0,0,normal
2026-01-04T12:00:00,Микроволновка,Кухня,1.2,0.1512182576780099,12,3,0,0,normal
2026-01-04T13:00:00,Микроволновка,Кухня,1.2,0.13166683108058033,13,3,0,0,normal
2026-01-04T14:00:00,Микроволновка,Кухня,1.2,0.08669399500016593,14,3,0,0,normal
2026-01-04T15:00:00,Микроволновка,Кухня,1.2,0.0,15,3,0,0,normal
2026-01-04T16:00:00,Микроволновка,Кухня,1.2,0.10156193388651574,16,3,0,0,normal
2026-01-04T17:00:00,Микроволновка,Кухня,1.2,0.16922807884536098,17,3,0,0,normal
2026-01-04T18:00:00,Микроволновка,Кухня,1.2,0.3236319922269928,18,3,0,0,normal
2026-01-04T19:00:00,Микроволновка,Кухня,1.2,0.3577955969778395,19,3,0,0,normal
2026-01-04T20:00:00,Микроволновка,Кухня,1.2,0.2792024828205758,20,3,0,0,normal
2026-01-04T21:00:00,Микроволновка,Кухня,1.2,0.11691190218226911,21,3,0,0,normal
2026-01-04T22:00:00,Микроволновка,Кухня,1.2,0.024135047399191378,22,3,0,0,normal
2026-01-04T23:00:00,Микроволновка,Кухня,1.2,0.07745883273601965,23,3,0,0,normal
2026-01-05T00:00:00,Микроволновка,Кухня,1.2,0.0,0,4,0,0,normal
2026-01-05T01:00:00,Микроволновка,Кухня,1.2,0.04022447781763263,1,4,0,0,normal
2026-01-05T02:00:00,Микроволновка,Кухня,1.2,0.033594098835789454,2,4,0,0,normal
2026-01-05T03:00:00,Микроволновка,Кухня,1.2,0.0,3,4,0,0,normal
2026-01-05T04:00:00,Микроволновка,Кухня,1.2,0.0,4,4,0,0,normal
2026-01-05T05:00:00,Микроволновка,Кухня,1.2,0.03347316978225905,5,4,0,0,normal
2026-01-05T06:00:00,Микроволновка,Кухня,1.2,0.17780230996283278,6,4,0,0,normal
2026-01-05T07:00:00,Микроволновка,Кухня,1.2,0.31074492362653955,7,4,0,0,normal
2026-01-05T08:00:00,Микроволновка,Кухня,1.2,0.11041233831739336,8,4,0,0,normal
2026-01-05T09:00:00,Микроволновка,Кухня,1.2,0.08918352571098938,9,4,0,0,normal
2026-01-05T10:00:00,Микроволновка,Кухня,1.2,0.06019211109001027,10,4,0,0,normal
2026-01-05T11:00:00,Микроволновка,Кухня,1.2,0.1330838374775232,11,4,0,0,normal
2026-01-05T12:00:00,Микроволновка,Кухня,1.2,0.23091658876582033,12,4,0,0,normal
2026-01-05T13:00:00,Микроволновка,Кухня,1.2,0.2118033665549721,13,4,0,0,normal
2026-01-05T14:00:00,Микроволновка,Кухня,1.2,0.0,14,4,0,0,normal
2026-01-05T15:00:00,Микроволновка,Кухня,1.2,0.005882338925330687,15,4,0,0,normal
2026-01-05T16:00:00,Микроволновка,Кухня,1.2,0.18608573605722195,16,4,0,0,normal
2026-01-05T17:00:00,Микроволновка,Кухня,1.2,0.28226623217991154,17,4,0,0,normal
2026-01-05T18:00:00,Микроволновка,Кухня,1.2,0.46711369526833624,18,4,0,0,normal
2026-01-05T19:00:00,Микроволновка,Кухня,1.2,0.4983205801346408,19,4,0,0,normal
2026-01-05T20:00:00,Микроволновка,Кухня,1.2,0.32262765184983255,20,4,0,0,normal
2026-01-05T21:00:00,Микроволновка,Кухня,1.2,0.17196969703867565,21,4,0,0,normal
2026-01-05T22:00:00,Микроволновка,Кухня,1.2,0.19050515196585485,22,4,0,0,normal
2026-01-05T23:00:00,Микроволновка,Кухня,1.2,0.0,23,4,0,0,normal
2026-01-06T00:00:00,Микроволновка,Кухня,1.2,0.010554487036415598,0,5,0,0,normal
2026-01-06T01:00:00,Микроволновка,Кухня,1.2,0.0,1,5,0,0,normal
2026-01-06T02:00:00,Микроволновка,Кухня,1.2,0.0,2,5,0,0,normal
2026-01-06T03:00:00,Микроволновка,Кухня,1.2,0.023056043023252128,3,5,0,0,normal
2026-01-06T04:00:00,Микроволновка,Кухня,1.2,0.00542461398891993,4,5,0,0,normal
2026-01-06T05:00:00,Микроволновка,Кухня,1.2,0.0,5,5,0,0,normal
2026-01-06T06:00:00,Микроволновка,Кухня,1.2,0.07284849098081096,6,5,0,0,normal
2026-01-06T07:00:00,Микроволновка,Кухня,1.2,0.2512390594072613,7,5,0,0,normal
2026-01-06T08:00:00,Микроволновка,Кухня,1.2,0.2009628387981856,8,5,0,0,normal
2026-01-06T09:00:00,Микроволновка,Кухня,1.2,0.07548104474033233,9,5,0,0,normal
2026-01-06T10:00:00,Микроволновка,Кухня,1.2,0.18943717535624513,10,5,0,0,normal
2026-01-06T11:00:00,Микроволновка,Кухня,1.2,0.04976704078028134,11,5,0,0,normal
2026-01-06T12:00:00,Микроволновка,Кухня,1.2,0.2698424635268201,12,5,0,0,normal
2026-01-06T13:00:00,Микроволновка,Кухня,1.2,0.1920963772996252,13,5,0,0,normal
2026-01-06T14:00:00,Микроволновка,Кухня,1.2,0.0,14,5,0,0,normal
2026-01-06T15:00:00,Микроволновка,Кухня,1.2,0.022374091688338888,15,5,0,0,normal
2026-01-06T16:00:00,Микроволновка,Кухня,1.2,0.16456889900178542,16,5,0,0,normal
2026-01-06T17:00:00,Микроволновка,Кухня,1.2,0.3766802660819486,17,5,0,0,normal
2026-01-06T18:00:00,Микроволновка,Кухня,1.2,0.37623697359054187,18,5,0,0,normal
2026-01-06T19:00:00,Микроволновка,Кухня,1.2,0.4938409082440748,19,5,0,0,normal
2026-01-06T20:00:00,Микроволновка,Кухня,1.2,0.35314305922574596,20,5,0,0,normal
2026-01-06T21:00:00,Микроволновка,Кухня,1.2,0.06997916994146892,21,5,0,0,normal
2026-01-06T22:00:00,Микроволновка,Кухня,1.2,0.09604380149518378,22,5,0,0,normal
2026-01-06T23:00:00,Микроволновка,Кухня,1.2,0.0895872627692994,23,5,0,0,normal
2026-01-07T00:00:00,Микроволновка,Кухня,1.2,0.0,0,6,0,0,normal
2026-01-07T01:00:00,Микроволновка,Кухня,1.2,0.0,1,6,0,0,normal
2026-01-07T02:00:00,Микроволновка,Кухня,1.2,0.021249014247826895,2,6,0,0,normal
2026-01-07T03:00:00,Микроволновка,Кухня,1.2,0.0031658508484723557,3,6,0,0,normal
2026-01-07T04:00:00,Микроволновка,Кухня,1.2,0.0,4,6,0,0,normal
2026-01-07T05:00:00,Микроволновка,Кухня,1.2,0.06087734606933717,5,6,0,0,normal
2026-01-07T06:00:00,Микроволновка,Кухня,1.2,0.2174738772193243,6,6,0,0,normal
2026-01-07T07:00:00,Микроволновка,Кухня,1.2,0.29916548619781663,7,6,0,0,normal
2026-01-07T08:00:00,Микроволновка,Кухня,1.2,0.2382572516105628,8,6,0,0,normal
2026-01-07T09:00:00,Микроволновка,Кухня,1.2,0.07553840835802081,9,6,0,0,normal
2026-01-07T10:00:00,Микроволновка,Кухня,1.2,0.07469318855005058,10,6,0,0,normal
2026-01-07T11:00:00,Микроволновка,Кухня,1.2,0.1559671416848306,11,6,0,0,normal
2026-01-07T12:00:00,Микроволновка,Кухня,1.2,0.17088785868759654,12,6,0,0,normal
2026-01-07T13:00:00,Микроволновка,Кухня,1.2,0.15255558218786625,13,6,0,0,normal
2026-01-07T14:00:00,Микроволновка,Кухня,1.2,0.05454336476041317,14,6,0,0,normal
2026-01-07T15:00:00,Микроволновка,Кухня,1.2,0.13108889981471952,15,6,0,0,normal
2026-01-07T16:00:00,Микроволновка,Кухня,1.2,0.17061372619816512,16,6,0,0,normal
2026-01-07T17:00:00,Микроволновка,Кухня,1.2,0.2790247255743063,17,6,0,0,normal
2026-01-07T18:00:00,Микроволновка,Кухня,1.2,0.43598155474977457,18,6,0,0,normal
2026-01-07T19:00:00,Микроволновка,Кухня,1.2,0.6223435690149925,19,6,0,0,normal
2026-01-07T20:00:00,Микроволновка,Кухня,1.2,0.404252972526242,20,6,0,0,normal
2026-01-07T21:00:00,Микроволновка,Кухня,1.2,0.13517785360642612,21,6,0,0,normal
2026-01-07T22:00:00,Микроволновка,Кухня,1.2,0.0,22,6,0,0,normal
2026-01-07T23:00:00,Микроволновка,Кухня,1.2,0.02084599502711893,23,6,0,0,normal
2026-01-08T00:00:00,Микроволновка,Кухня,1.2,0.0,0,0,0,0,normal
2026-01-08T01:00:00,Микроволновка,Кухня,1.2,0.033935833348705945,1,0,0,0,normal
2026-01-08T02:00:00,Микроволновка,Кухня,1.2,0.05089025240232532,2,0,0,0,normal
2026-01-08T03:00:00,Микроволновка,Кухня,1.2,0.0,3,0,0,1,contextual
2026-01-08T04:00:00,Микроволновка,Кухня,1.2,0.03696433650912788,4,0,0,1,contextual
2026-01-08T05:00:00,Микроволновка,Кухня,1.2,0.13044744964111862,5,0,0,0,normal
2026-01-08T06:00:00,Микроволновка,Кухня,1.2,0.11610198318046273,6,0,0,0,normal
2026-01-08T07:00:00,Микроволновка,Кухня,1.2,0.3558202530106594,7,0,0,0,normal
2026-01-08T08:00:00,Микроволновка,Кухня,1.2,0.09495641805161623,8,0,0,0,normal
2026-01-08T09:00:00,Микроволновка,Кухня,1.2,0.014683412763716933,9,0,0,0,normal
2026-01-08T10:00:00,Микроволновка,Кухня,1.2,0.08739108933516432,10,0,0,0,normal
2026-01-08T11:00:00,Микроволновка,Кухня,1.2,0.08536916964276409,11,0,0,0,normal
2026-01-08T12:00:00,Микроволновка,Кухня,1.2,0.2934349693088592,12,0,0,0,normal
2026-01-08T13:00:00,Микроволновка,Кухня,1.2,0.18620619302992816,13,0,0,0,normal
2026-01-08T14:00:00,Микроволновка,Кухня,1.2,0.026332004554488798,14,0,0,0,normal
2026-01-08T15:00:00,Микроволновка,Кухня,1.2,0.091599507547189,15,0,0,0,normal
2026-01-08T16:00:00,Микроволновка,Кухня,1.2,0.20457679557328165,16,0,0,0,normal
2026-01-08T17:00:00,Микроволновка,Кухня,1.2,0.2988279705826016,17,0,0,0,normal
2026-01-08T18:00:00,Микроволновка,Кухня,1.2,0.4331278866703188,18,0,0,0,normal
2026-01-08T19:00:00,Микроволновка,Кухня,1.2,0.4297635690287393,19,0,0,0,normal
2026-01-08T20:00:00,Микроволновка,Кухня,1.2,0.27729031498791795,20,0,0,0,normal
2026-01-08T21:00:00,Микроволновка,Кухня,1.2,0.1760402673022305,21,0,0,0,normal
2026-01-08T22:00:00,Микроволновка,Кухня,1.2,0.0,22,0,0,0,normal
2026-01-08T23:00:00,Микроволновка,Кухня,1.2,0.007855694764425644,23,0,0,0,normal
2026-01-09T00:00:00,Микроволновка,Кухня,1.2,0.043437015028791326,0,1,0,0,normal
2026-01-09T01:00:00,Микроволновка,Кухня,1.2,0.0,1,1,0,0,normal
2026-01-09T02:00:00,Микроволновка,Кухня,1.2,0.0,2,1,0,0,normal
2026-01-09T03:00:00,Микроволновка,Кухня,1.2,0.09272098117667721,3,1,0,0,normal
2026-01-09T04:00:00,Микроволновка,Кухня,1.2,0.0,4,1,0,0,normal
2026-01-09T05:00:00,Микроволновка,Кухня,1.2,0.0,5,1,0,0,normal
2026-01-09T06:00:00,Микроволновка,Кухня,1.2,0.1271001925027056,6,1,0,0,normal
2026-01-09T07:00:00,Микроволновка,Кухня,1.2,0.2818877166168199,7,1,0,0,normal
2026-01-09T08:00:00,Микроволновка,Кухня,1.2,0.141635828816562,8,1,0,0,normal
2026-01-09T09:00:00,Микроволновка,Кухня,1.2,0.1234960708127818,9,1,0,0,normal
2026-01-09T10:00:00,Микроволновка,Кухня,1.2,0.0,10,1,0,0,normal
2026-01-09T11:00:00,Микроволновка,Кухня,1.2,0.008965972576668632,11,1,0,0,normal
2026-01-09T12:00:00,Микроволновка,Кухня,1.2,0.35655372267952723,12,1,0,0,normal
2026-01-09T13:00:00,Микроволновка,Кухня,1.2,0.24851176813340936,13,1,0,0,normal
2026-01-09T14:00:00,Микроволновка,Кухня,1.2,0.0,14,1,0,0,normal
2026-01-09T15:00:00,Микроволновка,Кухня,1.2,0.04573088290961918,15,1,0,0,normal
2026-01-09T16:00:00,Микроволновка,Кухня,1.2,0.09804639661191214,16,1,0,0,normal
2026-01-09T17:00:00,Микроволновка,Кухня,1.2,0.24217702752614695,17,1,0,0,normal
2026-01-09T18:00:00,Микроволновка,Кухня,1.2,0.37641099125819366,18,1,0,0,normal
2026-01-09T19:00:00,Микроволновка,Кухня,1.2,0.41328195643008664,19,1,0,0,normal
2026-01-09T20:00:00,Микроволновка,Кухня,1.2,0.41310944497946434,20,1,0,0,normal
2026-01-09T21:00:00,Микроволновка,Кухня,1.2,0.06415131635505397,21,1,0,0,normal
2026-01-09T22:00:00,Микроволновка,Кухня,1.2,0.0,22,1,0,0,normal
2026-01-09T23:00:00,Микроволновка,Кухня,1.2,0.0015989743259674342,23,1,0,0,normal
2026-01-10T00:00:00,Микроволновка,Кухня,1.2,0.07646503269999637,0,2,0,0,normal
2026-01-10T01:00:00,Микроволновка,Кухня,1.2,0.0,1,2,0,0,normal
2026-01-10T02:00:00,Микроволновка,Кухня,1.2,0.04134416629069568,2,2,0,0,normal
2026-01-10T03:00:00,Микроволновка,Кухня,1.2,0.0,3,2,0,0,normal
2026-01-10T04:00:00,Микроволновка,Кухня,1.2,0.03899558929656938,4,2,0,0,normal
2026-01-10T05:00:00,Микроволновка,Кухня,1.2,0.06502029790618917,5,2,0,0,normal
2026-01-10T06:00:00,Микроволновка,Кухня,1.2,0.08422005526800136,6,2,0,0,normal
2026-01-10T07:00:00,Микроволновка,Кухня,1.2,0.3019503696520843,7,2,0,0,normal
2026-01-10T08:00:00,Микроволновка,Кухня,1.2,0.21579218559674118,8,2,0,0,normal
2026-01-10T09:00:00,Микроволновка,Кухня,1.2,0.06320582338929237,9,2,0,0,normal
2026-01-10T10:00:00,Микроволновка,Кухня,1.2,0.01708123421062662,10,2,0,0,normal
2026-01-10T11:00:00,Микроволновка,Кухня,1.2,0.05666448812804527,11,2,0,0,normal
2026-01-10T12:00:00,Микроволновка,Кухня,1.2,0.3107956533127269,12,2,0,0,normal
2026-01-10T13:00:00,Микроволновка,Кухня,1.2,0.09562484661812365,13,2,0,0,normal
2026-01-10T14:00:00,Микроволновка,Кухня,1.2,0.04723431888375929,14,2,0,0,normal
2026-01-10T15:00:00,Микроволновка,Кухня,1.2,0.09808051108599633,15,2,0,0,normal
2026-01-10T16:00:00,Микроволновка,Кухня,1.2,0.04104268350982238,16,2,0,0,normal
2026-01-10T17:00:00,Микроволновка,Кухня,1.2,0.22226343504797472,17,2,0,0,normal
2026-01-10T18:00:00,Микроволновка,Кухня,1.2,0.33650000531287055,18,2,0,0,normal
2026-01-10T19:00:00,Микроволновка,Кухня,1.2,0.4517096312989174,19,2,0,0,normal
2026-01-10T20:00:00,Микроволновка,Кухня,1.2,0.28637564296496104,20,2,0,0,normal
2026-01-10T21:00:00,Микроволновка,Кухня,1.2,0.11142624141174907,21,2,0,0,normal
2026-01-10T22:00:00,Микроволновка,Кухня,1.2,0.0,22,2,0,0,normal
2026-01-10T23:00:00,Микроволновка,Кухня,1.2,0.0,23,2,0,0,normal
2026-01-11T00:00:00,Микроволновка,Кухня,1.2,0.0,0,3,0,0,normal
2026-01-11T01:00:00,Микроволновка,Кухня,1.2,0.019990042040722092,1,3,0,0,normal
2026-01-11T02:00:00,Микроволновка,Кухня,1.2,0.0,2,3,0,0,normal
2026-01-11T03:00:00,Микроволновка,Кухня,1.2,0.0,3,3,0,0,normal
2026-01-11T04:00:00,Микроволновка,Кухня,1.2,0.010149089267264525,4,3,0,0,normal
2026-01-11T05:00:00,Микроволновка,Кухня,1.2,0.0,5,3,0,0,normal
2026-01-11T06:00:00,Микроволновка,Кухня,1.2,0.0355730221539186,6,3,0,0,normal
2026-01-11T07:00:00,Микроволновка,Кухня,1.2,0.19749029754683442,7,3,0,0,normal
2026-01-11T08:00:00,Микроволновка,Кухня,1.2,0.20952420263235355,8,3,0,0,normal
2026-01-11T09:00:00,Микроволновка,Кухня,1.2,0.05966545011964062,9,3,0,0,normal
2026-01-11T10:00:00,Микроволновка,Кухня,1.2,0.170683114351614,10,3,0,0,normal
2026-01-11T11:00:00,Микроволновка,Кухня,1.2,0.1291681047454226,11,3,0,0,normal
2026-01-11T12:00:00,Микроволновка,Кухня,1.2,0.10499215561945487,12,3,0,0,normal
2026-01-11T13:00:00,Микроволновка,Кухня,1.2,0.07660384669657093,13,3,0,0,normal
2026-01-11T14:00:00,Микроволновка,Кухня,1.2,0.07903357677347495,14,3,0,0,normal
2026-01-11T15:00:00,Микроволновка,Кухня,1.2,0.014588224225065385,15,3,0,0,normal
2026-01-11T16:00:00,Микроволновка,Кухня,1.2,0.09738126646132159,16,3,0,0,normal
2026-01-11T17:00:00,Микроволновка,Кухня,1.2,0.20474706145523627,17,3,0,0,normal
2026-01-11T18:00:00,Микроволновка,Кухня,1.2,0.37002419798115543,18,3,0,0,normal
2026-01-11T19:00:00,Микроволновка,Кухня,1.2,0.46284738134396824,19,3,0,0,normal
2026-01-11T20:00:00,Микроволновка,Кухня,1.2,0.3320113157549053,20,3,0,0,normal
2026-01-11T21:00:00,Микроволновка,Кухня,1.2,0.1998141207065037,21,3,0,0,normal
2026-01-11T22:00:00,Микроволновка,Кухня,1.2,0.0,22,3,0,0,normal
2026-01-11T23:00:00,Микроволновка,Кухня,1.2,0.015438777794066395,23,3,0,0,normal
2026-01-12T00:00:00,Микроволновка,Кухня,1.2,0.0,0,4,0,0,normal
2026-01-12T01:00:00,Микроволновка,Кухня,1.2,0.00046524408415611574,1,4,0,0,normal
2026-01-12T02:00:00,Микроволновка,Кухня,1.2,0.0,2,4,0,0,normal
2026-01-12T03:00:00,Микроволновка,Кухня,1.2,0.0,3,4,0,0,normal
2026-01-12T04:00:00,Микроволновка,Кухня,1.2,0.10601247904031097,4,4,0,0,normal
2026-01-12T05:00:00,Микроволновка,Кухня,1.2,0.05811160337118943,5,4,0,0,normal
2026-01-12T06:00:00,Микроволновка,Кухня,1.2,0.15236621962358524,6,4,0,0,normal
2026-01-12T07:00:00,Микроволновка,Кухня,1.2,0.31148362253263906,7,4,0,0,normal
2026-01-12T08:00:00,Микроволновка,Кухня,1.2,0.09880195845559958,8,4,0,0,normal
2026-01-12T09:00:00,Микроволновка,Кухня,1.2,0.13125116517107616,9,4,0,0,normal
2026-01-12T10:00:00,Микроволновка,Кухня,1.2,0.0,10,4,0,0,normal
2026-01-12T11:00:00,Микроволновка,Кухня,1.2,0.0808332501211081,11,4,0,0,normal
2026-01-12T12:00:00,Микроволновка,Кухня,1.2,0.17464607884428066,12,4,0,0,normal
2026-01-12T13:00:00,Микроволновка,Кухня,1.2,0.1772559443601995,13,4,0,0,normal
2026-01-12T14:00:00,Микроволновка,Кухня,1.2,0.0007102231943789751,14,4,0,0,normal
2026-01-12T15:00:00,Микроволновка,Кухня,1.2,0.12011212502590583,15,4,0,0,normal
2026-01-12T16:00:00,Микроволновка,Кухня,1.2,0.23904924976264624,16,4,0,0,normal
2026-01-12T17:00:00,Микроволновка,Кухня,1.2,0.3243788520035478,17,4,0,0,normal
2026-01-12T18:00:00,Микроволновка,Кухня,1.2,0.388494440291633,18,4,0,0,normal
2026-01-12T19:00:00,Микроволновка,Кухня,1.2,0.36310662215906564,19,4,0,0,normal
2026-01-12T20:00:00,Микроволновка,Кухня,1.2,0.2808771597800415,20,4,0,0,normal
2026-01-12T21:00:00,Микроволновка,Кухня,1.2,0.06020241565496301,21,4,0,0,normal
2026-01-12T22:00:00,Микроволновка,Кухня,1.2,0.04285850124100545,22,4,0,0,normal
2026-01-12T23:00:00,Микроволновка,Кухня,1.2,0.0,23,4,0,0,normal
2026-01-13T00:00:00,Микроволновка,Кухня,1.2,0.0,0,5,0,0,normal
2026-01-13T01:00:00,Микроволновка,Кухня,1.2,0.12121473087506293,1,5,0,0,normal
2026-01-13T02:00:00,Микроволновка,Кухня,1.2,0.10210481607732357,2,5,0,0,normal
2026-01-13T03:00:00,Микроволновка,Кухня,1.2,0.019153108487341145,3,5,0,0,normal
2026-01-13T04:00:00,Микроволновка,Кухня,1.2,0.0,4,5,0,0,normal
2026-01-13T05:00:00,Микроволновка,Кухня,1.2,0.02862072972044782,5,5,0,0,normal
2026-01-13T06:00:00,Микроволновка,Кухня,1.2,0.178972866546345,6,5,0,0,normal
2026-01-13T07:00:00,Микроволновка,Кухня,1.2,0.14631121171286668,7,5,0,0,normal
2026-01-13T08:00:00,Микроволновка,Кухня,1.2,0.19724532428544075,8,5,0,0,normal
2026-01-13T09:00:00,Микроволновка,Кухня,1.2,0.11168781814694378,9,5,0,0,normal
2026-01-13T10:00:00,Микроволновка,Кухня,1.2,0.12908884992494896,10,5,0,0,normal
2026-01-13T11:00:00,Микроволновка,Кухня,1.2,0.20634370536448116,11,5,0,0,normal
2026-01-13T12:00:00,Микроволновка,Кухня,1.2,0.11281232503427735,12,5,0,0,normal
2026-01-13T13:00:00,Микроволновка,Кухня,1.2,0.07649933731759256,13,5,0,0,normal
2026-01-13T14:00:00,Микроволновка,Кухня,1.2,0.008347675203122885,14,5,0,0,normal
2026-01-13T15:00:00,Микроволновка,Кухня,1.2,0.06329879257928238,15,5,0,0,normal
2026-01-13T16:00:00,Микроволновка,Кухня,1.2,0.0009997008274572148,16,5,0,0,normal
2026-01-13T17:00:00,Микроволновка,Кухня,1.2,0.35097781787290827,17,5,0,0,normal
2026-01-13T18:00:00,Микроволновка,Кухня,1.2,0.38403187256504046,18,5,0,0,normal
2026-01-13T19:00:00,Микроволновка,Кухня,1.2,0.4250366805495503,19,5,0,0,normal
2026-01-13T20:00:00,Микроволновка,Кухня,1.2,0.29999046837929183,20,5,0,0,normal
2026-01-13T21:00:00,Микроволновка,Кухня,1.2,0.2026347900427651,21,5,0,0,normal
2026-01-13T22:00:00,Микроволновка,Кухня,1.2,0.025374177250237936,22,5,0,0,normal
2026-01-13T23:00:00,Микроволновка,Кухня,1.2,0.0,23,5,0,0,normal
2026-01-14T00:00:00,Микроволновка,Кухня,1.2,0.0,0,6,0,0,normal
2026-01-14T01:00:00,Микроволновка,Кухня,1.2,0.02328376016438438,1,6,0,1,point_outlier
2026-01-14T02:00:00,Микроволновка,Кухня,1.2,0.02116635083303837,2,6,0,1,point_outlier
2026-01-14T03:00:00,Микроволновка,Кухня,1.2,0.0,3,6,0,0,normal
2026-01-14T04:00:00,Микроволновка,Кухня,1.2,0.04658990211314886,4,6,0,0,normal
2026-01-14T05:00:00,Микроволновка,Кухня,1.2,0.05950884900058802,5,6,0,0,normal
2026-01-14T06:00:00,Микроволновка,Кухня,1.2,0.20489994346908674,6,6,0,0,normal
2026-01-14T07:00:00,Микроволновка,Кухня,1.2,0.3448822108912484,7,6,0,0,normal
2026-01-14T08:00:00,Микроволновка,Кухня,1.2,0.21475511284065887,8,6,0,0,normal
2026-01-14T09:00:00,Микроволновка,Кухня,1.2,0.02973276336273683,9,6,0,0,normal
2026-01-14T10:00:00,Микроволновка,Кухня,1.2,0.15054014037791033,10,6,0,0,normal
2026-01-14T11:00:00,Микроволновка,Кухня,1.2,0.12688587969402998,11,6,0,0,normal
2026-01-14T12:00:00,Микроволновка,Кухня,1.2,0.22957592408098548,12,6,0,0,normal
2026-01-14T13:00:00,Микроволновка,Кухня,1.2,0.27402170265569137,13,6,0,0,normal
2026-01-14T14:00:00,Микроволновка,Кухня,1.2,0.058083980954822055,14,6,0,0,normal
2026-01-14T15:00:00,Микроволновка,Кухня,1.2,0.1051076765580073,15,6,0,0,normal
2026-01-14T16:00:00,Микроволновка,Кухня,1.2,0.1328251058948325,16,6,0,0,normal
2026-01-14T17:00:00,Микроволновка,Кухня,1.2,0.3843309592745121,17,6,0,0,normal
2026-01-14T18:00:00,Микроволновка,Кухня,1.2,0.40568874203850425,18,6,0,0,normal
2026-01-14T19:00:00,Микроволновка,Кухня,1.2,0.5027868299366421,19,6,0,0,normal
2026-01-14T20:00:00,Микроволновка,Кухня,1.2,0.41188350167868065,20,6,0,0,normal
2026-01-14T21:00:00,Микроволновка,Кухня,1.2,0.05135411522068257,21,6,0,0,normal
2026-01-14T22:00:00,Микроволновка,Кухня,1.2,0.1289065051287264,22,6,0,0,normal
2026-01-14T23:00:00,Микроволновка,Кухня,1.2,0.0,23,6,0,0,normal
2026-01-15T00:00:00,Микроволновка,Кухня,1.2,0.0252944932574574,0,0,0,0,normal
2026-01-15T01:00:00,Микроволновка,Кухня,1.2,0.10562739535762468,1,0,0,0,normal
2026-01-15T02:00:00,Микроволновка,Кухня,1.2,0.0,2,0,0,0,normal
2026-01-15T03:00:00,Микроволновка,Кухня,1.2,0.08187093646279169,3,0,0,0,normal
2026-01-15T04:00:00,Микроволновка,Кухня,1.2,0.11808391109693597,4,0,0,0,normal
2026-01-15T05:00:00,Микроволновка,Кухня,1.2,0.0,5,0,0,0,normal
2026-01-15T06:00:00,Микроволновка,Кухня,1.2,0.20083707200385206,6,0,0,0,normal
2026-01-15T07:00:00,Микроволновка,Кухня,1.2,0.2611981948904584,7,0,0,0,normal
2026-01-15T08:00:00,Микроволновка,Кухня,1.2,0.19627089998154826,8,0,0,0,normal
2026-01-15T09:00:00,Микроволновка,Кухня,1.2,0.023555298568506855,9,0,0,0,normal
2026-01-15T10:00:00,Микроволновка,Кухня,1.2,0.01852377460873,10,0,0,0,normal
2026-01-15T11:00:00,Микроволновка,Кухня,1.2,0.10453294897503149,11,0,0,0,normal
2026-01-15T12:00:00,Микроволновка,Кухня,1.2,0.2166096452434872,12,0,0,0,normal
2026-01-15T13:00:00,Микроволновка,Кухня,1.2,0.03895641481850572,13,0,0,0,normal
2026-01-15T14:00:00,Микроволновка,Кухня,1.2,0.0,14,0,0,0,normal
2026-01-15T15:00:00,Микроволновка,Кухня,1.2,0.1081833828661312,15,0,0,0,normal
2026-01-15T16:00:00,Микроволновка,Кухня,1.2,0.16200986668914594,16,0,0,0,normal
2026-01-15T17:00:00,Микроволновка,Кухня,1.2,0.2655458275275431,17,0,0,0,normal
2026-01-15T18:00:00,Микроволновка,Кухня,1.2,0.3266812694008722,18,0,0,0,normal
2026-01-15T19:00:00,Микроволновка,Кухня,1.2,0.5078247087509031,19,0,0,0,normal
2026-01-15T20:00:00,Микроволновка,Кухня,1.2,0.3526421104633791,20,0,0,0,normal
2026-01-15T21:00:00,Микроволновка,Кухня,1.2,0.018345394647826984,21,0,0,0,normal
2026-01-15T22:00:00,Микроволновка,Кухня,1.2,0.0,22,0,0,0,normal
2026-01-15T23:00:00,Микроволновка,Кухня,1.2,0.06717793991102208,23,0,0,1,stuck
2026-01-16T00:00:00,Микроволновка,Кухня,1.2,0.0,0,1,0,1,stuck
2026-01-16T01:00:00,Микроволновка,Кухня,1.2,0.06739788693540345,1,1,0,1,stuck
2026-01-16T02:00:00,Микроволновка,Кухня,1.2,0.09659449364813957,2,1,0,1,stuck
2026-01-16T03:00:00,Микроволновка,Кухня,1.2,0.0,3,1,0,1,stuck
2026-01-16T04:00:00,Микроволновка,Кухня,1.2,0.1377015838182858,4,1,0,1,stuck
2026-01-16T05:00:00,Микроволновка,Кухня,1.2,0.0,5,1,0,1,stuck
2026-01-16T06:00:00,Микроволновка,Кухня,1.2,0.11760499504145816,6,1,0,1,stuck
2026-01-16T07:00:00,Микроволновка,Кухня,1.2,0.31203522674606876,7,1,0,1,stuck
2026-01-16T08:00:00,Микроволновка,Кухня,1.2,0.27100797738703386,8,1,0,1,stuck
2026-01-16T09:00:00,Микроволновка,Кухня,1.2,0.04768381428813397,9,1,0,1,stuck
2026-01-16T10:00:00,Микроволновка,Кухня,1.2,0.08056409698532797,10,1,0,1,stuck
2026-01-16T11:00:00,Микроволновка,Кухня,1.2,0.08403358977456823,11,1,0,1,stuck
2026-01-16T12:00:00,Микроволновка,Кухня,1.2,0.26650272225026667,12,1,0,0,normal
2026-01-16T13:00:00,Микроволновка,Кухня,1.2,0.17953603750126623,13,1,0,0,normal
2026-01-16T14:00:00,Микроволновка,Кухня,1.2,0.11861956115599903,14,1,0,0,normal
2026-01-16T15:00:00,Микроволновка,Кухня,1.2,0.0,15,1,0,0,normal
2026-01-16T16:00:00,Микроволновка,Кухня,1.2,0.18166578384997406,16,1,0,0,normal
2026-01-16T17:00:00,Микроволновка,Кухня,1.2,0.29884321259386126,17,1,0,0,normal
2026-01-16T18:00:00,Микроволновка,Кухня,1.2,0.45796514127379434,18,1,0,0,normal
2026-01-16T19:00:00,Микроволновка,Кухня,1.2,0.29065889788974925,19,1,0,0,normal
2026-01-16T20:00:00,Микроволновка,Кухня,1.2,0.37014561206852337,20,1,0,0,normal
2026-01-16T21:00:00,Микроволновка,Кухня,1.2,0.07021227285332296,21,1,0,0,normal
2026-01-16T22:00:00,Микроволновка,Кухня,1.2,0.06196797468977486,22,1,0,0,normal
2026-01-16T23:00:00,Микроволновка,Кухня,1.2,0.0007642128429365257,23,1,0,0,normal
2026-01-17T00:00:00,Микроволновка,Кухня,1.2,0.0,0,2,0,0,normal
2026-01-17T01:00:00,Микроволновка,Кухня,1.2,0.04224487949999756,1,2,0,0,normal
2026-01-17T02:00:00,Микроволновка,Кухня,1.2,0.1298342688886486,2,2,0,0,normal
2026-01-17T03:00:00,Микроволновка,Кухня,1.2,0.10517214353471083,3,2,0,0,normal
2026-01-17T04:00:00,Микроволновка,Кухня,1.2,0.07635672608564344,4,2,0,0,normal
2026-01-17T05:00:00,Микроволновка,Кухня,1.2,0.04035208959858581,5,2,0,0,normal
2026-01-17T06:00:00,Микроволновка,Кухня,1.2,0.13925401278204527,6,2,0,0,normal
2026-01-17T07:00:00,Микроволновка,Кухня,1.2,0.2246819498369052,7,2,0,0,normal
2026-01-17T08:00:00,Микроволновка,Кухня,1.2,0.16678560223685773,8,2,0,0,normal
2026-01-17T09:00:00,Микроволновка,Кухня,1.2,0.07057327045090891,9,2,0,0,normal
2026-01-17T10:00:00,Микроволновка,Кухня,1.2,0.0029681877466311963,10,2,0,0,normal
2026-01-17T11:00:00,Микроволновка,Кухня,1.2,0.03994378330485052,11,2,0,0,normal
2026-01-17T12:00:00,Микроволновка,Кухня,1.2,0.09799189917774569,12,2,0,0,normal
2026-01-17T13:00:00,Микроволновка,Кухня,1.2,0.07487765071139271,13,2,0,0,normal
2026-01-17T14:00:00,Микроволновка,Кухня,1.2,0.0879532149126165,14,2,0,0,normal
2026-01-17T15:00:00,Микроволновка,Кухня,1.2,0.15825245485867453,15,2,0,0,normal
2026-01-17T16:00:00,Микроволновка,Кухня,1.2,0.04779216481799333,16,2,0,0,normal
2026-01-17T17:00:00,Микроволновка,Кухня,1.2,0.1653083808370873,17,2,0,0,normal
2026-01-17T18:00:00,Микроволновка,Кухня,1.2,0.36800807972290744,18,2,0,0,normal
2026-01-17T19:00:00,Микроволновка,Кухня,1.2,0.4339480457595226,19,2,0,0,normal
2026-01-17T20:00:00,Микроволновка,Кухня,1.2,0.4114120028996049,20,2,0,0,normal
2026-01-17T21:00:00,Микроволновка,Кухня,1.2,0.12334316508063428,21,2,0,0,normal
2026-01-17T22:00:00,Микроволновка,Кухня,1.2,0.11476274259986805,22,2,0,0,normal
2026-01-17T23:00:00,Микроволновка,Кухня,1.2,0.04548274518626057,23,2,0,0,normal
2026-01-18T00:00:00,Микроволновка,Кухня,1.2,0.038570007815885286,0,3,0,0,normal
2026-01-18T01:00:00,Микроволновка,Кухня,1.2,0.01888455883793963,1,3,0,0,normal
2026-01-18T02:00:00,Микроволновка,Кухня,1.2,0.08133307638197336,2,3,0,0,normal
2026-01-18T03:00:00,Микроволновка,Кухня,1.2,0.0,3,3,0,0,normal
2026-01-18T04:00:00,Микроволновка,Кухня,1.2,0.08332619651712651,4,3,0,0,normal
2026-01-18T05:00:00,Микроволновка,Кухня,1.2,0.0,5,3,0,0,normal
2026-01-18T06:00:00,Микроволновка,Кухня,1.2,0.13934263753597112,6,3,0,0,normal
2026-01-18T07:00:00,Микроволновка,Кухня,1.2,0.25267574952579264,7,3,0,0,normal
2026-01-18T08:00:00,Микроволновка,Кухня,1.2,0.13261473431998672,8,3,0,0,normal
2026-01-18T09:00:00,Микроволновка,Кухня,1.2,0.07206585188425067,9,3,0,0,normal
2026-01-18T10:00:00,Микроволновка,Кухня,1.2,0.0,10,3,0,0,normal
2026-01-18T11:00:00,Микроволновка,Кухня,1.2,0.0838047637531797,11,3,0,0,normal
2026-01-18T12:00:00,Микроволновка,Кухня,1.2,0.11465880165865189,12,3,0,0,normal
2026-01-18T13:00:00,Микроволновка,Кухня,1.2,0.14860736439742558,13,3,0,0,normal
2026-01-18T14:00:00,Микроволновка,Кухня,1.2,0.09851539385507971,14,3,0,0,normal
2026-01-18T15:00:00,Микроволновка,Кухня,1.2,0.0,15,3,0,0,normal
2026-01-18T16:00:00,Микроволновка,Кухня,1.2,0.2711990957704346,16,3,0,0,normal
2026-01-18T17:00:00,Микроволновка,Кухня,1.2,0.15247312970607954,17,3,0,0,normal
2026-01-18T18:00:00,Микроволновка,Кухня,1.2,0.379076228344295,18,3,0,0,normal
2026-01-18T19:00:00,Микроволновка,Кухня,1.2,0.41498045464253497,19,3,0,0,normal
2026-01-18T20:00:00,Микроволновка,Кухня,1.2,0.35485872520026795,20,3,0,0,normal
2026-01-18T21:00:00,Микроволновка,Кухня,1.2,0.14851674487051464,21,3,0,0,normal
2026-01-18T22:00:00,Микроволновка,Кухня,1.2,0.04610485892036322,22,3,0,1,point_outlier
2026-01-18T23:00:00,Микроволновка,Кухня,1.2,0.0,23,3,0,1,point_outlier
2026-01-19T00:00:00,Микроволновка,Кухня,1.2,0.0,0,4,0,0,normal
2026-01-19T01:00:00,Микроволновка,Кухня,1.2,0.023137738684589005,1,4,0,0,normal
2026-01-19T02:00:00,Микроволновка,Кухня,1.2,0.0,2,4,0,0,normal
2026-01-19T03:00:00,Микроволновка,Кухня,1.2,0.007830917497567896,3,4,0,0,normal
2026-01-19T04:00:00,Микроволновка,Кухня,1.2,0.0,4,4,0,0,normal
2026-01-19T05:00:00,Микроволновка,Кухня,1.2,0.01223956674980657,5,4,0,0,normal
2026-01-19T06:00:00,Микроволновка,Кухня,1.2,0.17845025622101446,6,4,0,0,normal
2026-01-19T07:00:00,Микроволновка,Кухня,1.2,0.1640069084680995,7,4,0,0,normal
2026-01-19T08:00:00,Микроволновка,Кухня,1.2,0.12794862075792976,8,4,0,0,normal
2026-01-19T09:00:00,Микроволновка,Кухня,1.2,0.07052272176348691,9,4,0,0,normal
2026-01-19T10:00:00,Микроволновка,Кухня,1.2,0.007622221969261793,10,4,0,0,normal
2026-01-19T11:00:00,Микроволновка,Кухня,1.2,0.16870710513495182,11,4,0,0,normal
2026-01-19T12:00:00,Микроволновка,Кухня,1.2,0.2689706751101621,12,4,0,0,normal
2026-01-19T13:00:00,Микроволновка,Кухня,1.2,0.1348868583839283,13,4,0,0,normal
2026-01-19T14:00:00,Микроволновка,Кухня,1.2,0.09521260544310259,14,4,0,0,normal
2026-01-19T15:00:00,Микроволновка,Кухня,1.2,0.12221939881822469,15,4,0,0,normal
2026-01-19T16:00:00,Микроволновка,Кухня,1.2,0.14005147713925611,16,4,0,0,normal
2026-01-19T17:00:00,Микроволновка,Кухня,1.2,0.18257607658804043,17,4,0,0,normal
2026-01-19T18:00:00,Микроволновка,Кухня,1.2,0.38532103436074516,18,4,0,0,normal
2026-01-19T19:00:00,Микроволновка,Кухня,1.2,0.3585739911546909,19,4,0,0,normal
2026-01-19T20:00:00,Микроволновка,Кухня,1.2,0.284344937230294,20,4,0,0,normal
2026-01-19T21:00:00,Микроволновка,Кухня,1.2,0.17778901390826607,21,4,0,0,normal
2026-01-19T22:00:00,Микроволновка,Кухня,1.2,0.15323511784683855,22,4,0,0,normal
2026-01-19T23:00:00,Микроволновка,Кухня,1.2,0.058009513407437034,23,4,0,0,normal
2026-01-20T00:00:00,Микроволновка,Кухня,1.2,0.01000498833501185,0,5,0,0,normal
2026-01-20T01:00:00,Микроволновка,Кухня,1.2,0.0,1,5,0,0,normal
2026-01-20T02:00:00,Микроволновка,Кухня,1.2,0.0,2,5,0,0,normal
2026-01-20T03:00:00,Микроволновка,Кухня,1.2,0.004336217110098216,3,5,0,0,normal
2026-01-20T04:00:00,Микроволновка,Кухня,1.2,0.06425411540654878,4,5,0,0,normal
2026-01-20T05:00:00,Микроволновка,Кухня,1.2,0.0341304578985505,5,5,0,0,normal
2026-01-20T06:00:00,Микроволновка,Кухня,1.2,0.1984711348249948,6,5,0,0,normal
2026-01-20T07:00:00,Микроволновка,Кухня,1.2,0.3115527688277062,7,5,0,0,normal
2026-01-20T08:00:00,Микроволновка,Кухня,1.2,0.23166113157399987,8,5,0,0,normal
2026-01-20T09:00:00,Микроволновка,Кухня,1.2,0.028078050048311806,9,5,0,0,normal
2026-01-20T10:00:00,Микроволновка,Кухня,1.2,0.11888082316409339,10,5,0,0,normal
2026-01-20T11:00:00,Микроволновка,Кухня,1.2,0.10008172778120367,11,5,0,0,normal
2026-01-20T12:00:00,Микроволновка,Кухня,1.2,0.2372488084098975,12,5,0,0,normal
2026-01-20T13:00:00,Микроволновка,Кухня,1.2,0.1305109473234232,13,5,0,0,normal
2026-01-20T14:00:00,Микроволновка,Кухня,1.2,0.0,14,5,0,0,normal
2026-01-20T15:00:00,Микроволновка,Кухня,1.2,0.06080633122218513,15,5,0,0,normal
2026-01-20T16:00:00,Микроволновка,Кухня,1.2,0.15855420845162746,16,5,0,0,normal
2026-01-20T17:00:00,Микроволновка,Кухня,1.2,0.19903751775377412,17,5,0,0,normal
2026-01-20T18:00:00,Микроволновка,Кухня,1.2,0.4681064916103689,18,5,0,0,normal
2026-01-20T19:00:00,Микроволновка,Кухня,1.2,0.6048625642117724,19,5,0,0,normal
2026-01-20T20:00:00,Микроволновка,Кухня,1.2,0.3625231568814933,20,5,0,0,normal
2026-01-20T21:00:00,Микроволновка,Кухня,1.2,0.241561598636653,21,5,0,0,normal
2026-01-20T22:00:00,Микроволновка,Кухня,1.2,0.1905080717348873,22,5,0,0,normal
2026-01-20T23:00:00,Микроволновка,Кухня,1.2,0.0,23,5,0,0,normal
2026-01-21T00:00:00,Микроволновка,Кухня,1.2,0.0,0,6,0,0,normal
2026-01-21T01:00:00,Микроволновка,Кухня,1.2,0.0,1,6,0,0,normal
2026-01-21T02:00:00,Микроволновка,Кухня,1.2,0.027557526324828194,2,6,0,0,normal
2026-01-21T03:00:00,Микроволновка,Кухня,1.2,0.0,3,6,0,0,normal
2026-01-21T04:00:00,Микроволновка,Кухня,1.2,0.025331888049748362,4,6,0,0,normal
2026-01-21T05:00:00,Микроволновка,Кухня,1.2,0.05078077689323612,5,6,0,0,normal
2026-01-21T06:00:00,Микроволновка,Кухня,1.2,0.012188545452092438,6,6,0,0,normal
2026-01-21T07:00:00,Микроволновка,Кухня,1.2,0.23536348349084626,7,6,0,0,normal
2026-01-21T08:00:00,Микроволновка,Кухня,1.2,0.28445320771510324,8,6,0,0,normal
2026-01-21T09:00:00,Микроволновка,Кухня,1.2,0.1319410026686994,9,6,0,0,normal
2026-01-21T10:00:00,Микроволновка,Кухня,1.2,0.0,10,6,0,0,normal
2026-01-21T11:00:00,Микроволновка,Кухня,1.2,0.12488263682721967,11,6,0,0,normal
2026-01-21T12:00:00,Микроволновка,Кухня,1.2,0.2615053008487849,12,6,0,0,normal
2026-01-21T13:00:00,Микроволновка,Кухня,1.2,0.14067206373074137,13,6,0,0,normal
2026-01-21T14:00:00,Микроволновка,Кухня,1.2,0.016998521907776235,14,6,0,0,normal
2026-01-21T15:00:00,Микроволновка,Кухня,1.2,0.01562450446542044,15,6,0,0,normal
2026-01-21T16:00:00,Микроволновка,Кухня,1.2,0.1811227417768243,16,6,0,0,normal
2026-01-21T17:00:00,Микроволновка,Кухня,1.2,0.27090869026044007,17,6,0,0,normal
2026-01-21T18:00:00,Микроволновка,Кухня,1.2,0.45336261551590806,18,6,0,0,normal
2026-01-21T19:00:00,Микроволновка,Кухня,1.2,0.5493846932026426,19,6,0,0,normal
2026-01-21T20:00:00,Микроволновка,Кухня,1.2,0.4005483551596961,20,6,0,0,normal
2026-01-21T21:00:00,Микроволновка,Кухня,1.2,0.05273934003979217,21,6,0,0,normal
2026-01-21T22:00:00,Микроволновка,Кухня,1.2,0.1294435806620829,22,6,0,0,normal
2026-01-21T23:00:00,Микроволновка,Кухня,1.2,0.07567356492312449,23,6,0,0,normal
2026-01-22T00:00:00,Микроволновка,Кухня,1.2,0.0,0,0,0,0,normal
2026-01-22T01:00:00,Микроволновка,Кухня,1.2,0.053068513504698045,1,0,0,0,normal
2026-01-22T02:00:00,Микроволновка,Кухня,1.2,0.0,2,0,0,0,normal
2026-01-22T03:00:00,Микроволновка,Кухня,1.2,0.02840765241893116,3,0,0,0,normal
2026-01-22T04:00:00,Микроволновка,Кухня,1.2,0.00988681678665931,4,0,0,0,normal
2026-01-22T05:00:00,Микроволновка,Кухня,1.2,0.033361695512278904,5,0,0,0,normal
2026-01-22T06:00:00,Микроволновка,Кухня,1.2,0.022525467143382827,6,0,0,0,normal
2026-01-22T07:00:00,Микроволновка,Кухня,1.2,0.24738824500076995,7,0,0,0,normal
2026-01-22T08:00:00,Микроволновка,Кухня,1.2,0.11629938797768768,8,0,0,0,normal
2026-01-22T09:00:00,Микроволновка,Кухня,1.2,0.0,9,0,0,0,normal
2026-01-22T10:00:00,Микроволновка,Кухня,1.2,0.0,10,0,0,0,normal
2026-01-22T11:00:00,Микроволновка,Кухня,1.2,0.10776758816170721,11,0,0,0,normal
2026-01-22T12:00:00,Микроволновка,Кухня,1.2,0.08310097038347307,12,0,0,0,normal
2026-01-22T13:00:00,Микроволновка,Кухня,1.2,0.15465392192465724,13,0,0,0,normal
2026-01-22T14:00:00,Микроволновка,Кухня,1.2,0.05199948472443645,14,0,0,0,normal
2026-01-22T15:00:00,Микроволновка,Кухня,1.2,0.06557402203098878,15,0,0,0,normal
2026-01-22T16:00:00,Микроволновка,Кухня,1.2,0.11715605090436794,16,0,0,0,normal
2026-01-22T17:00:00,Микроволновка,Кухня,1.2,0.17746401042925036,17,0,0,0,normal
2026-01-22T18:00:00,Микроволновка,Кухня,1.2,0.40437784647139313,18,0,0,0,normal
2026-01-22T19:00:00,Микроволновка,Кухня,1.2,0.3524597599414733,19,0,0,0,normal
2026-01-22T20:00:00,Микроволновка,Кухня,1.2,0.2556180006457403,20,0,0,0,normal
2026-01-22T21:00:00,Микроволновка,Кухня,1.2,0.13064195069235734,21,0,0,0,normal
2026-01-22T22:00:00,Микроволновка,Кухня,1.2,0.06767073675492438,22,0,0,0,normal
2026-01-22T23:00:00,Микроволновка,Кухня,1.2,0.0,23,0,0,0,normal
2026-01-23T00:00:00,Микроволновка,Кухня,1.2,0.0390390584539709,0,1,0,0,normal
2026-01-23T01:00:00,Микроволновка,Кухня,1.2,0.029439691134772492,1,1,0,0,normal
2026-01-23T02:00:00,Микроволновка,Кухня,1.2,0.028398988402932073,2,1,0,0,normal
2026-01-23T03:00:00,Микроволновка,Кухня,1.2,0.0,3,1,0,0,normal
2026-01-23T04:00:00,Микроволновка,Кухня,1.2,0.0,4,1,0,0,normal
2026-01-23T05:00:00,Микроволновка,Кухня,1.2,0.009595499530542118,5,1,0,0,normal
2026-01-23T06:00:00,Микроволновка,Кухня,1.2,0.138246735130782,6,1,0,0,normal
2026-01-23T07:00:00,Микроволновка,Кухня,1.2,0.19835551476679586,7,1,0,0,normal
2026-01-23T08:00:00,Микроволновка,Кухня,1.2,0.17120044363084785,8,1,0,0,normal
2026-01-23T09:00:00,Микроволновка,Кухня,1.2,0.06969010665931732,9,1,0,0,normal
2026-01-23T10:00:00,Микроволновка,Кухня,1.2,0.0,10,1,0,0,normal
2026-01-23T11:00:00,Микроволновка,Кухня,1.2,0.07830561325255551,11,1,0,0,normal
2026-01-23T12:00:00,Микроволновка,Кухня,1.2,0.1287744182092786,12,1,0,0,normal
2026-01-23T13:00:00,Микроволновка,Кухня,1.2,0.03385463859947836,13,1,0,0,normal
2026-01-23T14:00:00,Микроволновка,Кухня,1.2,0.12584455604960168,14,1,0,0,normal
2026-01-23T15:00:00,Микроволновка,Кухня,1.2,0.0,15,1,0,0,normal
2026-01-23T16:00:00,Микроволновка,Кухня,1.2,0.08298817226365021,16,1,0,0,normal
2026-01-23T17:00:00,Микроволновка,Кухня,1.2,0.2598337476231259,17,1,0,0,normal
2026-01-23T18:00:00,Микроволновка,Кухня,1.2,0.40430542270942954,18,1,0,0,normal
2026-01-23T19:00:00,Микроволновка,Кухня,1.2,0.4805412213083335,19,1,0,0,normal
2026-01-23T20:00:00,Микроволновка,Кухня,1.2,0.30614196759542167,20,1,0,0,normal
2026-01-23T21:00:00,Микроволновка,Кухня,1.2,0.10794928452862167,21,1,0,0,normal
2026-01-23T22:00:00,Микроволновка,Кухня,1.2,0.05082597822395294,22,1,0,0,normal
2026-01-23T23:00:00,Микроволновка,Кухня,1.2,0.05687025158481821,23,1,0,0,normal
2026-01-24T00:00:00,Микроволновка,Кухня,1.2,0.10209310719716037,0,2,0,0,normal
2026-01-24T01:00:00,Микроволновка,Кухня,1.2,0.0,1,2,0,0,normal
2026-01-24T02:00:00,Микроволновка,Кухня,1.2,0.0,2,2,0,0,normal
2026-01-24T03:00:00,Микроволновка,Кухня,1.2,0.0,3,2,0,0,normal
2026-01-24T04:00:00,Микроволновка,Кухня,1.2,0.0,4,2,0,0,normal
2026-01-24T05:00:00,Микроволновка,Кухня,1.2,0.07582168298814859,5,2,0,0,normal
2026-01-24T06:00:00,Микроволновка,Кухня,1.2,0.14334143962799475,6,2,0,0,normal
2026-01-24T07:00:00,Микроволновка,Кухня,1.2,0.37106312537804387,7,2,0,0,normal
2026-01-24T08:00:00,Микроволновка,Кухня,1.2,0.19527410654307545,8,2,0,0,normal
2026-01-24T09:00:00,Микроволновка,Кухня,1.2,0.06117477422367485,9,2,0,0,normal
2026-01-24T10:00:00,Микроволновка,Кухня,1.2,0.1354164400847952,10,2,0,0,normal
2026-01-24T11:00:00,Микроволновка,Кухня,1.2,0.04529946853319661,11,2,0,0,normal
2026-01-24T12:00:00,Микроволновка,Кухня,1.2,0.22971214554393335,12,2,0,0,normal
2026-01-24T13:00:00,Микроволновка,Кухня,1.2,0.10818536494794301,13,2,0,0,normal
2026-01-24T14:00:00,Микроволновка,Кухня,1.2,0.007498162394590028,14,2,0,0,normal
2026-01-24T15:00:00,Микроволновка,Кухня,1.2,0.035315715726175666,15,2,0,0,normal
2026-01-24T16:00:00,Микроволновка,Кухня,1.2,0.0914624847120643,16,2,0,0,normal
2026-01-24T17:00:00,Микроволновка,Кухня,1.2,0.24360175587160438,17,2,0,0,normal
2026-01-24T18:00:00,Микроволновка,Кухня,1.2,0.26966410916928135,18,2,0,0,normal
2026-01-24T19:00:00,Микроволновка,Кухня,1.2,0.47551869122560203,19,2,0,0,normal
2026-01-24T20:00:00,Микроволновка,Кухня,1.2,0.32604444216780964,20,2,0,0,normal
2026-01-24T21:00:00,Микроволновка,Кухня,1.2,0.056588837164455424,21,2,0,0,normal
2026-01-24T22:00:00,Микроволновка,Кухня,1.2,0.06868790541095808,22,2,0,0,normal
2026-01-24T23:00:00,Микроволновка,Кухня,1.2,0.0,23,2,0,0,normal
2026-01-25T00:00:00,Микроволновка,Кухня,1.2,0.04419373153044304,0,3,0,0,normal
2026-01-25T01:00:00,Микроволновка,Кухня,1.2,0.0,1,3,0,0,normal
2026-01-25T02:00:00,Микроволновка,Кухня,1.2,0.0,2,3,0,0,normal
2026-01-25T03:00:00,Микроволновка,Кухня,1.2,0.0012205504228553381,3,3,0,0,normal
2026-01-25T04:00:00,Микроволновка,Кухня,1.2,0.0,4,3,0,0,normal
2026-01-25T05:00:00,Микроволновка,Кухня,1.2,0.007949001241853323,5,3,0,1,contextual
2026-01-25T06:00:00,Микроволновка,Кухня,1.2,0.20814039521310554,6,3,0,1,contextual
2026-01-25T07:00:00,Микроволновка,Кухня,1.2,0.2104758650675664,7,3,0,1,contextual
2026-01-25T08:00:00,Микроволновка,Кухня,1.2,0.22161620889600656,8,3,0,1,contextual
2026-01-25T09:00:00,Микроволновка,Кухня,1.2,0.02813997534686731,9,3,0,1,contextual
2026-01-25T10:00:00,Микроволновка,Кухня,1.2,0.002378569513641712,10,3,0,0,normal
2026-01-25T11:00:00,Микроволновка,Кухня,1.2,0.15512588636562824,11,3,0,0,normal
2026-01-25T12:00:00,Микроволновка,Кухня,1.2,0.10438456954361679,12,3,0,0,normal
2026-01-25T13:00:00,Микроволновка,Кухня,1.2,0.08984274418240543,13,3,0,0,normal
2026-01-25T14:00:00,Микроволновка,Кухня,1.2,0.049679419310308066,14,3,0,0,normal
2026-01-25T15:00:00,Микроволновка,Кухня,1.2,0.06268268567610517,15,3,0,0,normal
2026-01-25T16:00:00,Микроволновка,Кухня,1.2,0.17069001969159378,16,3,0,0,normal
2026-01-25T17:00:00,Микроволновка,Кухня,1.2,0.23711837737569083,17,3,0,0,normal
2026-01-25T18:00:00,Микроволновка,Кухня,1.2,0.32286465126454494,18,3,0,0,normal
2026-01-25T19:00:00,Микроволновка,Кухня,1.2,0.37025988860540254,19,3,0,0,normal
2026-01-25T20:00:00,Микроволновка,Кухня,1.2,0.295996477403618,20,3,0,0,normal
2026-01-25T21:00:00,Микроволновка,Кухня,1.2,0.19757353128353097,21,3,0,0,normal
2026-01-25T22:00:00,Микроволновка,Кухня,1.2,0.16690286053592007,22,3,0,0,normal
2026-01-25T23:00:00,Микроволновка,Кухня,1.2,0.0,23,3,0,0,normal
2026-01-26T00:00:00,Микроволновка,Кухня,1.2,0.08098138578834231,0,4,0,0,normal
2026-01-26T01:00:00,Микроволновка,Кухня,1.2,0.0,1,4,0,0,normal
2026-01-26T02:00:00,Микроволновка,Кухня,1.2,0.0,2,4,0,0,normal
2026-01-26T03:00:00,Микроволновка,Кухня,1.2,0.0,3,4,0,0,normal
2026-01-26T04:00:00,Микроволновка,Кухня,1.2,0.0,4,4,0,0,normal
2026-01-26T05:00:00,Микроволновка,Кухня,1.2,0.0,5,4,0,0,normal
2026-01-26T06:00:00,Микроволновка,Кухня,1.2,0.12067404943484653,6,4,0,0,normal
2026-01-26T07:00:00,Микроволновка,Кухня,1.2,0.17677457319466017,7,4,0,0,normal
2026-01-26T08:00:00,Микроволновка,Кухня,1.2,0.18480687225074133,8,4,0,0,normal
2026-01-26T09:00:00,Микроволновка,Кухня,1.2,0.08151270785827064,9,4,0,0,normal
2026-01-26T10:00:00,Микроволновка,Кухня,1.2,0.010754557887949429,10,4,0,0,normal
2026-01-26T11:00:00,Микроволновка,Кухня,1.2,0.13617268038218178,11,4,0,0,normal
2026-01-26T12:00:00,Микроволновка,Кухня,1.2,0.3212680522009192,12,4,0,0,normal
2026-01-26T13:00:00,Микроволновка,Кухня,1.2,0.0687734212926074,13,4,0,0,normal
2026-01-26T14:00:00,Микроволновка,Кухня,1.2,0.1300415677824008,14,4,0,0,normal
2026-01-26T15:00:00,Микроволновка,Кухня,1.2,0.04289748077511163,15,4,0,0,normal
2026-01-26T16:00:00,Микроволновка,Кухня,1.2,0.13755248829155425,16,4,0,0,normal
2026-01-26T17:00:00,Микроволновка,Кухня,1.2,0.2901452956343056,17,4,0,0,normal
2026-01-26T18:00:00,Микроволновка,Кухня,1.2,0.4544527292337559,18,4,0,0,normal
2026-01-26T19:00:00,Микроволновка,Кухня,1.2,0.3879920681557073,19,4,0,0,normal
2026-01-26T20:00:00,Микроволновка,Кухня,1.2,0.30306295534775374,20,4,0,0,normal
2026-01-26T21:00:00,Микроволновка,Кухня,1.2,0.1361366917378918,21,4,0,0,normal
2026-01-26T22:00:00,Микроволновка,Кухня,1.2,0.05028221221123162,22,4,0,0,normal
2026-01-26T23:00:00,Микроволновка,Кухня,1.2,0.0,23,4,0,1,point_outlier
2026-01-27T00:00:00,Микроволновка,Кухня,1.2,0.0,0,5,0,1,point_outlier
2026-01-27T01:00:00,Микроволновка,Кухня,1.2,0.0,1,5,0,1,point_outlier
2026-01-27T02:00:00,Микроволновка,Кухня,1.2,0.08065472331255448,2,5,0,0,normal
2026-01-27T03:00:00,Микроволновка,Кухня,1.2,0.0,3,5,0,0,normal
2026-01-27T04:00:00,Микроволновка,Кухня,1.2,0.0,4,5,0,0,normal
2026-01-27T05:00:00,Микроволновка,Кухня,1.2,0.0,5,5,0,0,normal
2026-01-27T06:00:00,Микроволновка,Кухня,1.2,0.1781894111249174,6,5,0,0,normal
2026-01-27T07:00:00,Микроволновка,Кухня,1.2,0.4168084658492207,7,5,0,0,normal
2026-01-27T08:00:00,Микроволновка,Кухня,1.2,0.20125671999812791,8,5,0,0,normal
2026-01-27T09:00:00,Микроволновка,Кухня,1.2,0.05614265056700872,9,5,0,0,normal
2026-01-27T10:00:00,Микроволновка,Кухня,1.2,0.02625561045434725,10,5,0,0,normal
2026-01-27T11:00:00,Микроволновка,Кухня,1.2,0.15164188906279893,11,5,0,0,normal
2026-01-27T12:00:00,Микроволновка,Кухня,1.2,0.23514485077010475,12,5,0,0,normal
2026-01-27T13:00:00,Микроволновка,Кухня,1.2,0.16778422186239847,13,5,0,0,normal
2026-01-27T14:00:00,Микроволновка,Кухня,1.2,0.030523370140761816,14,5,0,0,normal
2026-01-27T15:00:00,Микроволновка,Кухня,1.2,0.07061930353257607,15,5,0,0,normal
2026-01-27T16:00:00,Микроволновка,Кухня,1.2,0.08893472462969568,16,5,0,0,normal
2026-01-27T17:00:00,Микроволновка,Кухня,1.2,0.29008673191691847,17,5,0,0,normal
2026-01-27T18:00:00,Микроволновка,Кухня,1.2,0.44613553451156157,18,5,0,0,normal
2026-01-27T19:00:00,Микроволновка,Кухня,1.2,0.4357475333044772,19,5,0,0,normal
2026-01-27T20:00:00,Микроволновка,Кухня,1.2,0.32281970571993357,20,5,0,0,normal
2026-01-27T21:00:00,Микроволновка,Кухня,1.2,0.17388714095093322,21,5,0,0,normal
2026-01-27T22:00:00,Микроволновка,Кухня,1.2,0.04350609266398059,22,5,0,0,normal
2026-01-27T23:00:00,Микроволновка,Кухня,1.2,0.023300618800010813,23,5,0,0,normal
2026-01-28T00:00:00,Микроволновка,Кухня,1.2,0.0,0,6,0,0,normal
2026-01-28T01:00:00,Микроволновка,Кухня,1.2,0.0,1,6,0,0,normal
2026-01-28T02:00:00,Микроволновка,Кухня,1.2,0.0,2,6,0,0,normal
2026-01-28T03:00:00,Микроволновка,Кухня,1.2,0.0,3,6,0,0,normal
2026-01-28T04:00:00,Микроволновка,Кухня,1.2,0.051176747735570724,4,6,0,0,normal
2026-01-28T05:00:00,Микроволновка,Кухня,1.2,0.02996815828968999,5,6,0,0,normal
2026-01-28T06:00:00,Микроволновка,Кухня,1.2,0.2942510503720978,6,6,0,0,normal
2026-01-28T07:00:00,Микроволновка,Кухня,1.2,0.31523946978134765,7,6,0,0,normal
2026-01-28T08:00:00,Микроволновка,Кухня,1.2,0.18483191344267494,8,6,0,0,normal
2026-01-28T09:00:00,Микроволновка,Кухня,1.2,0.02984315467767672,9,6,0,0,normal
2026-01-28T10:00:00,Микроволновка,Кухня,1.2,0.0,10,6,0,0,normal
2026-01-28T11:00:00,Микроволновка,Кухня,1.2,0.16230990361248135,11,6,0,0,normal
2026-01-28T12:00:00,Микроволновка,Кухня,1.2,0.18050954007137535,12,6,0,0,normal
2026-01-28T13:00:00,Микроволновка,Кухня,1.2,0.15161737868581654,13,6,0,0,normal
2026-01-28T14:00:00,Микроволновка,Кухня,1.2,0.09945977334905994,14,6,0,0,normal
2026-01-28T15:00:00,Микроволновка,Кухня,1.2,0.03309575607536988,15,6,0,0,normal
2026-01-28T16:00:00,Микроволновка,Кухня,1.2,0.09665786327627829,16,6,0,0,normal
2026-01-28T17:00:00,Микроволновка,Кухня,1.2,0.2533324206191647,17,6,0,0,normal
2026-01-28T18:00:00,Микроволновка,Кухня,1.2,0.4443971920358117,18,6,0,0,normal
2026-01-28T19:00:00,Микроволновка,Кухня,1.2,0.5139167671243603,19,6,0,0,normal
2026-01-28T20:00:00,Микроволновка,Кухня,1.2,0.318992056926456,20,6,0,0,normal
2026-01-28T21:00:00,Микроволновка,Кухня,1.2,0.1353338741008586,21,6,0,0,normal
2026-01-28T22:00:00,Микроволновка,Кухня,1.2,0.12012316790791353,22,6,0,0,normal
2026-01-28T23:00:00,Микроволновка,Кухня,1.2,0.008739079818968735,23,6,0,0,normal
2026-01-29T00:00:00,Микроволновка,Кухня,1.2,0.0,0,0,0,0,normal
2026-01-29T01:00:00,Микроволновка,Кухня,1.2,0.0,1,0,0,0,normal
2026-01-29T02:00:00,Микроволновка,Кухня,1.2,0.027927471699264343,2,0,0,0,normal
2026-01-29T03:00:00,Микроволновка,Кухня,1.2,8.286947798407044e-05,3,0,0,0,normal
2026-01-29T04:00:00,Микроволновка,Кухня,1.2,0.0,4,0,0,0,normal
2026-01-29T05:00:00,Микроволновка,Кухня,1.2,0.08042068901873076,5,0,0,0,normal
2026-01-29T06:00:00,Микроволновка,Кухня,1.2,0.16249888384101013,6,0,0,0,normal
2026-01-29T07:00:00,Микроволновка,Кухня,1.2,0.2553329585522071,7,0,0,0,normal
2026-01-29T08:00:00,Микроволновка,Кухня,1.2,0.13069256298013499,8,0,0,0,normal
2026-01-29T09:00:00,Микроволновка,Кухня,1.2,0.07023006292208427,9,0,0,0,normal
2026-01-29T10:00:00,Микроволновка,Кухня,1.2,0.12969447641969545,10,0,0,0,normal
2026-01-29T11:00:00,Микроволновка,Кухня,1.2,0.12343711842136054,11,0,0,0,normal
2026-01-29T12:00:00,Микроволновка,Кухня,1.2,0.19289268798303444,12,0,0,0,normal
2026-01-29T13:00:00,Микроволновка,Кухня,1.2,0.1353542234438341,13,0,0,0,normal
2026-01-29T14:00:00,Микроволновка,Кухня,1.2,0.15158817601491248,14,0,0,0,normal
2026-01-29T15:00:00,Микроволновка,Кухня,1.2,0.0,15,0,0,0,normal
2026-01-29T16:00:00,Микроволновка,Кухня,1.2,0.18744974058474673,16,0,0,0,normal
2026-01-29T17:00:00,Микроволновка,Кухня,1.2,0.17579183062225873,17,0,0,0,normal
2026-01-29T18:00:00,Микроволновка,Кухня,1.2,0.35471008358650324,18,0,0,0,normal
2026-01-29T19:00:00,Микроволновка,Кухня,1.2,0.34214089046416196,19,0,0,0,normal
2026-01-29T20:00:00,Микроволновка,Кухня,1.2,0.17319104445460012,20,0,0,0,normal
2026-01-29T21:00:00,Микроволновка,Кухня,1.2,0.1967878867662413,21,0,0,0,normal
2026-01-29T22:00:00,Микроволновка,Кухня,1.2,0.0,22,0,0,0,normal
2026-01-29T23:00:00,Микроволновка,Кухня,1.2,0.0,23,0,0,0,normal
2026-01-30T00:00:00,Микроволновка,Кухня,1.2,0.0,0,1,0,0,normal
2026-01-30T01:00:00,Микроволновка,Кухня,1.2,0.0,1,1,0,0,normal
2026-01-30T02:00:00,Микроволновка,Кухня,1.2,0.0,2,1,0,0,normal
2026-01-30T03:00:00,Микроволновка,Кухня,1.2,0.09333658750428826,3,1,0,0,normal
2026-01-30T04:00:00,Микроволновка,Кухня,1.2,0.0,4,1,0,0,normal
2026-01-30T05:00:00,Микроволновка,Кухня,1.2,0.0034077862083647828,5,1,0,0,normal
2026-01-30T06:00:00,Микроволновка,Кухня,1.2,0.13068376223693529,6,1,0,0,normal
2026-01-30T07:00:00,Микроволновка,Кухня,1.2,0.16125425366229748,7,1,0,0,normal
2026-01-30T08:00:00,Микроволновка,Кухня,1.2,0.10945148107142473,8,1,0,0,normal
2026-01-30T09:00:00,Микроволновка,Кухня,1.2,0.0351616244679631,9,1,0,0,normal
2026-01-30T10:00:00,Микроволновка,Кухня,1.2,0.1615409527920883,10,1,0,0,normal
2026-01-30T11:00:00,Микроволновка,Кухня,1.2,0.09158911646777344,11,1,0,0,normal
2026-01-30T12:00:00,Микроволновка,Кухня,1.2,0.17359556603463122,12,1,0,0,normal
2026-01-30T13:00:00,Микроволновка,Кухня,1.2,0.04395675500579621,13,1,0,0,normal
2026-01-30T14:00:00,Микроволновка,Кухня,1.2,0.05955757964089465,14,1,0,0,normal
2026-01-30T15:00:00,Микроволновка,Кухня,1.2,0.061548343547838426,15,1,0,0,normal
2026-01-30T16:00:00,Микроволновка,Кухня,1.2,0.23386104494907853,16,1,0,0,normal
2026-01-30T17:00:00,Микроволновка,Кухня,1.2,0.08401414333046235,17,1,0,0,normal
2026-01-30T18:00:00,Микроволновка,Кухня,1.2,0.29825152347668177,18,1,0,0,normal
2026-01-30T19:00:00,Микроволновка,Кухня,1.2,0.2982147829220499,19,1,0,0,normal
2026-01-30T20:00:00,Микроволновка,Кухня,1.2,0.13808582129275176,20,1,0,0,normal
2026-01-30T21:00:00,Микроволновка,Кухня,1.2,0.05522342182884567,21,1,0,0,normal
2026-01-30T22:00:00,Микроволновка,Кухня,1.2,0.1051309513573347,22,1,0,0,normal
2026-01-30T23:00:00,Микроволновка,Кухня,1.2,0.0,23,1,0,0,normal
2026-01-31T00:00:00,Микроволновка,Кухня,1.2,0.0,0,2,0,0,normal
2026-01-31T01:00:00,Микроволновка,Кухня,1.2,0.0,1,2,0,0,normal
2026-01-31T02:00:00,Микроволновка,Кухня,1.2,0.058673374371002285,2,2,0,0,normal
2026-01-31T03:00:00,Микроволновка,Кухня,1.2,0.00648858787437862,3,2,0,0,normal
2026-01-31T04:00:00,Микроволновка,Кухня,1.2,0.024453079708757847,4,2,0,0,normal
2026-01-31T05:00:00,Микроволновка,Кухня,1.2,0.0,5,2,0,0,normal
2026-01-31T06:00:00,Микроволновка,Кухня,1.2,0.19391995747960195,6,2,0,0,normal
2026-01-31T07:00:00,Микроволновка,Кухня,1.2,0.27026856748287753,7,2,0,0,normal
2026-01-31T08:00:00,Микроволновка,Кухня,1.2,0.13443357052270116,8,2,0,0,normal
2026-01-31T09:00:00,Микроволновка,Кухня,1.2,0.05017628809721708,9,2,0,0,normal
2026-01-31T10:00:00,Микроволновка,Кухня,1.2,0.10202840947207698,10,2,0,0,normal
2026-01-31T11:00:00,Микроволновка,Кухня,1.2,0.05413185161061573,11,2,0,0,normal
2026-01-31T12:00:00,Микроволновка,Кухня,1.2,0.10721942278231333,12,2,0,0,normal
2026-01-31T13:00:00,Микроволновка,Кухня,1.2,0.08988308890638427,13,2,0,0,normal
2026-01-31T14:00:00,Микроволновка,Кухня,1.2,0.12397998646328952,14,2,0,0,normal
2026-01-31T15:00:00,Микроволновка,Кухня,1.2,0.010290061203372568,15,2,0,0,normal
2026-01-31T16:00:00,Микроволновка,Кухня,1.2,0.10355383058906312,16,2,0,0,normal
2026-01-31T17:00:00,Микроволновка,Кухня,1.2,0.22111644890935367,17,2,0,0,normal
2026-01-31T18:00:00,Микроволновка,Кухня,1.2,0.3793183352751453,18,2,0,0,normal
2026-01-31T19:00:00,Микроволновка,Кухня,1.2,0.3657044966788519,19,2,0,0,normal
2026-01-31T20:00:00,Микроволновка,Кухня,1.2,0.2635991274745576,20,2,0,0,normal
2026-01-31T21:00:00,Микроволновка,Кухня,1.2,0.09407823191185115,21,2,0,0,normal
2026-01-31T22:00:00,Микроволновка,Кухня,1.2,0.09411175732878119,22,2,0,0,normal
2026-01-31T23:00:00,Микроволновка,Кухня,1.2,0.01887919407077337,23,2,0,0,normal
2026-02-01T00:00:00,Микроволновка,Кухня,1.2,0.0,0,3,0,0,normal
2026-02-01T01:00:00,Микроволновка,Кухня,1.2,0.013214380668139939,1,3,0,0,normal
2026-02-01T02:00:00,Микроволновка,Кухня,1.2,0.0,2,3,0,0,normal
2026-02-01T03:00:00,Микроволновка,Кухня,1.2,0.030861560472918378,3,3,0,0,normal
2026-02-01T04:00:00,Микроволновка,Кухня,1.2,0.054648094875394286,4,3,0,0,normal
2026-02-01T05:00:00,Микроволновка,Кухня,1.2,0.0,5,3,0,0,normal
2026-02-01T06:00:00,Микроволновка,Кухня,1.2,0.07265289149951257,6,3,0,0,normal
2026-02-01T07:00:00,Микроволновка,Кухня,1.2,0.31174986285975553,7,3,0,0,normal
2026-02-01T08:00:00,Микроволновка,Кухня,1.2,0.10896680029949637,8,3,0,0,normal
2026-02-01T09:00:00,Микроволновка,Кухня,1.2,0.0,9,3,0,0,normal
2026-02-01T10:00:00,Микроволновка,Кухня,1.2,0.04196448627943915,10,3,0,0,normal
2026-02-01T11:00:00,Микроволновка,Кухня,1.2,0.12436477175656692,11,3,0,0,normal
2026-02-01T12:00:00,Микроволновка,Кухня,1.2,0.17756715662709713,12,3,0,0,normal
2026-02-01T13:00:00,Микроволновка,Кухня,1.2,0.09404268712582683,13,3,0,0,normal
2026-02-01T14:00:00,Микроволновка,Кухня,1.2,0.041953102738882815,14,3,0,0,normal
2026-02-01T15:00:00,Микроволновка,Кухня,1.2,0.0453084164840927,15,3,0,0,normal
2026-02-01T16:00:00,Микроволновка,Кухня,1.2,0.13805175704054223,16,3,0,0,normal
2026-02-01T17:00:00,Микроволновка,Кухня,1.2,0.23403200311094782,17,3,0,0,normal
2026-02-01T18:00:00,Микроволновка,Кухня,1.2,0.42047108937610544,18,3,0,0,normal
2026-02-01T19:00:00,Микроволновка,Кухня,1.2,0.42198411846786654,19,3,0,0,normal
2026-02-01T20:00:00,Микроволновка,Кухня,1.2,0.2802069452815096,20,3,0,0,normal
2026-02-01T21:00:00,Микроволновка,Кухня,1.2,0.18601015657984174,21,3,0,0,normal
2026-02-01T22:00:00,Микроволновка,Кухня,1.2,0.0011563214770194113,22,3,0,0,normal
2026-02-01T23:00:00,Микроволновка,Кухня,1.2,0.002435797929762411,23,3,0,0,normal
2026-02-02T00:00:00,Микроволновка,Кухня,1.2,0.0,0,4,0,0,normal
2026-02-02T01:00:00,Микроволновка,Кухня,1.2,0.0,1,4,0,0,normal
2026-02-02T02:00:00,Микроволновка,Кухня,1.2,0.0,2,4,0,0,normal
2026-02-02T03:00:00,Микроволновка,Кухня,1.2,0.019331033168248603,3,4,0,0,normal
2026-02-02T04:00:00,Микроволновка,Кухня,1.2,0.02360768609739124,4,4,0,0,normal
2026-02-02T05:00:00,Микроволновка,Кухня,1.2,0.0,5,4,0,0,normal
2026-02-02T06:00:00,Микроволновка,Кухня,1.2,0.09266264145705452,6,4,0,0,normal
2026-02-02T07:00:00,Микроволновка,Кухня,1.2,0.2630259823655,7,4,0,0,normal
2026-02-02T08:00:00,Микроволновка,Кухня,1.2,0.2201580367540003,8,4,0,0,normal
2026-02-02T09:00:00,Микроволновка,Кухня,1.2,0.004478465392959952,9,4,0,0,normal
2026-02-02T10:00:00,Микроволновка,Кухня,1.2,0.0,10,4,0,0,normal
2026-02-02T11:00:00,Микроволновка,Кухня,1.2,0.11558035127062247,11,4,0,0,normal
2026-02-02T12:00:00,Микроволновка,Кухня,1.2,0.12417495081424625,12,4,0,0,normal
2026-02-02T13:00:00,Микроволновка,Кухня,1.2,0.10905158117903561,13,4,0,0,normal
2026-02-02T14:00:00,Микроволновка,Кухня,1.2,0.008453327073386394,14,4,0,0,normal
2026-02-02T15:00:00,Микроволновка,Кухня,1.2,0.13090351029170855,15,4,0,0,normal
2026-02-02T16:00:00,Микроволновка,Кухня,1.2,0.01779290010503118,16,4,0,0,normal
2026-02-02T17:00:00,Микроволновка,Кухня,1.2,0.21657990670700977,17,4,0,0,normal
2026-02-02T18:00:00,Микроволновка,Кухня,1.2,0.34030005388772816,18,4,0,0,normal
2026-02-02T19:00:00,Микроволновка,Кухня,1.2,0.36191443333369233,19,4,0,0,normal
2026-02-02T20:00:00,Микроволновка,Кухня,1.2,0.27166657966080904,20,4,0,0,normal
2026-02-02T21:00:00,Микроволновка,Кухня,1.2,0.16185788361783113,21,4,0,1,stuck
2026-02-02T22:00:00,Микроволновка,Кухня,1.2,0.09273396790032512,22,4,0,1,stuck
2026-02-02T23:00:00,Микроволновка,Кухня,1.2,0.0,23,4,0,1,stuck
2026-02-03T00:00:00,Микроволновка,Кухня,1.2,0.051582391648142684,0,5,0,1,stuck
2026-02-03T01:00:00,Микроволновка,Кухня,1.2,0.0,1,5,0,1,stuck
2026-02-03T02:00:00,Микроволновка,Кухня,1.2,0.0010097277007627195,2,5,0,1,stuck
2026-02-03T03:00:00,Микроволновка,Кухня,1.2,0.015145618042687561,3,5,0,1,stuck
2026-02-03T04:00:00,Микроволновка,Кухня,1.2,0.0,4,5,0,1,stuck
2026-02-03T05:00:00,Микроволновка,Кухня,1.2,0.0,5,5,0,1,stuck
2026-02-03T06:00:00,Микроволновка,Кухня,1.2,0.1201940746665956,6,5,0,1,stuck
2026-02-03T07:00:00,Микроволновка,Кухня,1.2,0.2758944815492678,7,5,0,1,stuck
2026-02-03T08:00:00,Микроволновка,Кухня,1.2,0.20979557415609118,8,5,0,1,stuck
2026-02-03T09:00:00,Микроволновка,Кухня,1.2,0.08538900920626602,9,5,0,1,stuck
2026-02-03T10:00:00,Микроволновка,Кухня,1.2,0.06784179175177203,10,5,0,1,stuck
2026-02-03T11:00:00,Микроволновка,Кухня,1.2,0.13289075354701357,11,5,0,1,stuck
2026-02-03T12:00:00,Микроволновка,Кухня,1.2,0.19451818511532729,12,5,0,1,stuck
2026-02-03T13:00:00,Микроволновка,Кухня,1.2,0.10298304022036472,13,5,0,1,stuck
2026-02-03T14:00:00,Микроволновка,Кухня,1.2,0.03398978612283604,14,5,0,1,stuck
2026-02-03T15:00:00,Микроволновка,Кухня,1.2,0.049406270475800235,15,5,0,1,stuck
2026-02-03T16:00:00,Микроволновка,Кухня,1.2,0.1300892649511453,16,5,0,1,stuck
2026-02-03T17:00:00,Микроволновка,Кухня,1.2,0.23884630402924312,17,5,0,1,stuck
2026-02-03T18:00:00,Микроволновка,Кухня,1.2,0.3204419470139539,18,5,0,1,stuck
2026-02-03T19:00:00,Микроволновка,Кухня,1.2,0.4022144233798646,19,5,0,1,stuck
2026-02-03T20:00:00,Микроволновка,Кухня,1.2,0.29543561992337064,20,5,0,0,normal
2026-02-03T21:00:00,Микроволновка,Кухня,1.2,0.12260744948798756,21,5,0,0,normal
2026-02-03T22:00:00,Микроволновка,Кухня,1.2,0.031183925304768167,22,5,0,0,normal
2026-02-03T23:00:00,Микроволновка,Кухня,1.2,0.023026171870798234,23,5,0,0,normal
2026-02-04T00:00:00,Микроволновка,Кухня,1.2,0.0,0,6,0,0,normal
2026-02-04T01:00:00,Микроволновка,Кухня,1.2,0.0,1,6,0,0,normal
2026-02-04T02:00:00,Микроволновка,Кухня,1.2,0.0,2,6,0,0,normal
2026-02-04T03:00:00,Микроволновка,Кухня,1.2,0.016598199223435486,3,6,0,0,normal
2026-02-04T04:00:00,Микроволновка,Кухня,1.2,0.0074484943150867795,4,6,0,0,normal
2026-02-04T05:00:00,Микроволновка,Кухня,1.2,0.04582762534203371,5,6,0,0,normal
2026-02-04T06:00:00,Микроволновка,Кухня,1.2,0.16643345487770403,6,6,0,0,normal
2026-02-04T07:00:00,Микроволновка,Кухня,1.2,0.3476183806656266,7,6,0,0,normal
2026-02-04T08:00:00,Микроволновка,Кухня,1.2,0.14100170354168823,8,6,0,0,normal
2026-02-04T09:00:00,Микроволновка,Кухня,1.2,0.18938353436329447,9,6,0,0,normal
2026-02-04T10:00:00,Микроволновка,Кухня,1.2,0.0,10,6,0,0,normal
2026-02-04T11:00:00,Микроволновка,Кухня,1.2,0.1837351603254621,11,6,0,0,normal
2026-02-04T12:00:00,Микроволновка,Кухня,1.2,0.13975889516052087,12,6,0,0,normal
2026-02-04T13:00:00,Микроволновка,Кухня,1.2,0.19108335503087498,13,6,0,0,normal
2026-02-04T14:00:00,Микроволновка,Кухня,1.2,0.20294454486471053,14,6,0,0,normal
2026-02-04T15:00:00,Микроволновка,Кухня,1.2,0.09734107429673944,15,6,0,0,normal
2026-02-04T16:00:00,Микроволновка,Кухня,1.2,0.29142661502233064,16,6,0,0,normal
2026-02-04T17:00:00,Микроволновка,Кухня,1.2,0.21395746513317743,17,6,0,0,normal
2026-02-04T18:00:00,Микроволновка,Кухня,1.2,0.3335936964699729,18,6,0,0,normal
2026-02-04T19:00:00,Микроволновка,Кухня,1.2,0.5863060941750227,19,6,0,0,normal
2026-02-04T20:00:00,Микроволновка,Кухня,1.2,0.3047032427418698,20,6,0,0,normal
2026-02-04T21:00:00,Микроволновка,Кухня,1.2,0.1474696352424103,21,6,0,0,normal
2026-02-04T22:00:00,Микроволновка,Кухня,1.2,0.12241044013139071,22,6,0,0,normal
2026-02-04T23:00:00,Микроволновка,Кухня,1.2,0.16355712602965225,23,6,0,0,normal
2026-02-05T00:00:00,Микроволновка,Кухня,1.2,0.014833616738539824,0,0,0,0,normal
2026-02-05T01:00:00,Микроволновка,Кухня,1.2,0.0,1,0,0,0,normal
2026-02-05T02:00:00,Микроволновка,Кухня,1.2,0.05231749875531624,2,0,0,0,normal
2026-02-05T03:00:00,Микроволновка,Кухня,1.2,0.042239150876006104,3,0,0,0,normal
2026-02-05T04:00:00,Микроволновка,Кухня,1.2,0.04636016067383504,4,0,0,0,normal
2026-02-05T05:00:00,Микроволновка,Кухня,1.2,0.04205787181503725,5,0,0,0,normal
2026-02-05T06:00:00,Микроволновка,Кухня,1.2,0.01997437429745666,6,0,0,0,normal
2026-02-05T07:00:00,Микроволновка,Кухня,1.2,0.1297001174036512,7,0,0,0,normal
2026-02-05T08:00:00,Микроволновка,Кухня,1.2,0.19402914742695718,8,0,0,0,normal
2026-02-05T09:00:00,Микроволновка,Кухня,1.2,0.05923077478246186,9,0,0,0,normal
2026-02-05T10:00:00,Микроволновка,Кухня,1.2,0.0914876714957903,10,0,0,0,normal
2026-02-05T11:00:00,Микроволновка,Кухня,1.2,0.2024943183127106,11,0,0,0,normal
2026-02-05T12:00:00,Микроволновка,Кухня,1.2,0.22926119381205876,12,0,0,0,normal
2026-02-05T13:00:00,Микроволновка,Кухня,1.2,0.08647030879050673,13,0,0,0,normal
2026-02-05T14:00:00,Микроволновка,Кухня,1.2,0.1004905896800491,14,0,0,0,normal
2026-02-05T15:00:00,Микроволновка,Кухня,1.2,0.07004374196981683,15,0,0,0,normal
2026-02-05T16:00:00,Микроволновка,Кухня,1.2,0.06655042496083334,16,0,0,0,normal
2026-02-05T17:00:00,Микроволновка,Кухня,1.2,0.2646389060873179,17,0,0,0,normal
2026-02-05T18:00:00,Микроволновка,Кухня,1.2,0.41388344814546235,18,0,0,0,normal
2026-02-05T19:00:00,Микроволновка,Кухня,1.2,0.34314625607377264,19,0,0,0,normal
2026-02-05T20:00:00,Микроволновка,Кухня,1.2,0.24356331049460575,20,0,0,0,normal
2026-02-05T21:00:00,Микроволновка,Кухня,1.2,0.03130009015887681,21,0,0,0,normal
2026-02-05T22:00:00,Микроволновка,Кухня,1.2,0.027490752784298408,22,0,0,0,normal
2026-02-05T23:00:00,Микроволновка,Кухня,1.2,0.0,23,0,0,0,normal
2026-02-06T00:00:00,Микроволновка,Кухня,1.2,0.0,0,1,0,0,normal
2026-02-06T01:00:00,Микроволновка,Кухня,1.2,0.01744732327447155,1,1,0,0,normal
2026-02-06T02:00:00,Микроволновка,Кухня,1.2,0.0,2,1,0,0,normal
2026-02-06T03:00:00,Микроволновка,Кухня,1.2,0.0,3,1,0,0,normal
2026-02-06T04:00:00,Микроволновка,Кухня,1.2,0.0,4,1,0,0,normal
2026-02-06T05:00:00,Микроволновка,Кухня,1.2,0.0,5,1,0,0,normal
2026-02-06T06:00:00,Микроволновка,Кухня,1.2,0.012452316466291425,6,1,0,0,normal
2026-02-06T07:00:00,Микроволновка,Кухня,1.2,0.2657839352115513,7,1,0,0,normal
2026-02-06T08:00:00,Микроволновка,Кухня,1.2,0.21585818346599597,8,1,0,0,normal
2026-02-06T09:00:00,Микроволновка,Кухня,1.2,0.0682275721238801,9,1,0,0,normal
2026-02-06T10:00:00,Микроволновка,Кухня,1.2,0.043425049053762564,10,1,0,0,normal
2026-02-06T11:00:00,Микроволновка,Кухня,1.2,0.13242625027989013,11,1,0,0,normal
2026-02-06T12:00:00,Микроволновка,Кухня,1.2,0.15115755128437341,12,1,0,0,normal
2026-02-06T13:00:00,Микроволновка,Кухня,1.2,0.13123854529114648,13,1,0,1,drift
2026-02-06T14:00:00,Микроволновка,Кухня,1.2,0.005120393437885121,14,1,0,1,drift
2026-02-06T15:00:00,Микроволновка,Кухня,1.2,0.10455339144766815,15,1,0,1,drift
2026-02-06T16:00:00,Микроволновка,Кухня,1.2,0.1765085844650422,16,1,0,1,drift
2026-02-06T17:00:00,Микроволновка,Кухня,1.2,0.13107892656075268,17,1,0,1,drift
2026-02-06T18:00:00,Микроволновка,Кухня,1.2,0.44455171520272624,18,1,0,1,drift
2026-02-06T19:00:00,Микроволновка,Кухня,1.2,0.4156423501791116,19,1,0,1,drift
2026-02-06T20:00:00,Микроволновка,Кухня,1.2,0.3215936769129498,20,1,0,1,drift
2026-02-06T21:00:00,Микроволновка,Кухня,1.2,0.11861068546886067,21,1,0,1,drift
2026-02-06T22:00:00,Микроволновка,Кухня,1.2,0.06884949287747555,22,1,0,1,drift
2026-02-06T23:00:00,Микроволновка,Кухня,1.2,0.059491459437285024,23,1,0,1,drift
2026-02-07T00:00:00,Микроволновка,Кухня,1.2,0.0738829928850119,0,2,0,1,drift
2026-02-07T01:00:00,Микроволновка,Кухня,1.2,0.010297795394923788,1,2,0,1,drift
2026-02-07T02:00:00,Микроволновка,Кухня,1.2,0.0,2,2,0,1,drift
2026-02-07T03:00:00,Микроволновка,Кухня,1.2,0.028059943306584924,3,2,0,1,drift
2026-02-07T04:00:00,Микроволновка,Кухня,1.2,0.0,4,2,0,1,drift
2026-02-07T05:00:00,Микроволновка,Кухня,1.2,0.018381667186595996,5,2,0,1,drift
2026-02-07T06:00:00,Микроволновка,Кухня,1.2,0.0406812670807775,6,2,0,1,drift
2026-02-07T07:00:00,Микроволновка,Кухня,1.2,0.13682003920319466,7,2,0,1,drift
2026-02-07T08:00:00,Микроволновка,Кухня,1.2,0.067197726963316,8,2,0,1,drift
2026-02-07T09:00:00,Микроволновка,Кухня,1.2,0.052334252380962204,9,2,0,1,drift
2026-02-07T10:00:00,Микроволновка,Кухня,1.2,0.02533228383543742,10,2,0,1,drift
2026-02-07T11:00:00,Микроволновка,Кухня,1.2,0.12598735582007967,11,2,0,1,drift
2026-02-07T12:00:00,Микроволновка,Кухня,1.2,0.19153761166335107,12,2,0,1,drift
2026-02-07T13:00:00,Микроволновка,Кухня,1.2,0.05741715369270164,13,2,0,1,drift
2026-02-07T14:00:00,Микроволновка,Кухня,1.2,0.1367882792715804,14,2,0,1,drift
2026-02-07T15:00:00,Микроволновка,Кухня,1.2,0.031214953546344102,15,2,0,1,drift
2026-02-07T16:00:00,Микроволновка,Кухня,1.2,0.1185739372005861,16,2,0,1,drift
2026-02-07T17:00:00,Микроволновка,Кухня,1.2,0.25069550575099125,17,2,0,1,drift
2026-02-07T18:00:00,Микроволновка,Кухня,1.2,0.21183703479476848,18,2,0,1,drift
2026-02-07T19:00:00,Микроволновка,Кухня,1.2,0.3635694326735428,19,2,0,0,normal
2026-02-07T20:00:00,Микроволновка,Кухня,1.2,0.32892586888978453,20,2,0,0,normal
2026-02-07T21:00:00,Микроволновка,Кухня,1.2,0.03637832002323814,21,2,0,0,normal
2026-02-07T22:00:00,Микроволновка,Кухня,1.2,0.04811437953346826,22,2,0,0,normal
2026-02-07T23:00:00,Микроволновка,Кухня,1.2,0.004649673617003376,23,2,0,0,normal
2026-02-08T00:00:00,Микроволновка,Кухня,1.2,0.01494165364823719,0,3,0,0,normal
2026-02-08T01:00:00,Микроволновка,Кухня,1.2,0.0,1,3,0,0,normal
2026-02-08T02:00:00,Микроволновка,Кухня,1.2,0.0,2,3,0,0,normal
2026-02-08T03:00:00,Микроволновка,Кухня,1.2,0.0,3,3,0,0,normal
2026-02-08T04:00:00,Микроволновка,Кухня,1.2,0.0,4,3,0,0,normal
2026-02-08T05:00:00,Микроволновка,Кухня,1.2,0.1021969879438929,5,3,0,0,normal
2026-02-08T06:00:00,Микроволновка,Кухня,1.2,0.1384639654485674,6,3,0,0,normal
2026-02-08T07:00:00,Микроволновка,Кухня,1.2,0.2340485988755888,7,3,0,0,normal
2026-02-08T08:00:00,Микроволновка,Кухня,1.2,0.19089111176654766,8,3,0,0,normal
2026-02-08T09:00:00,Микроволновка,Кухня,1.2,0.031204280130625546,9,3,0,0,normal
2026-02-08T10:00:00,Микроволновка,Кухня,1.2,0.0,10,3,0,0,normal
2026-02-08T11:00:00,Микроволновка,Кухня,1.2,0.22326597783107144,11,3,0,0,normal
2026-02-08T12:00:00,Микроволновка,Кухня,1.2,0.21497373235641754,12,3,0,0,normal
2026-02-08T13:00:00,Микроволновка,Кухня,1.2,0.11246513584724263,13,3,0,0,normal
2026-02-08T14:00:00,Микроволновка,Кухня,1.2,0.06906395863454394,14,3,0,0,normal
2026-02-08T15:00:00,Микроволновка,Кухня,1.2,0.10174072749094785,15,3,0,0,normal
2026-02-08T16:00:00,Микроволновка,Кухня,1.2,0.05814636859558761,16,3,0,0,normal
2026-02-08T17:00:00,Микроволновка,Кухня,1.2,0.19545111966669867,17,3,0,0,normal
2026-02-08T18:00:00,Микроволновка,Кухня,1.2,0.33125232434277463,18,3,0,0,normal
2026-02-08T19:00:00,Микроволновка,Кухня,1.2,0.43056841680681895,19,3,0,0,normal
2026-02-08T20:00:00,Микроволновка,Кухня,1.2,0.21311461881628196,20,3,0,0,normal
2026-02-08T21:00:00,Микроволновка,Кухня,1.2,0.08378724939683488,21,3,0,0,normal
2026-02-08T22:00:00,Микроволновка,Кухня,1.2,0.10587441670698533,22,3,0,0,normal
2026-02-08T23:00:00,Микроволновка,Кухня,1.2,0.0463095606255114,23,3,0,0,normal
2026-02-09T00:00:00,Микроволновка,Кухня,1.2,0.0,0,4,0,0,normal
2026-02-09T01:00:00,Микроволновка,Кухня,1.2,0.010823338871756676,1,4,0,0,normal
2026-02-09T02:00:00,Микроволновка,Кухня,1.2,0.0,2,4,0,0,normal
2026-02-09T03:00:00,Микроволновка,Кухня,1.2,0.0,3,4,0,0,normal
2026-02-09T04:00:00,Микроволновка,Кухня,1.2,0.0,4,4,0,0,normal
2026-02-09T05:00:00,Микроволновка,Кухня,1.2,0.06372245487999474,5,4,0,0,normal
2026-02-09T06:00:00,Микроволновка,Кухня,1.2,0.2021915424576198,6,4,0,0,normal
2026-02-09T07:00:00,Микроволновка,Кухня,1.2,0.1729334251061699,7,4,0,0,normal
2026-02-09T08:00:00,Микроволновка,Кухня,1.2,0.18369762609174803,8,4,0,0,normal
2026-02-09T09:00:00,Микроволновка,Кухня,1.2,0.11068348910107008,9,4,0,0,normal
2026-02-09T10:00:00,Микроволновка,Кухня,1.2,0.06355966749060407,10,4,0,0,normal
2026-02-09T11:00:00,Микроволновка,Кухня,1.2,0.056477612800076224,11,4,0,0,normal
2026-02-09T12:00:00,Микроволновка,Кухня,1.2,0.10428016524912678,12,4,0,0,normal
2026-02-09T13:00:00,Микроволновка,Кухня,1.2,0.12187086700976058,13,4,0,0,normal
2026-02-09T14:00:00,Микроволновка,Кухня,1.2,0.07059662648177263,14,4,0,0,normal
2026-02-09T15:00:00,Микроволновка,Кухня,1.2,0.18692188869171997,15,4,0,0,normal
2026-02-09T16:00:00,Микроволновка,Кухня,1.2,0.06879781497581013,16,4,0,0,normal
2026-02-09T17:00:00,Микроволновка,Кухня,1.2,0.3081861518384966,17,4,0,0,normal
2026-02-09T18:00:00,Микроволновка,Кухня,1.2,0.2959088113504813,18,4,0,0,normal
2026-02-09T19:00:00,Микроволновка,Кухня,1.2,0.32396425821262803,19,4,0,0,normal
2026-02-09T20:00:00,Микроволновка,Кухня,1.2,0.29016278193494033,20,4,0,0,normal
2026-02-09T21:00:00,Микроволновка,Кухня,1.2,0.09949975160625796,21,4,0,0,normal
2026-02-09T22:00:00,Микроволновка,Кухня,1.2,0.06555739551988418,22,4,0,0,normal
2026-02-09T23:00:00,Микроволновка,Кухня,1.2,0.06192850810604851,23,4,0,0,normal
2026-02-10T00:00:00,Микроволновка,Кухня,1.2,0.03841731398532136,0,5,0,0,normal
2026-02-10T01:00:00,Микроволновка,Кухня,1.2,0.09286916849998055,1,5,0,0,normal
2026-02-10T02:00:00,Микроволновка,Кухня,1.2,0.005673815604901535,2,5,0,0,normal
2026-02-10T03:00:00,Микроволновка,Кухня,1.2,0.0,3,5,0,0,normal
2026-02-10T04:00:00,Микроволновка,Кухня,1.2,0.01762825663303821,4,5,0,0,normal
2026-02-10T05:00:00,Микроволновка,Кухня,1.2,0.12120399731454208,5,5,0,0,normal
2026-02-10T06:00:00,Микроволновка,Кухня,1.2,0.17988720934906366,6,5,0,0,normal
2026-02-10T07:00:00,Микроволновка,Кухня,1.2,0.3132608839017967,7,5,0,0,normal
2026-02-10T08:00:00,Микроволновка,Кухня,1.2,0.13881392230263656,8,5,0,0,normal
2026-02-10T09:00:00,Микроволновка,Кухня,1.2,0.12699110920287537,9,5,0,0,normal
2026-02-10T10:00:00,Микроволновка,Кухня,1.2,0.0781286456097308,10,5,0,0,normal
2026-02-10T11:00:00,Микроволновка,Кухня,1.2,0.2004784032308973,11,5,0,0,normal
2026-02-10T12:00:00,Микроволновка,Кухня,1.2,0.25342583010139286,12,5,0,0,normal
2026-02-10T13:00:00,Микроволновка,Кухня,1.2,0.19144386856809173,13,5,0,0,normal
2026-02-10T14:00:00,Микроволновка,Кухня,1.2,0.07036870511118684,14,5,0,0,normal
2026-02-10T15:00:00,Микроволновка,Кухня,1.2,0.10429887348502191,15,5,0,0,normal
2026-02-10T16:00:00,Микроволновка,Кухня,1.2,0.0686735438281812,16,5,0,0,normal
2026-02-10T17:00:00,Микроволновка,Кухня,1.2,0.2821466056676933,17,5,0,0,normal
2026-02-10T18:00:00,Микроволновка,Кухня,1.2,0.46916365764517504,18,5,0,0,normal
2026-02-10T19:00:00,Микроволновка,Кухня,1.2,0.4610245578242468,19,5,0,0,normal
2026-02-10T20:00:00,Микроволновка,Кухня,1.2,0.3088630189668404,20,5,0,0,normal
2026-02-10T21:00:00,Микроволновка,Кухня,1.2,0.15179405737561494,21,5,0,0,normal
2026-02-10T22:00:00,Микроволновка,Кухня,1.2,0.005384103773661704,22,5,0,0,normal
2026-02-10T23:00:00,Микроволновка,Кухня,1.2,0.014855151952782548,23,5,0,0,normal
2026-02-11T00:00:00,Микроволновка,Кухня,1.2,0.0,0,6,0,0,normal
2026-02-11T01:00:00,Микроволновка,Кухня,1.2,0.0,1,6,0,0,normal
2026-02-11T02:00:00,Микроволновка,Кухня,1.2,0.018427639366287475,2,6,0,0,normal
2026-02-11T03:00:00,Микроволновка,Кухня,1.2,0.0,3,6,0,0,normal
2026-02-11T04:00:00,Микроволновка,Кухня,1.2,0.04071711313269297,4,6,0,0,normal
2026-02-11T05:00:00,Микроволновка,Кухня,1.2,0.006832300485876919,5,6,0,0,normal
2026-02-11T06:00:00,Микроволновка,Кухня,1.2,0.03918397476731106,6,6,0,0,normal
2026-02-11T07:00:00,Микроволновка,Кухня,1.2,0.30036582397351036,7,6,0,0,normal
2026-02-11T08:00:00,Микроволновка,Кухня,1.2,0.1703611131734484,8,6,0,0,normal
2026-02-11T09:00:00,Микроволновка,Кухня,1.2,0.09782964732614433,9,6,0,0,normal
2026-02-11T10:00:00,Микроволновка,Кухня,1.2,0.10516740537169822,10,6,0,0,normal
2026-02-11T11:00:00,Микроволновка,Кухня,1.2,0.1591651611969659,11,6,0,0,normal
2026-02-11T12:00:00,Микроволновка,Кухня,1.2,0.17727041113458467,12,6,0,0,normal
2026-02-11T13:00:00,Микроволновка,Кухня,1.2,0.08718799479316197,13,6,0,0,normal
2026-02-11T14:00:00,Микроволновка,Кухня,1.2,0.05587579413235224,14,6,0,0,normal
2026-02-11T15:00:00,Микроволновка,Кухня,1.2,0.061004670386309016,15,6,0,0,normal
2026-02-11T16:00:00,Микроволновка,Кухня,1.2,0.1910443884585813,16,6,0,0,normal
2026-02-11T17:00:00,Микроволновка,Кухня,1.2,0.3622634443613165,17,6,0,0,normal
2026-02-11T18:00:00,Микроволновка,Кухня,1.2,0.394775936958855,18,6,0,0,normal
2026-02-11T19:00:00,Микроволновка,Кухня,1.2,0.4984640114010547,19,6,0,0,normal
2026-02-11T20:00:00,Микроволновка,Кухня,1.2,0.19795149107909363,20,6,0,0,normal
2026-02-11T21:00:00,Микроволновка,Кухня,1.2,0.15188629856452615,21,6,0,0,normal
2026-02-11T22:00:00,Микроволновка,Кухня,1.2,0.0,22,6,0,0,normal
2026-02-11T23:00:00,Микроволновка,Кухня,1.2,0.0,23,6,0,0,normal
2026-02-12T00:00:00,Микроволновка,Кухня,1.2,0.0,0,0,0,0,normal
2026-02-12T01:00:00,Микроволновка,Кухня,1.2,0.0,1,0,0,0,normal
2026-02-12T02:00:00,Микроволновка,Кухня,1.2,0.0,2,0,0,0,normal
2026-02-12T03:00:00,Микроволновка,Кухня,1.2,0.0,3,0,0,0,normal
2026-02-12T04:00:00,Микроволновка,Кухня,1.2,0.020020309878331033,4,0,0,0,normal
2026-02-12T05:00:00,Микроволновка,Кухня,1.2,0.03445001310239318,5,0,0,0,normal
2026-02-12T06:00:00,Микроволновка,Кухня,1.2,0.10024426856391515,6,0,0,0,normal
2026-02-12T07:00:00,Микроволновка,Кухня,1.2,0.2644061270566439,7,0,0,0,normal
2026-02-12T08:00:00,Микроволновка,Кухня,1.2,0.0703707789912456,8,0,0,0,normal
2026-02-12T09:00:00,Микроволновка,Кухня,1.2,0.0,9,0,0,0,normal
2026-02-12T10:00:00,Микроволновка,Кухня,1.2,0.1316058793707609,10,0,0,0,normal
2026-02-12T11:00:00,Микроволновка,Кухня,1.2,0.09506430849178876,11,0,0,0,normal
2026-02-12T12:00:00,Микроволновка,Кухня,1.2,0.1749129973079635,12,0,0,0,normal
2026-02-12T13:00:00,Микроволновка,Кухня,1.2,0.12503275342017053,13,0,0,0,normal
2026-02-12T14:00:00,Микроволновка,Кухня,1.2,0.12543713568762752,14,0,0,0,normal
2026-02-12T15:00:00,Микроволновка,Кухня,1.2,0.04555833941875117,15,0,0,0,normal
2026-02-12T16:00:00,Микроволновка,Кухня,1.2,0.0,16,0,0,1,point_outlier
2026-02-12T17:00:00,Микроволновка,Кухня,1.2,0.2581084767911443,17,0,0,1,point_outlier
2026-02-12T18:00:00,Микроволновка,Кухня,1.2,0.43258598387872993,18,0,0,1,point_outlier
2026-02-12T19:00:00,Микроволновка,Кухня,1.2,0.3454953019106012,19,0,0,0,normal
2026-02-12T20:00:00,Микроволновка,Кухня,1.2,0.2928422022639226,20,0,0,0,normal
2026-02-12T21:00:00,Микроволновка,Кухня,1.2,0.01543453109175896,21,0,0,0,normal
2026-02-12T22:00:00,Микроволновка,Кухня,1.2,0.09550736581978903,22,0,0,0,normal
2026-02-12T23:00:00,Микроволновка,Кухня,1.2,0.0,23,0,0,0,normal
2026-02-13T00:00:00,Микроволновка,Кухня,1.2,0.0018908074408406647,0,1,0,0,normal
2026-02-13T01:00:00,Микроволновка,Кухня,1.2,0.0,1,1,0,0,normal
2026-02-13T02:00:00,Микроволновка,Кухня,1.2,0.028618544545890644,2,1,0,0,normal
2026-02-13T03:00:00,Микроволновка,Кухня,1.2,0.0,3,1,0,0,normal
2026-02-13T04:00:00,Микроволновка,Кухня,1.2,0.0,4,1,0,0,normal
2026-02-13T05:00:00,Микроволновка,Кухня,1.2,0.02178931255174655,5,1,0,0,normal
2026-02-13T06:00:00,Микроволновка,Кухня,1.2,0.05130634378487973,6,1,0,0,normal
2026-02-13T07:00:00,Микроволновка,Кухня,1.2,0.3477917416344288,7,1,0,0,normal
2026-02-13T08:00:00,Микроволновка,Кухня,1.2,0.18531116586091556,8,1,0,0,normal
2026-02-13T09:00:00,Микроволновка,Кухня,1.2,0.06491698654746281,9,1,0,0,normal
2026-02-13T10:00:00,Микроволновка,Кухня,1.2,0.07290678466503069,10,1,0,0,normal
2026-02-13T11:00:00,Микроволновка,Кухня,1.2,0.0951434426136287,11,1,0,0,normal
2026-02-13T12:00:00,Микроволновка,Кухня,1.2,0.14688064427244824,12,1,0,0,normal
2026-02-13T13:00:00,Микроволновка,Кухня,1.2,0.08166777560553616,13,1,0,0,normal
2026-02-13T14:00:00,Микроволновка,Кухня,1.2,0.15215937435321128,14,1,0,0,normal
2026-02-13T15:00:00,Микроволновка,Кухня,1.2,0.1012250936282649,15,1,0,0,normal
2026-02-13T16:00:00,Микроволновка,Кухня,1.2,0.11385343036419592,16,1,0,0,normal
2026-02-13T17:00:00,Микроволновка,Кухня,1.2,0.25203183244891625,17,1,0,0,normal
2026-02-13T18:00:00,Микроволновка,Кухня,1.2,0.4127500775911622,18,1,0,0,normal
2026-02-13T19:00:00,Микроволновка,Кухня,1.2,0.3977494510324834,19,1,0,0,normal
2026-02-13T20:00:00,Микроволновка,Кухня,1.2,0.319495288393077,20,1,0,0,normal
2026-02-13T21:00:00,Микроволновка,Кухня,1.2,0.10340575566585004,21,1,0,0,normal
2026-02-13T22:00:00,Микроволновка,Кухня,1.2,0.09737860706924521,22,1,0,0,normal
2026-02-13T23:00:00,Микроволновка,Кухня,1.2,0.0,23,1,0,0,normal
2026-02-14T00:00:00,Микроволновка,Кухня,1.2,0.04233644322207025,0,2,0,0,normal
2026-02-14T01:00:00,Микроволновка,Кухня,1.2,0.0,1,2,0,0,normal
2026-02-14T02:00:00,Микроволновка,Кухня,1.2,0.0,2,2,0,0,normal
2026-02-14T03:00:00,Микроволновка,Кухня,1.2,0.1674302787860623,3,2,0,0,normal
2026-02-14T04:00:00,Микроволновка,Кухня,1.2,0.033628657238114444,4,2,0,0,normal
2026-02-14T05:00:00,Микроволновка,Кухня,1.2,0.02946058108997201,5,2,0,0,normal
2026-02-14T06:00:00,Микроволновка,Кухня,1.2,0.11130807784756955,6,2,0,0,normal
2026-02-14T07:00:00,Микроволновка,Кухня,1.2,0.3048554326706226,7,2,0,0,normal
2026-02-14T08:00:00,Микроволновка,Кухня,1.2,0.13705655136663272,8,2,0,0,normal
2026-02-14T09:00:00,Микроволновка,Кухня,1.2,0.03059095338698465,9,2,0,0,normal
2026-02-14T10:00:00,Микроволновка,Кухня,1.2,0.0,10,2,0,0,normal
2026-02-14T11:00:00,Микроволновка,Кухня,1.2,0.09647494567572708,11,2,0,0,normal
2026-02-14T12:00:00,Микроволновка,Кухня,1.2,0.2263339578579876,12,2,0,0,normal
2026-02-14T13:00:00,Микроволновка,Кухня,1.2,0.180068625268662,13,2,0,0,normal
2026-02-14T14:00:00,Микроволновка,Кухня,1.2,0.02998503426632187,14,2,0,0,normal
2026-02-14T15:00:00,Микроволновка,Кухня,1.2,0.0,15,2,0,0,normal
2026-02-14T16:00:00,Микроволновка,Кухня,1.2,0.06765709346379684,16,2,0,0,normal
2026-02-14T17:00:00,Микроволновка,Кухня,1.2,0.23181415554843643,17,2,0,0,normal
2026-02-14T18:00:00,Микроволновка,Кухня,1.2,0.3519317462616191,18,2,0,0,normal
2026-02-14T19:00:00,Микроволновка,Кухня,1.2,0.42157892319399304,19,2,0,0,normal
2026-02-14T20:00:00,Микроволновка,Кухня,1.2,0.2959191668434805,20,2,0,0,normal
2026-02-14T21:00:00,Микроволновка,Кухня,1.2,0.13921764254746238,21,2,0,0,normal
2026-02-14T22:00:00,Микроволновка,Кухня,1.2,0.18966411664771496,22,2,0,0,normal
2026-02-14T23:00:00,Микроволновка,Кухня,1.2,0.0,23,2,0,0,normal
